species,class,order,family,mass_g,mass_kg,metabolic_rate_W,source
Anaxyrus americanus,Amphibia,Anura,Bufonidae,21.6,0.0216,0.00829,AnAge
Anaxyrus terrestris,Amphibia,Anura,Bufonidae,19.2,0.0192,0.00698,AnAge
Rhinella marina,Amphibia,Anura,Bufonidae,105,0.105,0.0303,AnAge
Hyla versicolor,Amphibia,Anura,Hylidae,6.97,0.00697,0.00433,AnAge
Pseudacris crucifer,Amphibia,Anura,Hylidae,0.9,0.0009,0.00105,AnAge
Xenopus laevis,Amphibia,Anura,Pipidae,63.6,0.0636,0.012,AnAge
Lithobates catesbeianus,Amphibia,Anura,Ranidae,51.2,0.0512,0.0134,AnAge
Lithobates pipiens,Amphibia,Anura,Ranidae,21.6,0.0216,0.00576,AnAge
Lithobates sylvaticus,Amphibia,Anura,Ranidae,7.8,0.0078,0.00416,AnAge
Ambystoma maculatum,Amphibia,Caudata,Ambystomatidae,12.8,0.0128,0.005,AnAge
Ambystoma tigrinum,Amphibia,Caudata,Ambystomatidae,3.21,0.00321,0.00196,AnAge
Amphiuma means,Amphibia,Caudata,Amphiumidae,199,0.199,0.00904,AnAge
Cryptobranchus alleganiensis,Amphibia,Caudata,Cryptobranchidae,358,0.358,0.0253,AnAge
Desmognathus quadramaculatus,Amphibia,Caudata,Plethodontidae,14.1,0.0141,0.00411,AnAge
Plethodon cinereus,Amphibia,Caudata,Plethodontidae,0.76,0.00076,9.9e-05,AnAge
Plethodon glutinosus,Amphibia,Caudata,Plethodontidae,4.2,0.0042,0.00191,AnAge
Salamandra salamandra,Amphibia,Caudata,Salamandridae,19.1,0.0191,0.00857,AnAge
Taricha granulosa,Amphibia,Caudata,Salamandridae,12.2,0.0122,0.00518,AnAge
Accipiter nisus,Aves,Accipitriformes,Accipitridae,135,0.135,0.9516,AnAge
Aquila chrysaetos,Aves,Accipitriformes,Accipitridae,3000,3,4.9929,AnAge
Buteo lineatus,Aves,Accipitriformes,Accipitridae,658,0.658,2.11,AnAge
Geranoaetus melanoleucus,Aves,Accipitriformes,Accipitridae,2860,2.86,5.1887,AnAge
Pernis apivorus,Aves,Accipitriformes,Accipitridae,652,0.652,2.36428,AnAge
Aix sponsa,Aves,Anseriformes,Anatidae,448,0.448,2.247,AnAge
Anas clypeata,Aves,Anseriformes,Anatidae,554,0.554,3.9209,AnAge
Anas crecca,Aves,Anseriformes,Anatidae,250,0.25,1.68388,AnAge
Anas penelope,Aves,Anseriformes,Anatidae,723,0.723,2.8538,AnAge
Anas platyrhynchos,Aves,Anseriformes,Anatidae,1020,1.02,4.068,AnAge
Anas rubripes,Aves,Anseriformes,Anatidae,904,0.904,3.6076,AnAge
Apus apus,Aves,Apodiformes,Apodidae,44.9,0.0449,0.4372,AnAge
Archilochus colubris,Aves,Apodiformes,Trochilidae,3.2,0.0032,0.07832,AnAge
Calypte anna,Aves,Apodiformes,Trochilidae,4.8,0.0048,0.1175,AnAge
Selasphorus rufus,Aves,Apodiformes,Trochilidae,3.8,0.0038,0.06853,AnAge
Selasphorus sasin,Aves,Apodiformes,Trochilidae,3.7,0.0037,0.06853,AnAge
Stellula calliope,Aves,Apodiformes,Trochilidae,3,0.003,0.06853,AnAge
Apteryx australis,Aves,Apterygiformes,Apterygidae,2380,2.38,4.029,AnAge
Chordeiles minor,Aves,Caprimulgiformes,Caprimulgidae,72,0.072,0.4421,AnAge
Phalaenoptilus nuttallii,Aves,Caprimulgiformes,Caprimulgidae,35,0.035,0.1566,AnAge
Uria aalge,Aves,Charadriiformes,Alcidae,956,0.956,6.8224,AnAge
Uria lomvia,Aves,Charadriiformes,Alcidae,989,0.989,6.8224,AnAge
Charadrius dubius,Aves,Charadriiformes,Charadriidae,36,0.036,0.416,AnAge
Haematopus ostralegus,Aves,Charadriiformes,Haematopodidae,449,0.449,2.91,AnAge
Anous stolidus,Aves,Charadriiformes,Laridae,138.7,0.1387,0.788095,AnAge
Gygis alba,Aves,Charadriiformes,Laridae,98.1,0.0981,0.82236,AnAge
Larus argentatus,Aves,Charadriiformes,Laridae,1000,1,4.817,AnAge
Larus canus,Aves,Charadriiformes,Laridae,431,0.431,2.257,AnAge
Larus delawarensis,Aves,Charadriiformes,Laridae,439,0.439,2.91742,AnAge
Larus occidentalis,Aves,Charadriiformes,Laridae,761,0.761,3.43629,AnAge
Arenaria interpres,Aves,Charadriiformes,Scolopacidae,90,0.09,0.92,AnAge
Scolopax minor,Aves,Charadriiformes,Scolopacidae,156.7,0.1567,1.066,AnAge
Scolopax rusticola,Aves,Charadriiformes,Scolopacidae,430,0.43,2.16,AnAge
Leptotila verreauxi,Aves,Columbiformes,Columbidae,131,0.131,0.8884,AnAge
Leucosarcia melanoleuca,Aves,Columbiformes,Columbidae,445,0.445,1.695,AnAge
Streptopelia turtur,Aves,Columbiformes,Columbidae,154,0.154,1.138,AnAge
Zenaida macroura,Aves,Columbiformes,Columbidae,123,0.123,0.736,AnAge
Alcedo atthis,Aves,Coraciiformes,Alcedinidae,34.3,0.0343,0.378,AnAge
Cuculus canorus,Aves,Cuculiformes,Cuculidae,111.6,0.1116,0.838,AnAge
Geococcyx californianus,Aves,Cuculiformes,Cuculidae,284.7,0.2847,1.4661,AnAge
Falco subbuteo,Aves,Falconiformes,Falconidae,208,0.208,1.3014,AnAge
Callipepla gambelii,Aves,Galliformes,Odontophoridae,126.1,0.1261,0.755,AnAge
Bonasa umbellus,Aves,Galliformes,Phasianidae,644,0.644,2.3894,AnAge
Coturnix coturnix,Aves,Galliformes,Phasianidae,97,0.097,0.891,AnAge
Dendragapus obscurus,Aves,Galliformes,Phasianidae,1131,1.131,4.957,AnAge
Gallus gallus,Aves,Galliformes,Phasianidae,2710,2.71,6.005,AnAge
Lagopus lagopus,Aves,Galliformes,Phasianidae,567,0.567,2.872,AnAge
Perdix perdix,Aves,Galliformes,Phasianidae,501,0.501,2.1783,AnAge
Tetrao urogallus,Aves,Galliformes,Phasianidae,4010,4.01,11.816,AnAge
Fulica atra,Aves,Gruiformes,Rallidae,412,0.412,2.039,AnAge
Acrocephalus arundinaceus,Aves,Passeriformes,Acrocephalidae,21.9,0.0219,0.257,AnAge
Acrocephalus palustris,Aves,Passeriformes,Acrocephalidae,10.8,0.0108,0.203,AnAge
Acrocephalus schoenobaenus,Aves,Passeriformes,Acrocephalidae,11.5,0.0115,0.218,AnAge
Hippolais icterina,Aves,Passeriformes,Acrocephalidae,12.5,0.0125,0.252,AnAge
Aegithalos caudatus,Aves,Passeriformes,Aegithalidae,8.9,0.0089,0.199,AnAge
Psaltriparus minimus,Aves,Passeriformes,Aegithalidae,5.5,0.0055,0.122375,AnAge
Alauda arvensis,Aves,Passeriformes,Alaudidae,31.7,0.0317,0.722,AnAge
Eremophila alpestris,Aves,Passeriformes,Alaudidae,26,0.026,0.3133,AnAge
Lullula arborea,Aves,Passeriformes,Alaudidae,25.5,0.0255,0.572,AnAge
Bombycilla garrulus,Aves,Passeriformes,Bombycillidae,72.5,0.0725,0.9566,AnAge
Cardinalis cardinalis,Aves,Passeriformes,Cardinalidae,41,0.041,0.5163,AnAge
Cardinalis sinuatus,Aves,Passeriformes,Cardinalidae,32,0.032,0.396495,AnAge
Corvus corax,Aves,Passeriformes,Corvidae,1203,1.203,5.5656,AnAge
Corvus corone,Aves,Passeriformes,Corvidae,518,0.518,3.3531,AnAge
Corvus cryptoleucus,Aves,Passeriformes,Corvidae,640,0.64,3.86705,AnAge
Corvus frugilegus,Aves,Passeriformes,Corvidae,390,0.39,2.6433,AnAge
Garrulus glandarius,Aves,Passeriformes,Corvidae,153,0.153,1.39997,AnAge
Nucifraga caryocatactes,Aves,Passeriformes,Corvidae,147,0.147,1.346,AnAge
Pica hudsonia,Aves,Passeriformes,Corvidae,158.9,0.1589,1.196,AnAge
Pica nuttalli,Aves,Passeriformes,Corvidae,151.9,0.1519,1.471,AnAge
Emberiza citrinella,Aves,Passeriformes,Emberizidae,26.8,0.0268,0.436,AnAge
Emberiza hortulana,Aves,Passeriformes,Emberizidae,27,0.027,0.407,AnAge
Emberiza schoeniclus,Aves,Passeriformes,Emberizidae,17.6,0.0176,0.3,AnAge
Lonchura striata,Aves,Passeriformes,Estrildidae,10.3,0.0103,0.21538,AnAge
Acanthis flammea,Aves,Passeriformes,Fringillidae,14,0.014,0.2888,AnAge
Carpodacus erythrinus,Aves,Passeriformes,Fringillidae,21.6,0.0216,0.358,AnAge
Fringilla coelebs,Aves,Passeriformes,Fringillidae,21,0.021,0.373,AnAge
Fringilla montifringilla,Aves,Passeriformes,Fringillidae,21,0.021,0.383,AnAge
Haemorhous cassinii,Aves,Passeriformes,Fringillidae,27.4,0.0274,0.339,AnAge
Haemorhous mexicanus,Aves,Passeriformes,Fringillidae,20.4,0.0204,0.3108,AnAge
Hesperiphona vespertina,Aves,Passeriformes,Fringillidae,54.5,0.0545,0.7294,AnAge
Himatione sanguinea,Aves,Passeriformes,Fringillidae,13.5,0.0135,0.3,AnAge
Loxia curvirostra,Aves,Passeriformes,Fringillidae,39.4,0.0394,0.607,AnAge
Loxia leucoptera,Aves,Passeriformes,Fringillidae,29.8,0.0298,0.46992,AnAge
Serinus canaria,Aves,Passeriformes,Fringillidae,13.3,0.0133,0.230065,AnAge
Spinus pinus,Aves,Passeriformes,Fringillidae,14,0.014,0.3003,AnAge
Spinus tristis,Aves,Passeriformes,Fringillidae,13.6,0.0136,0.4108,AnAge
Hirundo rustica,Aves,Passeriformes,Hirundinidae,18,0.018,0.3158,AnAge
Riparia riparia,Aves,Passeriformes,Hirundinidae,13.6,0.0136,0.2328,AnAge
Icterus galbula,Aves,Passeriformes,Icteridae,37.5,0.0375,0.5052,AnAge
Molothrus ater,Aves,Passeriformes,Icteridae,42.5,0.0425,0.6315,AnAge
Lanius collurio,Aves,Passeriformes,Laniidae,27,0.027,0.383,AnAge
Lanius excubitor,Aves,Passeriformes,Laniidae,72.4,0.0724,0.8161,AnAge
Anthus pratensis,Aves,Passeriformes,Motacillidae,18.9,0.0189,0.3,AnAge
Anthus trivialis,Aves,Passeriformes,Motacillidae,19.7,0.0197,0.339,AnAge
Motacilla alba,Aves,Passeriformes,Motacillidae,18,0.018,0.3,AnAge
Motacilla flava,Aves,Passeriformes,Motacillidae,14.7,0.0147,0.257,AnAge
Erithacus rubecula,Aves,Passeriformes,Muscicapidae,17.6,0.0176,0.281,AnAge
Ficedula hypoleuca,Aves,Passeriformes,Muscicapidae,11.7,0.0117,0.232,AnAge
Muscicapa striata,Aves,Passeriformes,Muscicapidae,14.4,0.0144,0.2476,AnAge
Poecile atricapillus,Aves,Passeriformes,Paridae,10.3,0.0103,0.252,AnAge
Geothlypis trichas,Aves,Passeriformes,Parulidae,10.6,0.0106,0.17622,AnAge
Leiothlypis celata,Aves,Passeriformes,Parulidae,9.3,0.0093,0.151745,AnAge
Mniotilta varia,Aves,Passeriformes,Parulidae,8.2,0.0082,0.12727,AnAge
Parkesia noveboracensis,Aves,Passeriformes,Parulidae,18.7,0.0187,0.28391,AnAge
Protonotaria citrea,Aves,Passeriformes,Parulidae,12.8,0.0128,0.1994,AnAge
Seiurus aurocapilla,Aves,Passeriformes,Parulidae,19,0.019,0.24475,AnAge
Setophaga americana,Aves,Passeriformes,Parulidae,7,0.007,0.122375,AnAge
Setophaga caerulescens,Aves,Passeriformes,Parulidae,9.4,0.0094,0.18601,AnAge
Setophaga citrina,Aves,Passeriformes,Parulidae,12,0.012,0.21538,AnAge
Setophaga coronata,Aves,Passeriformes,Parulidae,11.5,0.0115,0.1895,AnAge
Setophaga dominica,Aves,Passeriformes,Parulidae,9.8,0.0098,0.1604,AnAge
Setophaga palmarum,Aves,Passeriformes,Parulidae,9.8,0.0098,0.1554,AnAge
Setophaga pinus,Aves,Passeriformes,Parulidae,12,0.012,0.1795,AnAge
Vermivora cyanoptera,Aves,Passeriformes,Parulidae,7.8,0.0078,0.1505,AnAge
Ammodramus savannarum,Aves,Passeriformes,Passerellidae,13.8,0.0138,0.1796,AnAge
Amphispiza bilineata,Aves,Passeriformes,Passerellidae,11.6,0.0116,0.1988,AnAge
Junco hyemalis,Aves,Passeriformes,Passerellidae,18,0.018,0.2959,AnAge
Melospiza georgiana,Aves,Passeriformes,Passerellidae,14.9,0.0149,0.211,AnAge
Melospiza melodia,Aves,Passeriformes,Passerellidae,19.1,0.0191,0.25,AnAge
Melozone aberti,Aves,Passeriformes,Passerellidae,46.6,0.0466,0.73425,AnAge
Melozone fusca,Aves,Passeriformes,Passerellidae,43.7,0.0437,0.670615,AnAge
Passerculus sandwichensis,Aves,Passeriformes,Passerellidae,15.9,0.0159,0.221,AnAge
Pooecetes gramineus,Aves,Passeriformes,Passerellidae,21.5,0.0215,0.27412,AnAge
Spizella passerina,Aves,Passeriformes,Passerellidae,11.9,0.0119,0.1945,AnAge
Zonotrichia albicollis,Aves,Passeriformes,Passerellidae,20.2,0.0202,0.278,AnAge
Zonotrichia leucophrys,Aves,Passeriformes,Passerellidae,26.1,0.0261,0.336,AnAge
Zonotrichia querula,Aves,Passeriformes,Passerellidae,33.3,0.0333,0.4552,AnAge
Passer montanus,Aves,Passeriformes,Passeridae,17.5,0.0175,0.2007,AnAge
Phylloscopus collybita,Aves,Passeriformes,Phylloscopidae,8.2,0.0082,0.165,AnAge
Phylloscopus trochilus,Aves,Passeriformes,Phylloscopidae,10.7,0.0107,0.208,AnAge
Prunella modularis,Aves,Passeriformes,Prunellidae,16.8,0.0168,0.325,AnAge
Regulus regulus,Aves,Passeriformes,Regulidae,5.5,0.0055,0.184,AnAge
Acridotheres cristatellus,Aves,Passeriformes,Sturnidae,109.4,0.1094,1.2092,AnAge
Sturnus vulgaris,Aves,Passeriformes,Sturnidae,75,0.075,0.877,AnAge
Sylvia borin,Aves,Passeriformes,Sylviidae,24.8,0.0248,0.416,AnAge
Sylvia curruca,Aves,Passeriformes,Sylviidae,10.6,0.0106,0.199,AnAge
Troglodytes troglodytes,Aves,Passeriformes,Troglodytidae,9,0.009,0.213,AnAge
Sialia mexicana,Aves,Passeriformes,Turdidae,27.5,0.0275,0.423,AnAge
Turdus iliacus,Aves,Passeriformes,Turdidae,58,0.058,0.722,AnAge
Turdus philomelos,Aves,Passeriformes,Turdidae,62.8,0.0628,0.726,AnAge
Contopus virens,Aves,Passeriformes,Tyrannidae,13.9,0.0139,0.2576,AnAge
Empidonax virescens,Aves,Passeriformes,Tyrannidae,12.3,0.0123,0.1795,AnAge
Myiarchus crinitus,Aves,Passeriformes,Tyrannidae,33.9,0.0339,0.384,AnAge
Sayornis phoebe,Aves,Passeriformes,Tyrannidae,21.6,0.0216,0.3449,AnAge
Tyrannus tyrannus,Aves,Passeriformes,Tyrannidae,35.7,0.0357,0.4372,AnAge
Botaurus lentiginosus,Aves,Pelecaniformes,Ardeidae,600,0.6,2.7412,AnAge
Melanerpes formicivorus,Aves,Piciformes,Picidae,73,0.073,0.737,AnAge
Picoides pubescens,Aves,Piciformes,Picidae,21.7,0.0217,0.383,AnAge
Diomedea exulans,Aves,Procellariiformes,Diomedeidae,8130,8.13,20.3649,AnAge
Phoebastria immutabilis,Aves,Procellariiformes,Diomedeidae,2522,2.522,7.462,AnAge
Thalassarche chrysostoma,Aves,Procellariiformes,Diomedeidae,3753,3.753,8.5312,AnAge
Bulweria bulwerii,Aves,Procellariiformes,Procellariidae,87,0.087,0.513975,AnAge
Puffinus nativitatis,Aves,Procellariiformes,Procellariidae,307.6,0.3076,1.48808,AnAge
Barnardius zonarius,Aves,Psittaciformes,Psittacidae,137,0.137,0.718,AnAge
Cacatua galerita,Aves,Psittaciformes,Psittacidae,776.1,0.7761,3.419,AnAge
Eolophus roseicapilla,Aves,Psittaciformes,Psittacidae,268.7,0.2687,1.248,AnAge
Melopsittacus undulatus,Aves,Psittaciformes,Psittacidae,25.2,0.0252,0.3035,AnAge
Myiopsitta monachus,Aves,Psittaciformes,Psittacidae,80.4,0.0804,0.5189,AnAge
Aptenodytes patagonicus,Aves,Sphenisciformes,Spheniscidae,13270,13.27,25.889,AnAge
Aegolius acadicus,Aves,Strigiformes,Strigidae,124,0.124,0.654,AnAge
Asio otus,Aves,Strigiformes,Strigidae,252,0.252,0.954,AnAge
Bubo scandiacus,Aves,Strigiformes,Strigidae,2026,2.026,4.2244,AnAge
Bubo virginianus,Aves,Strigiformes,Strigidae,1450,1.45,5.2442,AnAge
Megascops asio,Aves,Strigiformes,Strigidae,166,0.166,0.586,AnAge
Micrathene whitneyi,Aves,Strigiformes,Strigidae,45.9,0.0459,0.259435,AnAge
Strix occidentalis,Aves,Strigiformes,Strigidae,571,0.571,2.675,AnAge
Struthio camelus,Aves,Struthioniformes,Struthionidae,100000,100,69.6339,AnAge
Anhinga anhinga,Aves,Suliformes,Anhingidae,1040,1.04,3.2258,AnAge
Phalacrocorax auritus,Aves,Suliformes,Phalacrocoracidae,1330,1.33,5.6096,AnAge
Sula dactylatra,Aves,Suliformes,Sulidae,1289,1.289,5.5209,AnAge
Echinops telfairi,Mammalia,Afrosoricida,Tenrecidae,116.4,0.1164,0.75,AnAge
Geogale aurita,Mammalia,Afrosoricida,Tenrecidae,6.9,0.0069,0.043,AnAge
Hemicentetes semispinosus,Mammalia,Afrosoricida,Tenrecidae,116.4,0.1164,0.38,AnAge
Microgale dobsoni,Mammalia,Afrosoricida,Tenrecidae,44.6,0.0446,0.315,AnAge
Microgale talazaci,Mammalia,Afrosoricida,Tenrecidae,44,0.044,0.243,AnAge
Setifer setosus,Mammalia,Afrosoricida,Tenrecidae,427.6,0.4276,0.573,AnAge
Tenrec ecaudatus,Mammalia,Afrosoricida,Tenrecidae,650,0.65,0.729,AnAge
Antilocapra americana,Mammalia,Artiodactyla,Antilocapridae,34779.3,34.7793,50.973,AnAge
Bos taurus,Mammalia,Artiodactyla,Bovidae,347000,347,306.77,AnAge
Connochaetes taurinus,Mammalia,Artiodactyla,Bovidae,196500,196.5,230.073,AnAge
Kobus ellipsiprymnus,Mammalia,Artiodactyla,Bovidae,100000,100,148.949,AnAge
Madoqua kirkii,Mammalia,Artiodactyla,Bovidae,4290,4.29,11.966,AnAge
Oreamnos americanus,Mammalia,Artiodactyla,Bovidae,32000,32,46.414,AnAge
Ovis canadensis,Mammalia,Artiodactyla,Bovidae,67030.8,67.0308,114.674,AnAge
Philantomba monticola,Mammalia,Artiodactyla,Bovidae,4200,4.2,10.075,AnAge
Raphicerus campestris,Mammalia,Artiodactyla,Bovidae,9600,9.6,20.619,AnAge
Taurotragus oryx,Mammalia,Artiodactyla,Bovidae,141404,141.404,190.209,AnAge
Camelus dromedarius,Mammalia,Artiodactyla,Camelidae,407000,407,224.779,AnAge
Lama glama,Mammalia,Artiodactyla,Camelidae,115000,115,148.94,AnAge
Alces alces,Mammalia,Artiodactyla,Cervidae,325000,325,286.847,AnAge
Capreolus capreolus,Mammalia,Artiodactyla,Cervidae,21500,21.5,46.347,AnAge
Cervus elaphus,Mammalia,Artiodactyla,Cervidae,67000,67,112.43,AnAge
Odocoileus virginianus,Mammalia,Artiodactyla,Cervidae,61862.5,61.8625,123.447,AnAge
Rangifer tarandus,Mammalia,Artiodactyla,Cervidae,85000,85,119.66,AnAge
Sus scrofa,Mammalia,Artiodactyla,Suidae,135000,135,104.15,AnAge
Pecari tajacu,Mammalia,Artiodactyla,Tayassuidae,20500,20.5,33.165,AnAge
Tragulus javanicus,Mammalia,Artiodactyla,Tragulidae,1615.5,1.6155,4.883,AnAge
Ailurus fulgens,Mammalia,Carnivora,Ailuridae,5740,5.74,4.898,AnAge
Canis latrans,Mammalia,Carnivora,Canidae,10148.9,10.1489,19.423,AnAge
Canis mesomelas,Mammalia,Carnivora,Canidae,7720,7.72,21.533,AnAge
Cerdocyon thous,Mammalia,Carnivora,Canidae,5444,5.444,8.502,AnAge
Lycaon pictus,Mammalia,Carnivora,Canidae,8750,8.75,33.01,AnAge
Vulpes lagopus,Mammalia,Carnivora,Canidae,3600,3.6,7.665,AnAge
Vulpes macrotis,Mammalia,Carnivora,Canidae,1769,1.769,4.928,AnAge
Vulpes velox,Mammalia,Carnivora,Canidae,1769,1.769,4.948,AnAge
Vulpes vulpes,Mammalia,Carnivora,Canidae,4580.3,4.5803,13.731,AnAge
Vulpes zerda,Mammalia,Carnivora,Canidae,1159.2,1.1592,2.693,AnAge
Fossa fossana,Mammalia,Carnivora,Eupleridae,2260,2.26,5.02262,AnAge
Acinonyx jubatus,Mammalia,Carnivora,Felidae,38446.1,38.4461,61.77,AnAge
Leopardus pardalis,Mammalia,Carnivora,Felidae,10500,10.5,17.368,AnAge
Leopardus wiedii,Mammalia,Carnivora,Felidae,3600,3.6,5.227,AnAge
Leptailurus serval,Mammalia,Carnivora,Felidae,1012,1.012,1.44,AnAge
Lynx rufus,Mammalia,Carnivora,Felidae,9400,9.4,23.446,AnAge
Panthera leo,Mammalia,Carnivora,Felidae,98000,98,94.58,AnAge
Panthera onca,Mammalia,Carnivora,Felidae,50400,50.4,62.419,AnAge
Panthera tigris,Mammalia,Carnivora,Felidae,137900,137.9,133.859,AnAge
Puma concolor,Mammalia,Carnivora,Felidae,37200,37.2,49.326,AnAge
Puma yagouaroundi,Mammalia,Carnivora,Felidae,8400,8.4,9.69,AnAge
Galerella sanguinea,Mammalia,Carnivora,Herpestidae,519.6,0.5196,2.202,AnAge
Herpestes javanicus,Mammalia,Carnivora,Herpestidae,611,0.611,2.248,AnAge
Suricata suricatta,Mammalia,Carnivora,Herpestidae,850,0.85,1.729,AnAge
Hyaena hyaena,Mammalia,Carnivora,Hyaenidae,34300,34.3,31.954,AnAge
Proteles cristata,Mammalia,Carnivora,Hyaenidae,7902.6,7.9026,11.563,AnAge
Spilogale putorius,Mammalia,Carnivora,Mephitidae,624,0.624,1.674,AnAge
Eira barbara,Mammalia,Carnivora,Mustelidae,2950,2.95,6.811,AnAge
Enhydra lutris,Mammalia,Carnivora,Mustelidae,26832.8,26.8328,98.479,AnAge
Gulo gulo,Mammalia,Carnivora,Mustelidae,12700,12.7,31.765,AnAge
Lutra lutra,Mammalia,Carnivora,Mustelidae,10000,10,25.104,AnAge
Martes americana,Mammalia,Carnivora,Mustelidae,966.5,0.9665,3.579,AnAge
Martes martes,Mammalia,Carnivora,Mustelidae,920,0.92,4,AnAge
Meles meles,Mammalia,Carnivora,Mustelidae,11050,11.05,16.647,AnAge
Mustela erminea,Mammalia,Carnivora,Mustelidae,125.5,0.1255,1.276,AnAge
Mustela frenata,Mammalia,Carnivora,Mustelidae,225,0.225,1.344,AnAge
Neovison vison,Mammalia,Carnivora,Mustelidae,660,0.66,2.722,AnAge
Taxidea taxus,Mammalia,Carnivora,Mustelidae,9000,9,15.062,AnAge
Nandinia binotata,Mammalia,Carnivora,Nandiniidae,4270,4.27,5.565,AnAge
Histriophoca fasciata,Mammalia,Carnivora,Phocidae,54000,54,118.59,AnAge
Phoca vitulina,Mammalia,Carnivora,Phocidae,27400,27.4,73.29,AnAge
Bassariscus sumichrasti,Mammalia,Carnivora,Procyonidae,1280,1.28,3.537,AnAge
Nasua narica,Mammalia,Carnivora,Procyonidae,3670,3.67,6.733,AnAge
Nasua nasua,Mammalia,Carnivora,Procyonidae,3924.3,3.9243,5.591,AnAge
Potos flavus,Mammalia,Carnivora,Procyonidae,2318,2.318,4.294,AnAge
Procyon cancrivorus,Mammalia,Carnivora,Procyonidae,1160,1.16,2.588,AnAge
Procyon lotor,Mammalia,Carnivora,Procyonidae,4842.2,4.8422,10.428,AnAge
Melursus ursinus,Mammalia,Carnivora,Ursidae,66957,66.957,47.064,AnAge
Arctictis binturong,Mammalia,Carnivora,Viverridae,14280,14.28,12.747,AnAge
Arctogalidia trivirgata,Mammalia,Carnivora,Viverridae,2010,2.01,3.085,AnAge
Genetta tigrina,Mammalia,Carnivora,Viverridae,1699,1.699,4.189,AnAge
Paradoxurus hermaphroditus,Mammalia,Carnivora,Viverridae,3282.6,3.2826,5.534,AnAge
Phocoena phocoena,Mammalia,Cetacea,Phocoenidae,28500,28.5,107.675,AnAge
Saccopteryx bilineata,Mammalia,Chiroptera,Emballonuridae,7.8,0.0078,0.081,AnAge
Macroderma gigas,Mammalia,Chiroptera,Megadermatidae,126,0.126,0.639,AnAge
Miniopterus schreibersii,Mammalia,Chiroptera,Miniopteridae,10.9,0.0109,0.145,AnAge
Tadarida brasiliensis,Mammalia,Chiroptera,Molossidae,13.3,0.0133,0.117,AnAge
Noctilio leporinus,Mammalia,Chiroptera,Noctilionidae,61,0.061,0.4,AnAge
Artibeus jamaicensis,Mammalia,Chiroptera,Phyllostomidae,46.1,0.0461,0.359,AnAge
Artibeus lituratus,Mammalia,Chiroptera,Phyllostomidae,70.1,0.0701,0.602,AnAge
Carollia perspicillata,Mammalia,Chiroptera,Phyllostomidae,14.9,0.0149,0.24,AnAge
Desmodus rotundus,Mammalia,Chiroptera,Phyllostomidae,29.4,0.0294,0.194,AnAge
Glossophaga soricina,Mammalia,Chiroptera,Phyllostomidae,9.6,0.0096,0.164,AnAge
Macrotus californicus,Mammalia,Chiroptera,Phyllostomidae,11.7,0.0117,0.082,AnAge
Phyllostomus discolor,Mammalia,Chiroptera,Phyllostomidae,33.5,0.0335,0.267,AnAge
Phyllostomus hastatus,Mammalia,Chiroptera,Phyllostomidae,84.2,0.0842,0.559,AnAge
Platyrrhinus lineatus,Mammalia,Chiroptera,Phyllostomidae,21.9,0.0219,0.25,AnAge
Sturnira lilium,Mammalia,Chiroptera,Phyllostomidae,21.4,0.0214,0.237,AnAge
Cynopterus brachyotis,Mammalia,Chiroptera,Pteropodidae,37.2,0.0372,0.262,AnAge
Dobsonia moluccensis,Mammalia,Chiroptera,Pteropodidae,312.4,0.3124,1.411,AnAge
Pteropus giganteus,Mammalia,Chiroptera,Pteropodidae,562.2,0.5622,1.622,AnAge
Pteropus hypomelanus,Mammalia,Chiroptera,Pteropodidae,520.8,0.5208,1.618,AnAge
Pteropus poliocephalus,Mammalia,Chiroptera,Pteropodidae,598,0.598,1.768,AnAge
Pteropus pumilus,Mammalia,Chiroptera,Pteropodidae,194.2,0.1942,0.705,AnAge
Pteropus rodricensis,Mammalia,Chiroptera,Pteropodidae,254.5,0.2545,0.753,AnAge
Pteropus scapulatus,Mammalia,Chiroptera,Pteropodidae,362,0.362,1.353,AnAge
Pteropus vampyrus,Mammalia,Chiroptera,Pteropodidae,1024.3,1.0243,4.486,AnAge
Rousettus aegyptiacus,Mammalia,Chiroptera,Pteropodidae,146,0.146,0.684,AnAge
Antrozous pallidus,Mammalia,Chiroptera,Vespertilionidae,22,0.022,0.104,AnAge
Eptesicus fuscus,Mammalia,Chiroptera,Vespertilionidae,13.3,0.0133,0.113,AnAge
Myotis lucifugus,Mammalia,Chiroptera,Vespertilionidae,5.8,0.0058,0.051,AnAge
Myotis nigricans,Mammalia,Chiroptera,Vespertilionidae,3.7,0.0037,0.027,AnAge
Myotis velifer,Mammalia,Chiroptera,Vespertilionidae,11.9,0.0119,0.04,AnAge
Myotis vivesi,Mammalia,Chiroptera,Vespertilionidae,25,0.025,0.199,AnAge
Myotis yumanensis,Mammalia,Chiroptera,Vespertilionidae,5,0.005,0.047,AnAge
Plecotus auritus,Mammalia,Chiroptera,Vespertilionidae,10.2,0.0102,0.082,AnAge
Cabassous centralis,Mammalia,Cingulata,Dasypodidae,4061.7,4.0617,4.812,AnAge
Chaetophractus nationi,Mammalia,Cingulata,Dasypodidae,2150,2.15,3.118,AnAge
Chaetophractus vellerosus,Mammalia,Cingulata,Dasypodidae,1110,1.11,1.707,AnAge
Chaetophractus villosus,Mammalia,Cingulata,Dasypodidae,4540,4.54,4.508,AnAge
Dasypus novemcinctus,Mammalia,Cingulata,Dasypodidae,3413.7,3.4137,4.655,AnAge
Euphractus sexcinctus,Mammalia,Cingulata,Dasypodidae,8190,8.19,6.901,AnAge
Priodontes maximus,Mammalia,Cingulata,Dasypodidae,45190,45.19,16.892,AnAge
Tolypeutes matacus,Mammalia,Cingulata,Dasypodidae,1160,1.16,1.172,AnAge
Zaedyus pichiy,Mammalia,Cingulata,Dasypodidae,1740,1.74,2.192,AnAge
Antechinomys laniger,Mammalia,Dasyuromorphia,Dasyuridae,25.8,0.0258,0.141,AnAge
Antechinus flavipes,Mammalia,Dasyuromorphia,Dasyuridae,46.5,0.0465,0.252,AnAge
Antechinus stuartii,Mammalia,Dasyuromorphia,Dasyuridae,25,0.025,0.189,AnAge
Antechinus swainsonii,Mammalia,Dasyuromorphia,Dasyuridae,66.9,0.0669,0.351,AnAge
Dasycercus cristicauda,Mammalia,Dasyuromorphia,Dasyuridae,91,0.091,0.26,AnAge
Dasyuroides byrnei,Mammalia,Dasyuromorphia,Dasyuridae,100,0.1,0.439,AnAge
Dasyurus geoffroii,Mammalia,Dasyuromorphia,Dasyuridae,1326.7,1.3267,2.991,AnAge
Dasyurus hallucatus,Mammalia,Dasyuromorphia,Dasyuridae,571,0.571,1.501,AnAge
Dasyurus maculatus,Mammalia,Dasyuromorphia,Dasyuridae,1782,1.782,3.142,AnAge
Dasyurus viverrinus,Mammalia,Dasyuromorphia,Dasyuridae,945.3,0.9453,2.26,AnAge
Phascogale tapoatafa,Mammalia,Dasyuromorphia,Dasyuridae,153.7,0.1537,0.694,AnAge
Planigale gilesi,Mammalia,Dasyuromorphia,Dasyuridae,9.1,0.0091,0.058,AnAge
Planigale ingrami,Mammalia,Dasyuromorphia,Dasyuridae,8.8,0.0088,0.065,AnAge
Planigale maculata,Mammalia,Dasyuromorphia,Dasyuridae,10.6,0.0106,0.067,AnAge
Planigale tenuirostris,Mammalia,Dasyuromorphia,Dasyuridae,7.1,0.0071,0.063,AnAge
Pseudantechinus macdonnellensis,Mammalia,Dasyuromorphia,Dasyuridae,43.1,0.0431,0.152,AnAge
Sarcophilus harrisii,Mammalia,Dasyuromorphia,Dasyuridae,6126.8,6.1268,8.664,AnAge
Sminthopsis crassicaudata,Mammalia,Dasyuromorphia,Dasyuridae,16,0.016,0.121,AnAge
Sminthopsis macroura,Mammalia,Dasyuromorphia,Dasyuridae,20.6,0.0206,0.128,AnAge
Myrmecobius fasciatus,Mammalia,Dasyuromorphia,Myrmecobiidae,438.2,0.4382,0.907,AnAge
Caluromys derbianus,Mammalia,Didelphimorphia,Didelphidae,342.7,0.3427,1.194,AnAge
Chironectes minimus,Mammalia,Didelphimorphia,Didelphidae,940.5,0.9405,2.793,AnAge
Didelphis marsupialis,Mammalia,Didelphimorphia,Didelphidae,1244.3,1.2443,3.31,AnAge
Didelphis virginiana,Mammalia,Didelphimorphia,Didelphidae,2846.6,2.8466,5.299,AnAge
Lutreolina crassicaudata,Mammalia,Didelphimorphia,Didelphidae,812,0.812,2.265,AnAge
Marmosa robinsoni,Mammalia,Didelphimorphia,Didelphidae,122,0.122,0.547,AnAge
Metachirus nudicaudatus,Mammalia,Didelphimorphia,Didelphidae,336,0.336,1.144,AnAge
Monodelphis brevicaudata,Mammalia,Didelphimorphia,Didelphidae,91.5,0.0915,0.366,AnAge
Monodelphis domestica,Mammalia,Didelphimorphia,Didelphidae,104,0.104,0.335,AnAge
Philander opossum,Mammalia,Didelphimorphia,Didelphidae,751,0.751,1.886,AnAge
Acrobates pygmaeus,Mammalia,Diprotodontia,Acrobatidae,14,0.014,0.084,AnAge
Burramys parvus,Mammalia,Diprotodontia,Burramyidae,44.3,0.0443,0.205,AnAge
Cercartetus nanus,Mammalia,Diprotodontia,Burramyidae,64.8,0.0648,0.311,AnAge
Dendrolagus matschiei,Mammalia,Diprotodontia,Macropodidae,6960,6.96,7.96,AnAge
Lagorchestes conspicillatus,Mammalia,Diprotodontia,Macropodidae,2660,2.66,4.749,AnAge
Macropus eugenii,Mammalia,Diprotodontia,Macropodidae,4796,4.796,7.78,AnAge
Macropus robustus,Mammalia,Diprotodontia,Macropodidae,29647.9,29.6479,33.056,AnAge
Macropus rufus,Mammalia,Diprotodontia,Macropodidae,28500,28.5,31.353,AnAge
Setonix brachyurus,Mammalia,Diprotodontia,Macropodidae,2702.3,2.7023,4.695,AnAge
Gymnobelideus leadbeateri,Mammalia,Diprotodontia,Petauridae,166,0.166,0.574,AnAge
Petaurus breviceps,Mammalia,Diprotodontia,Petauridae,129.3,0.1293,0.517,AnAge
Spilocuscus maculatus,Mammalia,Diprotodontia,Phalangeridae,4250,4.25,6.27,AnAge
Trichosurus vulpecula,Mammalia,Diprotodontia,Phalangeridae,1993.5,1.9935,3.8,AnAge
Phascolarctos cinereus,Mammalia,Diprotodontia,Phascolarctidae,4732.4,4.7324,5.744,AnAge
Aepyprymnus rufescens,Mammalia,Diprotodontia,Potoroidae,2820,2.82,5.978,AnAge
Bettongia gaimardi,Mammalia,Diprotodontia,Potoroidae,1385,1.385,3.578,AnAge
Bettongia penicillata,Mammalia,Diprotodontia,Potoroidae,1018,1.018,3.132,AnAge
Potorous tridactylus,Mammalia,Diprotodontia,Potoroidae,1045.5,1.0455,2.556,AnAge
Petauroides volans,Mammalia,Diprotodontia,Pseudocheiridae,1140.5,1.1405,3.191,AnAge
Pseudocheirus peregrinus,Mammalia,Diprotodontia,Pseudocheiridae,859.3,0.8593,2.27,AnAge
Tarsipes rostratus,Mammalia,Diprotodontia,Tarsipedidae,10,0.01,0.162,AnAge
Lasiorhinus latifrons,Mammalia,Diprotodontia,Vombatidae,27348.2,27.3482,16.001,AnAge
Atelerix albiventris,Mammalia,Erinaceomorpha,Erinaceidae,450,0.45,0.828,AnAge
Echinosorex gymnura,Mammalia,Erinaceomorpha,Erinaceidae,721.2,0.7212,2.816,AnAge
Erinaceus concolor,Mammalia,Erinaceomorpha,Erinaceidae,822.7,0.8227,1.937,AnAge
Erinaceus europaeus,Mammalia,Erinaceomorpha,Erinaceidae,1213.5,1.2135,2.434,AnAge
Hemiechinus auritus,Mammalia,Erinaceomorpha,Erinaceidae,398.5,0.3985,0.845,AnAge
Paraechinus aethiopicus,Mammalia,Erinaceomorpha,Erinaceidae,451.5,0.4515,0.63,AnAge
Heterohyrax brucei,Mammalia,Hyracoidea,Procaviidae,1604.4,1.6044,3.872,AnAge
Procavia capensis,Mammalia,Hyracoidea,Procaviidae,2458,2.458,4.954,AnAge
Brachylagus idahoensis,Mammalia,Lagomorpha,Leporidae,432,0.432,2.145,AnAge
Lepus americanus,Mammalia,Lagomorpha,Leporidae,1603.4,1.6034,6.708,AnAge
Lepus californicus,Mammalia,Lagomorpha,Leporidae,2300,2.3,7.314,AnAge
Lepus timidus,Mammalia,Lagomorpha,Leporidae,3014.5,3.0145,8.443,AnAge
Lepus townsendii,Mammalia,Lagomorpha,Leporidae,2523.2,2.5232,7.698,AnAge
Oryctolagus cuniculus,Mammalia,Lagomorpha,Leporidae,2167.9,2.1679,7.395,AnAge
Sylvilagus audubonii,Mammalia,Lagomorpha,Leporidae,686.9,0.6869,2.506,AnAge
Ochotona princeps,Mammalia,Lagomorpha,Ochotonidae,109,0.109,0.932,AnAge
Elephantulus brachyrhynchus,Mammalia,Macroscelidea,Macroscelididae,45.3,0.0453,0.244,AnAge
Elephantulus edwardii,Mammalia,Macroscelidea,Macroscelididae,49.9,0.0499,0.303,AnAge
Elephantulus intufi,Mammalia,Macroscelidea,Macroscelididae,46.5,0.0465,0.29,AnAge
Elephantulus rozeti,Mammalia,Macroscelidea,Macroscelididae,49,0.049,0.288,AnAge
Elephantulus rufescens,Mammalia,Macroscelidea,Macroscelididae,53,0.053,0.317,AnAge
Macroscelides proboscideus,Mammalia,Macroscelidea,Macroscelididae,39,0.039,0.292,AnAge
Petrodromus tetradactylus,Mammalia,Macroscelidea,Macroscelididae,208,0.208,0.852,AnAge
Ornithorhynchus anatinus,Mammalia,Monotremata,Ornithorhynchidae,1030.3,1.0303,1.931,AnAge
Tachyglossus aculeatus,Mammalia,Monotremata,Tachyglossidae,2909,2.909,2.327,AnAge
Zaglossus bruijni,Mammalia,Monotremata,Tachyglossidae,11848.6,11.8486,6.493,AnAge
Echymipera rufescens,Mammalia,Peramelemorphia,Peramelidae,886.6,0.8866,2.255,AnAge
Isoodon auratus,Mammalia,Peramelemorphia,Peramelidae,428,0.428,0.837,AnAge
Isoodon macrourus,Mammalia,Peramelemorphia,Peramelidae,1551,1.551,3.202,AnAge
Isoodon obesulus,Mammalia,Peramelemorphia,Peramelidae,717,0.717,1.238,AnAge
Perameles gunnii,Mammalia,Peramelemorphia,Peramelidae,695,0.695,1.902,AnAge
Perameles nasuta,Mammalia,Peramelemorphia,Peramelidae,645,0.645,1.763,AnAge
Macrotis lagotis,Mammalia,Peramelemorphia,Thylacomyidae,1245.5,1.2455,2.4,AnAge
Equus asinus,Mammalia,Perissodactyla,Equidae,177500,177.5,164.92,AnAge
Manis crassicaudata,Mammalia,Pholidota,Manidae,15910,15.91,6.923,AnAge
Manis pentadactyla,Mammalia,Pholidota,Manidae,3637.5,3.6375,3.727,AnAge
Cyclopes didactylus,Mammalia,Pilosa,Cyclopedidae,240,0.24,0.636,AnAge
Choloepus hoffmanni,Mammalia,Pilosa,Megalonychidae,4005.2,4.0052,3.891,AnAge
Myrmecophaga tridactyla,Mammalia,Pilosa,Myrmecophagidae,30600,30.6,14.543,AnAge
Tamandua mexicana,Mammalia,Pilosa,Myrmecophagidae,3884.2,3.8842,5.124,AnAge
Tamandua tetradactyla,Mammalia,Pilosa,Myrmecophagidae,3500,3.5,5.015,AnAge
Aotus trivirgatus,Mammalia,Primates,Aotidae,914.5,0.9145,2.499,AnAge
Alouatta palliata,Mammalia,Primates,Atelidae,4670,4.67,11.464,AnAge
Callithrix jacchus,Mammalia,Primates,Callitrichidae,190,0.19,0.848,AnAge
Cebuella pygmaea,Mammalia,Primates,Callitrichidae,110.7,0.1107,0.599,AnAge
Saguinus geoffroyi,Mammalia,Primates,Callitrichidae,225,0.225,1.305,AnAge
Saimiri sciureus,Mammalia,Primates,Cebidae,836.7,0.8367,4.429,AnAge
Cercopithecus mitis,Mammalia,Primates,Cercopithecidae,8648.7,8.6487,19.276,AnAge
Colobus guereza,Mammalia,Primates,Cercopithecidae,10623.6,10.6236,17.037,AnAge
Erythrocebus patas,Mammalia,Primates,Cercopithecidae,3000,3,5.958,AnAge
Papio hamadryas,Mammalia,Primates,Cercopithecidae,12670.8,12.6708,21.095,AnAge
Cheirogaleus medius,Mammalia,Primates,Cheirogaleidae,300,0.3,1.088,AnAge
Euoticus elegantulus,Mammalia,Primates,Galagidae,261.5,0.2615,1.205,AnAge
Galago moholi,Mammalia,Primates,Galagidae,170,0.17,0.285,AnAge
Galago senegalensis,Mammalia,Primates,Galagidae,171.5,0.1715,0.764,AnAge
Galagoides demidoff,Mammalia,Primates,Galagidae,62.4,0.0624,0.372,AnAge
Otolemur crassicaudatus,Mammalia,Primates,Galagidae,993.5,0.9935,2.595,AnAge
Otolemur garnettii,Mammalia,Primates,Galagidae,1314,1.314,3.927,AnAge
Homo sapiens,Mammalia,Primates,Hominidae,70000,70,82.78,AnAge
Propithecus verreauxi,Mammalia,Primates,Indriidae,3350,3.35,3.738,AnAge
Eulemur fulvus,Mammalia,Primates,Lemuridae,2374.1,2.3741,4.239,AnAge
Arctocebus calabarensis,Mammalia,Primates,Lorisidae,206,0.206,0.731,AnAge
Loris tardigradus,Mammalia,Primates,Lorisidae,284,0.284,0.714,AnAge
Nycticebus coucang,Mammalia,Primates,Lorisidae,1128.6,1.1286,1.504,AnAge
Perodicticus potto,Mammalia,Primates,Lorisidae,968.6,0.9686,1.942,AnAge
Carlito syrichta,Mammalia,Primates,Tarsiidae,113,0.113,0.43,AnAge
Tarsius tarsier,Mammalia,Primates,Tarsiidae,173,0.173,0.831,AnAge
Elephas maximus,Mammalia,Proboscidea,Elephantidae,3672000,3672,2336.5,AnAge
Aplodontia rufa,Mammalia,Rodentia,Aplodontiidae,706.8,0.7068,1.892,AnAge
Cryptomys damarensis,Mammalia,Rodentia,Bathyergidae,131.3,0.1313,0.418,AnAge
Cryptomys hottentotus,Mammalia,Rodentia,Bathyergidae,78.9,0.0789,0.35,AnAge
Georychus capensis,Mammalia,Rodentia,Bathyergidae,193,0.193,0.637,AnAge
Heliophobius argenteocinereus,Mammalia,Rodentia,Bathyergidae,88.5,0.0885,0.43,AnAge
Heterocephalus glaber,Mammalia,Rodentia,Bathyergidae,35.3,0.0353,0.128,AnAge
Capromys pilorides,Mammalia,Rodentia,Capromyidae,2630,2.63,3.375,AnAge
Geocapromys brownii,Mammalia,Rodentia,Capromyidae,2456,2.456,4.11,AnAge
Geocapromys ingrahami,Mammalia,Rodentia,Capromyidae,775,0.775,1.483,AnAge
Cavia porcellus,Mammalia,Rodentia,Caviidae,639.1,0.6391,2.13,AnAge
Galea musteloides,Mammalia,Rodentia,Caviidae,322,0.322,1.473,AnAge
Hydrochoerus hydrochaeris,Mammalia,Rodentia,Caviidae,26385,26.385,36.754,AnAge
Kerodon rupestris,Mammalia,Rodentia,Caviidae,801,0.801,2.011,AnAge
Chinchilla lanigera,Mammalia,Rodentia,Chinchillidae,436.7,0.4367,1.31,AnAge
Lagostomus maximus,Mammalia,Rodentia,Chinchillidae,6794,6.794,10.623,AnAge
Alticola argentatus,Mammalia,Rodentia,Cricetidae,37.7,0.0377,0.675,AnAge
Arvicola amphibius,Mammalia,Rodentia,Cricetidae,94.7,0.0947,0.613,AnAge
Baiomys taylori,Mammalia,Rodentia,Cricetidae,7.2,0.0072,0.095,AnAge
Cricetus cricetus,Mammalia,Rodentia,Cricetidae,365.3,0.3653,1.251,AnAge
Dicrostonyx groenlandicus,Mammalia,Rodentia,Cricetidae,56.8,0.0568,0.459,AnAge
Eligmodontia typus,Mammalia,Rodentia,Cricetidae,17.5,0.0175,0.167,AnAge
Lasiopodomys brandtii,Mammalia,Rodentia,Cricetidae,40.2,0.0402,0.428,AnAge
Lemmus lemmus,Mammalia,Rodentia,Cricetidae,80,0.08,1.071,AnAge
Mesocricetus auratus,Mammalia,Rodentia,Cricetidae,108.2,0.1082,0.69,AnAge
Microtus agrestis,Mammalia,Rodentia,Cricetidae,25,0.025,0.367,AnAge
Microtus arvalis,Mammalia,Rodentia,Cricetidae,21.9,0.0219,0.343,AnAge
Microtus guentheri,Mammalia,Rodentia,Cricetidae,43.8,0.0438,0.447,AnAge
Microtus longicaudus,Mammalia,Rodentia,Cricetidae,32.5,0.0325,0.383,AnAge
Microtus ochrogaster,Mammalia,Rodentia,Cricetidae,48.2,0.0482,0.41,AnAge
Microtus oeconomus,Mammalia,Rodentia,Cricetidae,32.8,0.0328,0.566,AnAge
Microtus pennsylvanicus,Mammalia,Rodentia,Cricetidae,38.2,0.0382,0.428,AnAge
Microtus pinetorum,Mammalia,Rodentia,Cricetidae,24.8,0.0248,0.305,AnAge
Microtus richardsoni,Mammalia,Rodentia,Cricetidae,64.5,0.0645,0.701,AnAge
Microtus subterraneus,Mammalia,Rodentia,Cricetidae,17.8,0.0178,0.276,AnAge
Myodes glareolus,Mammalia,Rodentia,Cricetidae,21.5,0.0215,0.312,AnAge
Myodes rufocanus,Mammalia,Rodentia,Cricetidae,27.2,0.0272,0.321,AnAge
Myopus schisticolor,Mammalia,Rodentia,Cricetidae,26.4,0.0264,0.522,AnAge
Neotoma albigula,Mammalia,Rodentia,Cricetidae,177.6,0.1776,0.735,AnAge
Neotoma cinerea,Mammalia,Rodentia,Cricetidae,256.5,0.2565,1.152,AnAge
Neotoma lepida,Mammalia,Rodentia,Cricetidae,112.5,0.1125,0.46,AnAge
Ochrotomys nuttalli,Mammalia,Rodentia,Cricetidae,19.5,0.0195,0.151,AnAge
Ondatra zibethicus,Mammalia,Rodentia,Cricetidae,976.3,0.9763,4.363,AnAge
Onychomys torridus,Mammalia,Rodentia,Cricetidae,19.1,0.0191,0.165,AnAge
Peromyscus californicus,Mammalia,Rodentia,Cricetidae,47,0.047,0.267,AnAge
Peromyscus crinitus,Mammalia,Rodentia,Cricetidae,20.5,0.0205,0.162,AnAge
Peromyscus eremicus,Mammalia,Rodentia,Cricetidae,21,0.021,0.173,AnAge
Peromyscus leucopus,Mammalia,Rodentia,Cricetidae,22.3,0.0223,0.213,AnAge
Peromyscus maniculatus,Mammalia,Rodentia,Cricetidae,20.5,0.0205,0.219,AnAge
Peromyscus polionotus,Mammalia,Rodentia,Cricetidae,12,0.012,0.12,AnAge
Peromyscus truei,Mammalia,Rodentia,Cricetidae,33.1,0.0331,0.307,AnAge
Phenacomys intermedius,Mammalia,Rodentia,Cricetidae,21.5,0.0215,0.375,AnAge
Phodopus sungorus,Mammalia,Rodentia,Cricetidae,31.3,0.0313,0.313,AnAge
Phyllotis darwini,Mammalia,Rodentia,Cricetidae,47,0.047,0.333,AnAge
Podomys floridanus,Mammalia,Rodentia,Cricetidae,30.8,0.0308,0.288,AnAge
Reithrodon auritus,Mammalia,Rodentia,Cricetidae,78.7,0.0787,0.428,AnAge
Reithrodontomys megalotis,Mammalia,Rodentia,Cricetidae,9,0.009,0.13,AnAge
Scotinomys teguina,Mammalia,Rodentia,Cricetidae,12,0.012,0.174,AnAge
Sigmodon hispidus,Mammalia,Rodentia,Cricetidae,159.6,0.1596,1.085,AnAge
Ctenomys talarum,Mammalia,Rodentia,Ctenomyidae,121,0.121,0.611,AnAge
Cuniculus paca,Mammalia,Rodentia,Cuniculidae,9156,9.156,15.323,AnAge
Dasyprocta azarae,Mammalia,Rodentia,Dasyproctidae,3849,3.849,10.521,AnAge
Dasyprocta leporina,Mammalia,Rodentia,Dasyproctidae,2687,2.687,8.694,AnAge
Myoprocta acouchy,Mammalia,Rodentia,Dasyproctidae,914,0.914,2.804,AnAge
Jaculus jaculus,Mammalia,Rodentia,Dipodidae,75,0.075,0.515,AnAge
Jaculus orientalis,Mammalia,Rodentia,Dipodidae,139,0.139,0.775,AnAge
Napaeozapus insignis,Mammalia,Rodentia,Dipodidae,21.8,0.0218,0.22,AnAge
Sicista betulina,Mammalia,Rodentia,Dipodidae,10,0.01,0.179,AnAge
Zapus hudsonius,Mammalia,Rodentia,Dipodidae,26.1,0.0261,0.219,AnAge
Proechimys semispinosus,Mammalia,Rodentia,Echimyidae,498,0.498,1.75,AnAge
Thrichomys apereoides,Mammalia,Rodentia,Echimyidae,323,0.323,1.153,AnAge
Coendou prehensilis,Mammalia,Rodentia,Erethizontidae,3280,3.28,5.123,AnAge
Erethizon dorsatus,Mammalia,Rodentia,Erethizontidae,6871,6.871,13.675,AnAge
Geomys bursarius,Mammalia,Rodentia,Geomyidae,197,0.197,0.769,AnAge
Thomomys bottae,Mammalia,Rodentia,Geomyidae,143,0.143,0.67,AnAge
Thomomys talpoides,Mammalia,Rodentia,Geomyidae,97.6,0.0976,0.679,AnAge
Glis glis,Mammalia,Rodentia,Gliridae,174.4,0.1744,0.664,AnAge
Graphiurus murinus,Mammalia,Rodentia,Gliridae,38.4,0.0384,0.225,AnAge
Muscardinus avellanarius,Mammalia,Rodentia,Gliridae,23.5,0.0235,0.351,AnAge
Chaetodipus fallax,Mammalia,Rodentia,Heteromyidae,19.6,0.0196,0.15,AnAge
Chaetodipus formosus,Mammalia,Rodentia,Heteromyidae,15.1,0.0151,0.103,AnAge
Dipodomys agilis,Mammalia,Rodentia,Heteromyidae,60.6,0.0606,0.355,AnAge
Dipodomys deserti,Mammalia,Rodentia,Heteromyidae,105.8,0.1058,0.517,AnAge
Dipodomys heermanni,Mammalia,Rodentia,Heteromyidae,63.3,0.0633,0.408,AnAge
Dipodomys merriami,Mammalia,Rodentia,Heteromyidae,37.6,0.0376,0.246,AnAge
Dipodomys nitratoides,Mammalia,Rodentia,Heteromyidae,37.8,0.0378,0.204,AnAge
Dipodomys ordii,Mammalia,Rodentia,Heteromyidae,47.8,0.0478,0.339,AnAge
Microdipodops megacephalus,Mammalia,Rodentia,Heteromyidae,11,0.011,0.168,AnAge
Perognathus flavus,Mammalia,Rodentia,Heteromyidae,8.3,0.0083,0.097,AnAge
Perognathus longimembris,Mammalia,Rodentia,Heteromyidae,8.5,0.0085,0.061,AnAge
Perognathus parvus,Mammalia,Rodentia,Heteromyidae,19.2,0.0192,0.16,AnAge
Hystrix africaeaustralis,Mammalia,Rodentia,Hystricidae,11300,11.3,13.175,AnAge
Acomys cahirinus,Mammalia,Rodentia,Muridae,42,0.042,0.258,AnAge
Acomys russatus,Mammalia,Rodentia,Muridae,55.4,0.0554,0.24,AnAge
Apodemus agrarius,Mammalia,Rodentia,Muridae,21.2,0.0212,0.373,AnAge
Apodemus flavicollis,Mammalia,Rodentia,Muridae,28.3,0.0283,0.365,AnAge
Apodemus sylvaticus,Mammalia,Rodentia,Muridae,23.8,0.0238,0.264,AnAge
Conilurus penicillatus,Mammalia,Rodentia,Muridae,213.2,0.2132,0.908,AnAge
Desmodillus auricularis,Mammalia,Rodentia,Muridae,71.9,0.0719,0.49,AnAge
Gerbilliscus afra,Mammalia,Rodentia,Muridae,106.5,0.1065,1.016,AnAge
Gerbillus gerbillus,Mammalia,Rodentia,Muridae,29.7,0.0297,0.237,AnAge
Gerbillus nanus,Mammalia,Rodentia,Muridae,29.7,0.0297,0.129,AnAge
Gerbillus perpallidus,Mammalia,Rodentia,Muridae,56.3,0.0563,0.261,AnAge
Gerbillus pyramidum,Mammalia,Rodentia,Muridae,108.5,0.1085,0.454,AnAge
Hydromys chrysogaster,Mammalia,Rodentia,Muridae,900,0.9,2.97,AnAge
Meriones unguiculatus,Mammalia,Rodentia,Muridae,64.8,0.0648,0.546,AnAge
Micaelamys namaquensis,Mammalia,Rodentia,Muridae,62.6,0.0626,0.292,AnAge
Micromys minutus,Mammalia,Rodentia,Muridae,7.6,0.0076,0.201,AnAge
Mus minutoides,Mammalia,Rodentia,Muridae,8,0.008,0.129,AnAge
Mus musculus,Mammalia,Rodentia,Muridae,18,0.018,0.271,AnAge
Notomys alexis,Mammalia,Rodentia,Muridae,32.3,0.0323,0.252,AnAge
Otomys irroratus,Mammalia,Rodentia,Muridae,102,0.102,0.474,AnAge
Rattus fuscipes,Mammalia,Rodentia,Muridae,76,0.076,0.471,AnAge
Rattus lutreolus,Mammalia,Rodentia,Muridae,109,0.109,0.353,AnAge
Rattus norvegicus,Mammalia,Rodentia,Muridae,206.9,0.2069,1.404,AnAge
Rattus rattus,Mammalia,Rodentia,Muridae,117,0.117,0.77,AnAge
Rhabdomys pumilio,Mammalia,Rodentia,Muridae,39.6,0.0396,0.179,AnAge
Sekeetamys calurus,Mammalia,Rodentia,Muridae,63.6,0.0636,0.274,AnAge
Tatera indica,Mammalia,Rodentia,Muridae,86.9,0.0869,0.422,AnAge
Thallomys paedulcus,Mammalia,Rodentia,Muridae,132.4,0.1324,0.487,AnAge
Cricetomys gambianus,Mammalia,Rodentia,Nesomyidae,1686.7,1.6867,6.024,AnAge
Mystromys albicaudatus,Mammalia,Rodentia,Nesomyidae,93.8,0.0938,0.707,AnAge
Saccostomus campestris,Mammalia,Rodentia,Nesomyidae,68.1,0.0681,0.274,AnAge
Steatomys pratensis,Mammalia,Rodentia,Nesomyidae,37.5,0.0375,0.105,AnAge
Octodon degus,Mammalia,Rodentia,Octodontidae,199.6,0.1996,0.958,AnAge
Octodontomys gliroides,Mammalia,Rodentia,Octodontidae,154.1,0.1541,0.715,AnAge
Spalacopus cyanus,Mammalia,Rodentia,Octodontidae,126.2,0.1262,0.561,AnAge
Pedetes capensis,Mammalia,Rodentia,Pedetidae,2300,2.3,4.427,AnAge
Ammospermophilus leucurus,Mammalia,Rodentia,Sciuridae,94.1,0.0941,0.511,AnAge
Callospermophilus lateralis,Mammalia,Rodentia,Sciuridae,249.6,0.2496,0.967,AnAge
Callospermophilus saturatus,Mammalia,Rodentia,Sciuridae,256.6,0.2566,0.849,AnAge
Cynomys ludovicianus,Mammalia,Rodentia,Sciuridae,1112.3,1.1123,2.358,AnAge
Funisciurus anerythrus,Mammalia,Rodentia,Sciuridae,63,0.063,0.58,AnAge
Funisciurus congicus,Mammalia,Rodentia,Sciuridae,112.3,0.1123,0.533,AnAge
Glaucomys volans,Mammalia,Rodentia,Sciuridae,67.4,0.0674,0.414,AnAge
Heliosciurus rufobrachium,Mammalia,Rodentia,Sciuridae,230,0.23,0.744,AnAge
Ictidomys tridecemlineatus,Mammalia,Rodentia,Sciuridae,198.4,0.1984,0.983,AnAge
Marmota flaviventris,Mammalia,Rodentia,Sciuridae,4295,4.295,8.626,AnAge
Marmota monax,Mammalia,Rodentia,Sciuridae,2650,2.65,3.696,AnAge
Paraxerus cepapi,Mammalia,Rodentia,Sciuridae,223.6,0.2236,0.811,AnAge
Poliocitellus franklinii,Mammalia,Rodentia,Sciuridae,607,0.607,2.19,AnAge
Sciurus aberti,Mammalia,Rodentia,Sciuridae,624,0.624,2.402,AnAge
Sciurus carolinensis,Mammalia,Rodentia,Sciuridae,440,0.44,2.062,AnAge
Spermophilus citellus,Mammalia,Rodentia,Sciuridae,240,0.24,1.272,AnAge
Tamias amoenus,Mammalia,Rodentia,Sciuridae,55.7,0.0557,0.5,AnAge
Tamias minimus,Mammalia,Rodentia,Sciuridae,49.3,0.0493,0.349,AnAge
Tamias striatus,Mammalia,Rodentia,Sciuridae,89.6,0.0896,0.813,AnAge
Tamiasciurus hudsonicus,Mammalia,Rodentia,Sciuridae,219.6,0.2196,1.615,AnAge
Urocitellus beldingi,Mammalia,Rodentia,Sciuridae,293.7,0.2937,0.796,AnAge
Urocitellus richardsonii,Mammalia,Rodentia,Sciuridae,266.3,0.2663,0.788,AnAge
Xerospermophilus mohavensis,Mammalia,Rodentia,Sciuridae,240,0.24,0.629,AnAge
Xerospermophilus tereticaudus,Mammalia,Rodentia,Sciuridae,125.1,0.1251,0.501,AnAge
Xerus inauris,Mammalia,Rodentia,Sciuridae,528.5,0.5285,1.775,AnAge
Cannomys badius,Mammalia,Rodentia,Spalacidae,344,0.344,0.96,AnAge
Spalax ehrenbergi,Mammalia,Rodentia,Spalacidae,133.8,0.1338,0.585,AnAge
Tachyoryctes splendens,Mammalia,Rodentia,Spalacidae,197,0.197,0.856,AnAge
Ptilocercus lowii,Mammalia,Scandentia,Ptilocercidae,57.5,0.0575,0.24,AnAge
Tupaia glis,Mammalia,Scandentia,Tupaiidae,123,0.123,0.522,AnAge
Urogale everetti,Mammalia,Scandentia,Tupaiidae,260.6,0.2606,1.25,AnAge
Trichechus inunguis,Mammalia,Sirenia,Trichechidae,167594,167.594,55.015,AnAge
Trichechus manatus,Mammalia,Sirenia,Trichechidae,450000,450,70.0056,AnAge
Blarina brevicauda,Mammalia,Soricomorpha,Soricidae,20.9,0.0209,0.344,AnAge
Crocidura flavescens,Mammalia,Soricomorpha,Soricidae,33.2,0.0332,0.248,AnAge
Crocidura leucodon,Mammalia,Soricomorpha,Soricidae,11.7,0.0117,0.166,AnAge
Crocidura russula,Mammalia,Soricomorpha,Soricidae,10.8,0.0108,0.143,AnAge
Crocidura suaveolens,Mammalia,Soricomorpha,Soricidae,6.9,0.0069,0.112,AnAge
Cryptotis parva,Mammalia,Soricomorpha,Soricidae,6.3,0.0063,0.164,AnAge
Neomys anomalus,Mammalia,Soricomorpha,Soricidae,13.1,0.0131,0.373,AnAge
Neomys fodiens,Mammalia,Soricomorpha,Soricidae,16,0.016,0.328,AnAge
Sorex alpinus,Mammalia,Soricomorpha,Soricidae,7.8,0.0078,0.267,AnAge
Sorex araneus,Mammalia,Soricomorpha,Soricidae,8.4,0.0084,0.348,AnAge
Sorex cinereus,Mammalia,Soricomorpha,Soricidae,5.2,0.0052,0.238,AnAge
Sorex coronatus,Mammalia,Soricomorpha,Soricidae,9.1,0.0091,0.29,AnAge
Sorex minutus,Mammalia,Soricomorpha,Soricidae,4.1,0.0041,0.179,AnAge
Sorex ornatus,Mammalia,Soricomorpha,Soricidae,9.7,0.0097,0.292,AnAge
Sorex vagrans,Mammalia,Soricomorpha,Soricidae,5.2,0.0052,0.157,AnAge
Suncus etruscus,Mammalia,Soricomorpha,Soricidae,2.4,0.0024,0.063,AnAge
Suncus murinus,Mammalia,Soricomorpha,Soricidae,39.7,0.0397,0.403,AnAge
Condylura cristata,Mammalia,Soricomorpha,Talpidae,49,0.049,0.615,AnAge
Scalopus aquaticus,Mammalia,Soricomorpha,Talpidae,48,0.048,0.378,AnAge
Orycteropus afer,Mammalia,Tubulidentata,Orycteropodidae,48000,48,34.275,AnAge
Alligator mississippiensis,Reptilia,Crocodilia,Alligatoridae,1079,1.079,0.1539,AnAge
Sphenodon punctatus,Reptilia,Rhynchocephalia,Sphenodontidae,430,0.43,0.0605,AnAge
Elgaria multicarinata,Reptilia,Squamata,Anguidae,31.5,0.0315,0.0132,AnAge
Boa constrictor,Reptilia,Squamata,Boidae,3532,3.532,0.3589,AnAge
Natrix natrix,Reptilia,Squamata,Colubridae,94.2,0.0942,0.0295,AnAge
Dipsosaurus dorsalis,Reptilia,Squamata,Iguanidae,69.5,0.0695,0.0441,AnAge
Lacerta viridis,Reptilia,Squamata,Lacertidae,15.7,0.0157,0.00337,AnAge
Python molurus,Reptilia,Squamata,Pythonidae,12370,12.37,1.2661,AnAge
Python reticulatus,Reptilia,Squamata,Pythonidae,32000,32,2.7349,AnAge
Eumeces obsoletus,Reptilia,Squamata,Scincidae,30,0.03,0.0206,AnAge
Tiliqua scincoides,Reptilia,Squamata,Scincidae,493,0.493,0.2127,AnAge
Cnemidophorus tigris,Reptilia,Squamata,Teiidae,18,0.018,0.017,AnAge
Chrysemys picta,Reptilia,Testudines,Emydidae,400,0.4,0.0236,AnAge
Malaclemys terrapin,Reptilia,Testudines,Emydidae,720,0.72,0.140702,AnAge
Trachemys scripta,Reptilia,Testudines,Emydidae,240,0.24,0.1157,AnAge
Gopherus polyphemus,Reptilia,Testudines,Testudinidae,5500,5.5,0.579,AnAge
