geofips,name,population,wages_thousands_usd,year,source
10180,"Abilene, TX (Metropolitan Statistical Area)",165609,2498610,2010,BEA_CA30_via_Bettencourt2020
10420,"Akron, OH (Metropolitan Statistical Area)",703119,13626933,2010,BEA_CA30_via_Bettencourt2020
10500,"Albany, GA (Metropolitan Statistical Area)",157665,2366281,2010,BEA_CA30_via_Bettencourt2020
10540,"Albany, OR (Metropolitan Statistical Area)",116890,1524867,2010,BEA_CA30_via_Bettencourt2020
10580,"Albany-Schenectady-Troy, NY (Metropolitan Statistical Area)",871112,20301175,2010,BEA_CA30_via_Bettencourt2020
10740,"Albuquerque, NM (Metropolitan Statistical Area)*",889625,16176037,2010,BEA_CA30_via_Bettencourt2020
10780,"Alexandria, LA (Metropolitan Statistical Area)",154131,2441806,2010,BEA_CA30_via_Bettencourt2020
10900,"Allentown-Bethlehem-Easton, PA-NJ (Metropolitan Statistical Area)",822157,14760097,2010,BEA_CA30_via_Bettencourt2020
11020,"Altoona, PA (Metropolitan Statistical Area)",127051,2162391,2010,BEA_CA30_via_Bettencourt2020
11100,"Amarillo, TX (Metropolitan Statistical Area)",252725,4516140,2010,BEA_CA30_via_Bettencourt2020
11180,"Ames, IA (Metropolitan Statistical Area)",89633,1738191,2010,BEA_CA30_via_Bettencourt2020
11260,"Anchorage, AK (Metropolitan Statistical Area)",383166,9772401,2010,BEA_CA30_via_Bettencourt2020
11460,"Ann Arbor, MI (Metropolitan Statistical Area)",345563,8990423,2010,BEA_CA30_via_Bettencourt2020
11500,"Anniston-Oxford-Jacksonville, AL (Metropolitan Statistical Area)",118437,1855662,2010,BEA_CA30_via_Bettencourt2020
11540,"Appleton, WI (Metropolitan Statistical Area)",225944,4668880,2010,BEA_CA30_via_Bettencourt2020
11700,"Asheville, NC (Metropolitan Statistical Area)",425462,6271744,2010,BEA_CA30_via_Bettencourt2020
12020,"Athens-Clarke County, GA (Metropolitan Statistical Area)",193451,3157643,2010,BEA_CA30_via_Bettencourt2020
12060,"Atlanta-Sandy Springs-Roswell, GA (Metropolitan Statistical Area)",5303758,1.1831478e+08,2010,BEA_CA30_via_Bettencourt2020
12100,"Atlantic City-Hammonton, NJ (Metropolitan Statistical Area)",274761,5980001,2010,BEA_CA30_via_Bettencourt2020
12220,"Auburn-Opelika, AL (Metropolitan Statistical Area)",140782,1696196,2010,BEA_CA30_via_Bettencourt2020
12260,"Augusta-Richmond County, GA-SC (Metropolitan Statistical Area)",566568,9613569,2010,BEA_CA30_via_Bettencourt2020
12420,"Austin-Round Rock, TX (Metropolitan Statistical Area)",1727627,39235783,2010,BEA_CA30_via_Bettencourt2020
12540,"Bakersfield, CA (Metropolitan Statistical Area)",841682,12343320,2010,BEA_CA30_via_Bettencourt2020
12580,"Baltimore-Columbia-Towson, MD (Metropolitan Statistical Area)",2715561,70324694,2010,BEA_CA30_via_Bettencourt2020
12620,"Bangor, ME (Metropolitan Statistical Area)",153871,2623528,2010,BEA_CA30_via_Bettencourt2020
12700,"Barnstable Town, MA (Metropolitan Statistical Area)",215930,3720246,2010,BEA_CA30_via_Bettencourt2020
12940,"Baton Rouge, LA (Metropolitan Statistical Area)",804309,16453062,2010,BEA_CA30_via_Bettencourt2020
12980,"Battle Creek, MI (Metropolitan Statistical Area)",136025,2532876,2010,BEA_CA30_via_Bettencourt2020
13020,"Bay City, MI (Metropolitan Statistical Area)",107695,1417523,2010,BEA_CA30_via_Bettencourt2020
13140,"Beaumont-Port Arthur, TX (Metropolitan Statistical Area)",403701,7238746,2010,BEA_CA30_via_Bettencourt2020
13220,"Beckley, WV (Metropolitan Statistical Area)",124897,1745048,2010,BEA_CA30_via_Bettencourt2020
13380,"Bellingham, WA (Metropolitan Statistical Area)",201570,3266538,2010,BEA_CA30_via_Bettencourt2020
13460,"Bend-Redmond, OR (Metropolitan Statistical Area)",157839,2253445,2010,BEA_CA30_via_Bettencourt2020
13740,"Billings, MT (Metropolitan Statistical Area)",159355,3118202,2010,BEA_CA30_via_Bettencourt2020
13780,"Binghamton, NY (Metropolitan Statistical Area)",251456,4195416,2010,BEA_CA30_via_Bettencourt2020
13820,"Birmingham-Hoover, AL (Metropolitan Statistical Area)",1128879,22129379,2010,BEA_CA30_via_Bettencourt2020
13900,"Bismarck, ND (Metropolitan Statistical Area)",115293,2550576,2010,BEA_CA30_via_Bettencourt2020
13980,"Blacksburg-Christiansburg-Radford, VA (Metropolitan Statistical Area)*",178525,2526427,2010,BEA_CA30_via_Bettencourt2020
14010,"Bloomington, IL (Metropolitan Statistical Area)",186444,4688016,2010,BEA_CA30_via_Bettencourt2020
14020,"Bloomington, IN (Metropolitan Statistical Area)",160139,2554581,2010,BEA_CA30_via_Bettencourt2020
14100,"Bloomsburg-Berwick, PA (Metropolitan Statistical Area)",85669,1735011,2010,BEA_CA30_via_Bettencourt2020
14260,"Boise City, ID (Metropolitan Statistical Area)",618020,10351811,2010,BEA_CA30_via_Bettencourt2020
14460,"Boston-Cambridge-Newton, MA-NH (Metropolitan Statistical Area)",4565410,1.531374e+08,2010,BEA_CA30_via_Bettencourt2020
14500,"Boulder, CO (Metropolitan Statistical Area)*",295986,8885839,2010,BEA_CA30_via_Bettencourt2020
14540,"Bowling Green, KY (Metropolitan Statistical Area)",159154,2315959,2010,BEA_CA30_via_Bettencourt2020
14740,"Bremerton-Silverdale, WA (Metropolitan Statistical Area)",251723,4356921,2010,BEA_CA30_via_Bettencourt2020
14860,"Bridgeport-Stamford-Norwalk, CT (Metropolitan Statistical Area)",919744,33941949,2010,BEA_CA30_via_Bettencourt2020
15180,"Brownsville-Harlingen, TX (Metropolitan Statistical Area)",407626,3940607,2010,BEA_CA30_via_Bettencourt2020
15260,"Brunswick, GA (Metropolitan Statistical Area)",112540,1531189,2010,BEA_CA30_via_Bettencourt2020
15380,"Buffalo-Cheektowaga-Niagara Falls, NY (Metropolitan Statistical Area)",1135566,21828186,2010,BEA_CA30_via_Bettencourt2020
15500,"Burlington, NC (Metropolitan Statistical Area)",151581,2065192,2010,BEA_CA30_via_Bettencourt2020
15540,"Burlington-South Burlington, VT (Metropolitan Statistical Area)",211554,5222281,2010,BEA_CA30_via_Bettencourt2020
15680,"California-Lexington Park, MD (Metropolitan Statistical Area)",105758,2791482,2010,BEA_CA30_via_Bettencourt2020
15940,"Canton-Massillon, OH (Metropolitan Statistical Area)",404286,5928800,2010,BEA_CA30_via_Bettencourt2020
15980,"Cape Coral-Fort Myers, FL (Metropolitan Statistical Area)",620532,8135519,2010,BEA_CA30_via_Bettencourt2020
16020,"Cape Girardeau, MO-IL (Metropolitan Statistical Area)",96443,1638266,2010,BEA_CA30_via_Bettencourt2020
16060,"Carbondale-Marion, IL (Metropolitan Statistical Area)",126821,2068140,2010,BEA_CA30_via_Bettencourt2020
16180,"Carson City, NV (Metropolitan Statistical Area)",55030,1254166,2010,BEA_CA30_via_Bettencourt2020
16220,"Casper, WY (Metropolitan Statistical Area)",75472,1801511,2010,BEA_CA30_via_Bettencourt2020
16300,"Cedar Rapids, IA (Metropolitan Statistical Area)",258409,6038241,2010,BEA_CA30_via_Bettencourt2020
16540,"Chambersburg-Waynesboro, PA (Metropolitan Statistical Area)",149948,2105070,2010,BEA_CA30_via_Bettencourt2020
16580,"Champaign-Urbana, IL (Metropolitan Statistical Area)",232290,4377923,2010,BEA_CA30_via_Bettencourt2020
16620,"Charleston, WV (Metropolitan Statistical Area)",226895,5202368,2010,BEA_CA30_via_Bettencourt2020
16700,"Charleston-North Charleston, SC (Metropolitan Statistical Area)",667496,12671512,2010,BEA_CA30_via_Bettencourt2020
16740,"Charlotte-Concord-Gastonia, NC-SC (Metropolitan Statistical Area)",2223672,47684007,2010,BEA_CA30_via_Bettencourt2020
16820,"Charlottesville, VA (Metropolitan Statistical Area)*",219094,4609725,2010,BEA_CA30_via_Bettencourt2020
16860,"Chattanooga, TN-GA (Metropolitan Statistical Area)",529220,9298178,2010,BEA_CA30_via_Bettencourt2020
16940,"Cheyenne, WY (Metropolitan Statistical Area)",92271,1996501,2010,BEA_CA30_via_Bettencourt2020
16980,"Chicago-Naperville-Elgin, IL-IN-WI (Metropolitan Statistical Area)",9471357,2.3492865e+08,2010,BEA_CA30_via_Bettencourt2020
17020,"Chico, CA (Metropolitan Statistical Area)",219977,2644867,2010,BEA_CA30_via_Bettencourt2020
17140,"Cincinnati, OH-KY-IN (Metropolitan Statistical Area)",2117863,46225439,2010,BEA_CA30_via_Bettencourt2020
17300,"Clarksville, TN-KY (Metropolitan Statistical Area)",261691,4825684,2010,BEA_CA30_via_Bettencourt2020
17420,"Cleveland, TN (Metropolitan Statistical Area)",115963,1405960,2010,BEA_CA30_via_Bettencourt2020
17460,"Cleveland-Elyria, OH (Metropolitan Statistical Area)",2075661,46166912,2010,BEA_CA30_via_Bettencourt2020
17660,"Coeur d'Alene, ID (Metropolitan Statistical Area)",138910,1805302,2010,BEA_CA30_via_Bettencourt2020
17780,"College Station-Bryan, TX (Metropolitan Statistical Area)",229473,3467356,2010,BEA_CA30_via_Bettencourt2020
17820,"Colorado Springs, CO (Metropolitan Statistical Area)",650366,13212632,2010,BEA_CA30_via_Bettencourt2020
17860,"Columbia, MO (Metropolitan Statistical Area)",163200,3303912,2010,BEA_CA30_via_Bettencourt2020
17900,"Columbia, SC (Metropolitan Statistical Area)",769692,14525603,2010,BEA_CA30_via_Bettencourt2020
17980,"Columbus, GA-AL (Metropolitan Statistical Area)",296500,5782716,2010,BEA_CA30_via_Bettencourt2020
18020,"Columbus, IN (Metropolitan Statistical Area)",76846,1935953,2010,BEA_CA30_via_Bettencourt2020
18140,"Columbus, OH (Metropolitan Statistical Area)",1906439,42748202,2010,BEA_CA30_via_Bettencourt2020
18580,"Corpus Christi, TX (Metropolitan Statistical Area)",427997,7444042,2010,BEA_CA30_via_Bettencourt2020
18700,"Corvallis, OR (Metropolitan Statistical Area)",85565,1591630,2010,BEA_CA30_via_Bettencourt2020
18880,"Crestview-Fort Walton Beach-Destin, FL (Metropolitan Statistical Area)",236005,4705443,2010,BEA_CA30_via_Bettencourt2020
19060,"Cumberland, MD-WV (Metropolitan Statistical Area)",103253,1436983,2010,BEA_CA30_via_Bettencourt2020
19100,"Dallas-Fort Worth-Arlington, TX (Metropolitan Statistical Area)",6452614,1.529643e+08,2010,BEA_CA30_via_Bettencourt2020
19140,"Dalton, GA (Metropolitan Statistical Area)",142317,2453825,2010,BEA_CA30_via_Bettencourt2020
19180,"Danville, IL (Metropolitan Statistical Area)",81613,1126025,2010,BEA_CA30_via_Bettencourt2020
19300,"Daphne-Fairhope-Foley, AL (Metropolitan Statistical Area)",183193,2003789,2010,BEA_CA30_via_Bettencourt2020
19340,"Davenport-Moline-Rock Island, IA-IL (Metropolitan Statistical Area)",380236,7987265,2010,BEA_CA30_via_Bettencourt2020
19380,"Dayton, OH (Metropolitan Statistical Area)",800303,15958893,2010,BEA_CA30_via_Bettencourt2020
19460,"Decatur, AL (Metropolitan Statistical Area)",153908,2104231,2010,BEA_CA30_via_Bettencourt2020
19500,"Decatur, IL (Metropolitan Statistical Area)",110780,2361496,2010,BEA_CA30_via_Bettencourt2020
19660,"Deltona-Daytona Beach-Ormond Beach, FL (Metropolitan Statistical Area)",590688,6288976,2010,BEA_CA30_via_Bettencourt2020
19740,"Denver-Aurora-Lakewood, CO (Metropolitan Statistical Area)*",2554468,67256411,2010,BEA_CA30_via_Bettencourt2020
19780,"Des Moines-West Des Moines, IA (Metropolitan Statistical Area)",571981,14737563,2010,BEA_CA30_via_Bettencourt2020
19820,"Detroit-Warren-Dearborn, MI (Metropolitan Statistical Area)",4291288,87521910,2010,BEA_CA30_via_Bettencourt2020
20020,"Dothan, AL (Metropolitan Statistical Area)",145870,2069611,2010,BEA_CA30_via_Bettencourt2020
20100,"Dover, DE (Metropolitan Statistical Area)",162990,2533269,2010,BEA_CA30_via_Bettencourt2020
20220,"Dubuque, IA (Metropolitan Statistical Area)",93924,2053792,2010,BEA_CA30_via_Bettencourt2020
20260,"Duluth, MN-WI (Metropolitan Statistical Area)",279746,4823734,2010,BEA_CA30_via_Bettencourt2020
20500,"Durham-Chapel Hill, NC (Metropolitan Statistical Area)",508123,16086536,2010,BEA_CA30_via_Bettencourt2020
20700,"East Stroudsburg, PA (Metropolitan Statistical Area)",169906,2313693,2010,BEA_CA30_via_Bettencourt2020
20740,"Eau Claire, WI (Metropolitan Statistical Area)",161652,2944331,2010,BEA_CA30_via_Bettencourt2020
20940,"El Centro, CA (Metropolitan Statistical Area)",174750,2101212,2010,BEA_CA30_via_Bettencourt2020
21060,"Elizabethtown-Fort Knox, KY (Metropolitan Statistical Area)",149940,2561077,2010,BEA_CA30_via_Bettencourt2020
21140,"Elkhart-Goshen, IN (Metropolitan Statistical Area)",197471,4109830,2010,BEA_CA30_via_Bettencourt2020
21300,"Elmira, NY (Metropolitan Statistical Area)",88969,1549523,2010,BEA_CA30_via_Bettencourt2020
21340,"El Paso, TX (Metropolitan Statistical Area)",807102,11018522,2010,BEA_CA30_via_Bettencourt2020
21420,"Enid, OK (Metropolitan Statistical Area)",60758,1067404,2010,BEA_CA30_via_Bettencourt2020
21500,"Erie, PA (Metropolitan Statistical Area)",280774,4702109,2010,BEA_CA30_via_Bettencourt2020
21660,"Eugene, OR (Metropolitan Statistical Area)",351966,5265172,2010,BEA_CA30_via_Bettencourt2020
21780,"Evansville, IN-KY (Metropolitan Statistical Area)",311817,6183403,2010,BEA_CA30_via_Bettencourt2020
21820,"Fairbanks, AK (Metropolitan Statistical Area)*",98289,2366877,2010,BEA_CA30_via_Bettencourt2020
22020,"Fargo, ND-MN (Metropolitan Statistical Area)",209419,4744821,2010,BEA_CA30_via_Bettencourt2020
22140,"Farmington, NM (Metropolitan Statistical Area)",130140,2126651,2010,BEA_CA30_via_Bettencourt2020
22180,"Fayetteville, NC (Metropolitan Statistical Area)",367623,8587244,2010,BEA_CA30_via_Bettencourt2020
22220,"Fayetteville-Springdale-Rogers, AR-MO (Metropolitan Statistical Area)",465802,8776189,2010,BEA_CA30_via_Bettencourt2020
22380,"Flagstaff, AZ (Metropolitan Statistical Area)",134626,2215038,2010,BEA_CA30_via_Bettencourt2020
22420,"Flint, MI (Metropolitan Statistical Area)",425057,5330660,2010,BEA_CA30_via_Bettencourt2020
22500,"Florence, SC (Metropolitan Statistical Area)",205683,3335242,2010,BEA_CA30_via_Bettencourt2020
22520,"Florence-Muscle Shoals, AL (Metropolitan Statistical Area)",147261,1899216,2010,BEA_CA30_via_Bettencourt2020
22540,"Fond du Lac, WI (Metropolitan Statistical Area)",101712,1731905,2010,BEA_CA30_via_Bettencourt2020
22660,"Fort Collins, CO (Metropolitan Statistical Area)",300524,5650849,2010,BEA_CA30_via_Bettencourt2020
22900,"Fort Smith, AR-OK (Metropolitan Statistical Area)",280681,4021984,2010,BEA_CA30_via_Bettencourt2020
23060,"Fort Wayne, IN (Metropolitan Statistical Area)",416912,8058245,2010,BEA_CA30_via_Bettencourt2020
23420,"Fresno, CA (Metropolitan Statistical Area)",932462,13153713,2010,BEA_CA30_via_Bettencourt2020
23460,"Gadsden, AL (Metropolitan Statistical Area)",104442,1207515,2010,BEA_CA30_via_Bettencourt2020
23540,"Gainesville, FL (Metropolitan Statistical Area)",264619,5191159,2010,BEA_CA30_via_Bettencourt2020
23580,"Gainesville, GA (Metropolitan Statistical Area)",180003,2916559,2010,BEA_CA30_via_Bettencourt2020
23900,"Gettysburg, PA (Metropolitan Statistical Area)",101472,1171132,2010,BEA_CA30_via_Bettencourt2020
24020,"Glens Falls, NY (Metropolitan Statistical Area)",128976,2012906,2010,BEA_CA30_via_Bettencourt2020
24140,"Goldsboro, NC (Metropolitan Statistical Area)",122892,1715307,2010,BEA_CA30_via_Bettencourt2020
24220,"Grand Forks, ND-MN (Metropolitan Statistical Area)",98616,1934311,2010,BEA_CA30_via_Bettencourt2020
24260,"Grand Island, NE (Metropolitan Statistical Area)",82057,1447233,2010,BEA_CA30_via_Bettencourt2020
24300,"Grand Junction, CO (Metropolitan Statistical Area)",146489,2382275,2010,BEA_CA30_via_Bettencourt2020
24340,"Grand Rapids-Wyoming, MI (Metropolitan Statistical Area)",989524,18617341,2010,BEA_CA30_via_Bettencourt2020
24420,"Grants Pass, OR (Metropolitan Statistical Area)",82868,766091,2010,BEA_CA30_via_Bettencourt2020
24500,"Great Falls, MT (Metropolitan Statistical Area)",81533,1439469,2010,BEA_CA30_via_Bettencourt2020
24540,"Greeley, CO (Metropolitan Statistical Area)*",254166,3365299,2010,BEA_CA30_via_Bettencourt2020
24580,"Green Bay, WI (Metropolitan Statistical Area)",306736,6990746,2010,BEA_CA30_via_Bettencourt2020
24660,"Greensboro-High Point, NC (Metropolitan Statistical Area)",725068,14086961,2010,BEA_CA30_via_Bettencourt2020
24780,"Greenville, NC (Metropolitan Statistical Area)",168822,2822893,2010,BEA_CA30_via_Bettencourt2020
24860,"Greenville-Anderson-Mauldin, SC (Metropolitan Statistical Area)",825782,14307456,2010,BEA_CA30_via_Bettencourt2020
25060,"Gulfport-Biloxi-Pascagoula, MS (Metropolitan Statistical Area)",371451,7046634,2010,BEA_CA30_via_Bettencourt2020
25180,"Hagerstown-Martinsburg, MD-WV (Metropolitan Statistical Area)",252384,3750958,2010,BEA_CA30_via_Bettencourt2020
25220,"Hammond, LA (Metropolitan Statistical Area)",121491,1576834,2010,BEA_CA30_via_Bettencourt2020
25260,"Hanford-Corcoran, CA (Metropolitan Statistical Area)",152367,1911667,2010,BEA_CA30_via_Bettencourt2020
25420,"Harrisburg-Carlisle, PA (Metropolitan Statistical Area)",550239,14405937,2010,BEA_CA30_via_Bettencourt2020
25500,"Harrisonburg, VA (Metropolitan Statistical Area)*",125415,2237420,2010,BEA_CA30_via_Bettencourt2020
25540,"Hartford-West Hartford-East Hartford, CT (Metropolitan Statistical Area)",1214139,34804278,2010,BEA_CA30_via_Bettencourt2020
25620,"Hattiesburg, MS (Metropolitan Statistical Area)",143293,2095353,2010,BEA_CA30_via_Bettencourt2020
25860,"Hickory-Lenoir-Morganton, NC (Metropolitan Statistical Area)",365196,5071199,2010,BEA_CA30_via_Bettencourt2020
25940,"Hilton Head Island-Bluffton-Beaufort, SC (Metropolitan Statistical Area)",187832,2864509,2010,BEA_CA30_via_Bettencourt2020
25980,"Hinesville, GA (Metropolitan Statistical Area)",77369,1816388,2010,BEA_CA30_via_Bettencourt2020
26140,"Homosassa Springs, FL (Metropolitan Statistical Area)",141266,1244145,2010,BEA_CA30_via_Bettencourt2020
26300,"Hot Springs, AR (Metropolitan Statistical Area)",96128,1177481,2010,BEA_CA30_via_Bettencourt2020
26380,"Houma-Thibodaux, LA (Metropolitan Statistical Area)",208224,4515699,2010,BEA_CA30_via_Bettencourt2020
26420,"Houston-The Woodlands-Sugar Land, TX (Metropolitan Statistical Area)",5948253,1.4713465e+08,2010,BEA_CA30_via_Bettencourt2020
26580,"Huntington-Ashland, WV-KY-OH (Metropolitan Statistical Area)",365075,5438041,2010,BEA_CA30_via_Bettencourt2020
26620,"Huntsville, AL (Metropolitan Statistical Area)",419301,10944768,2010,BEA_CA30_via_Bettencourt2020
26820,"Idaho Falls, ID (Metropolitan Statistical Area)",133824,2378374,2010,BEA_CA30_via_Bettencourt2020
26900,"Indianapolis-Carmel-Anderson, IN (Metropolitan Statistical Area)",1892614,41752375,2010,BEA_CA30_via_Bettencourt2020
26980,"Iowa City, IA (Metropolitan Statistical Area)",152988,3527500,2010,BEA_CA30_via_Bettencourt2020
27060,"Ithaca, NY (Metropolitan Statistical Area)",101774,2265186,2010,BEA_CA30_via_Bettencourt2020
27100,"Jackson, MI (Metropolitan Statistical Area)",160169,2134183,2010,BEA_CA30_via_Bettencourt2020
27140,"Jackson, MS (Metropolitan Statistical Area)",568799,10428090,2010,BEA_CA30_via_Bettencourt2020
27180,"Jackson, TN (Metropolitan Statistical Area)",130009,2272400,2010,BEA_CA30_via_Bettencourt2020
27260,"Jacksonville, FL (Metropolitan Statistical Area)",1349083,27744826,2010,BEA_CA30_via_Bettencourt2020
27340,"Jacksonville, NC (Metropolitan Statistical Area)",179595,4307215,2010,BEA_CA30_via_Bettencourt2020
27500,"Janesville-Beloit, WI (Metropolitan Statistical Area)",160234,2381593,2010,BEA_CA30_via_Bettencourt2020
27620,"Jefferson City, MO (Metropolitan Statistical Area)",149955,2887757,2010,BEA_CA30_via_Bettencourt2020
27740,"Johnson City, TN (Metropolitan Statistical Area)",198973,2736525,2010,BEA_CA30_via_Bettencourt2020
27780,"Johnstown, PA (Metropolitan Statistical Area)",143468,2058705,2010,BEA_CA30_via_Bettencourt2020
27860,"Jonesboro, AR (Metropolitan Statistical Area)",121248,1724810,2010,BEA_CA30_via_Bettencourt2020
27900,"Joplin, MO (Metropolitan Statistical Area)",175871,2805535,2010,BEA_CA30_via_Bettencourt2020
27980,"Kahului-Wailuku-Lahaina, HI (Metropolitan Statistical Area)",155068,2651094,2010,BEA_CA30_via_Bettencourt2020
28020,"Kalamazoo-Portage, MI (Metropolitan Statistical Area)",326909,5650481,2010,BEA_CA30_via_Bettencourt2020
28100,"Kankakee, IL (Metropolitan Statistical Area)",113450,1572553,2010,BEA_CA30_via_Bettencourt2020
28140,"Kansas City, MO-KS (Metropolitan Statistical Area)",2013703,46604801,2010,BEA_CA30_via_Bettencourt2020
28420,"Kennewick-Richland, WA (Metropolitan Statistical Area)",255648,5197739,2010,BEA_CA30_via_Bettencourt2020
28660,"Killeen-Temple, TX (Metropolitan Statistical Area)",408337,7866533,2010,BEA_CA30_via_Bettencourt2020
28700,"Kingsport-Bristol-Bristol, TN-VA (Metropolitan Statistical Area)*",309584,4708833,2010,BEA_CA30_via_Bettencourt2020
28740,"Kingston, NY (Metropolitan Statistical Area)",182421,2334234,2010,BEA_CA30_via_Bettencourt2020
28940,"Knoxville, TN (Metropolitan Statistical Area)",838767,15082492,2010,BEA_CA30_via_Bettencourt2020
29020,"Kokomo, IN (Metropolitan Statistical Area)",82731,1562548,2010,BEA_CA30_via_Bettencourt2020
29100,"La Crosse-Onalaska, WI-MN (Metropolitan Statistical Area)",133880,2783959,2010,BEA_CA30_via_Bettencourt2020
29180,"Lafayette, LA (Metropolitan Statistical Area)",467612,9286070,2010,BEA_CA30_via_Bettencourt2020
29200,"Lafayette-West Lafayette, IN (Metropolitan Statistical Area)",202087,3478986,2010,BEA_CA30_via_Bettencourt2020
29340,"Lake Charles, LA (Metropolitan Statistical Area)",200009,3656078,2010,BEA_CA30_via_Bettencourt2020
29420,"Lake Havasu City-Kingman, AZ (Metropolitan Statistical Area)",200374,1584335,2010,BEA_CA30_via_Bettencourt2020
29460,"Lakeland-Winter Haven, FL (Metropolitan Statistical Area)",603192,7662710,2010,BEA_CA30_via_Bettencourt2020
29540,"Lancaster, PA (Metropolitan Statistical Area)",520357,9001641,2010,BEA_CA30_via_Bettencourt2020
29620,"Lansing-East Lansing, MI (Metropolitan Statistical Area)",464244,8648279,2010,BEA_CA30_via_Bettencourt2020
29700,"Laredo, TX (Metropolitan Statistical Area)",251337,2857595,2010,BEA_CA30_via_Bettencourt2020
29740,"Las Cruces, NM (Metropolitan Statistical Area)",210202,2607950,2010,BEA_CA30_via_Bettencourt2020
29820,"Las Vegas-Henderson-Paradise, NV (Metropolitan Statistical Area)",1953378,36581350,2010,BEA_CA30_via_Bettencourt2020
29940,"Lawrence, KS (Metropolitan Statistical Area)",111242,1698934,2010,BEA_CA30_via_Bettencourt2020
30020,"Lawton, OK (Metropolitan Statistical Area)",131563,2449160,2010,BEA_CA30_via_Bettencourt2020
30140,"Lebanon, PA (Metropolitan Statistical Area)",133673,1813102,2010,BEA_CA30_via_Bettencourt2020
30300,"Lewiston, ID-WA (Metropolitan Statistical Area)",61045,939807,2010,BEA_CA30_via_Bettencourt2020
30340,"Lewiston-Auburn, ME (Metropolitan Statistical Area)",107706,1823404,2010,BEA_CA30_via_Bettencourt2020
30460,"Lexington-Fayette, KY (Metropolitan Statistical Area)",473464,10173748,2010,BEA_CA30_via_Bettencourt2020
30620,"Lima, OH (Metropolitan Statistical Area)",106405,1973509,2010,BEA_CA30_via_Bettencourt2020
30700,"Lincoln, NE (Metropolitan Statistical Area)",302985,6568058,2010,BEA_CA30_via_Bettencourt2020
30780,"Little Rock-North Little Rock-Conway, AR (Metropolitan Statistical Area)",702416,14454882,2010,BEA_CA30_via_Bettencourt2020
30860,"Logan, UT-ID (Metropolitan Statistical Area)",126160,1687576,2010,BEA_CA30_via_Bettencourt2020
30980,"Longview, TX (Metropolitan Statistical Area)",214732,4026387,2010,BEA_CA30_via_Bettencourt2020
31020,"Longview, WA (Metropolitan Statistical Area)",102417,1491555,2010,BEA_CA30_via_Bettencourt2020
31080,"Los Angeles-Long Beach-Anaheim, CA (Metropolitan Statistical Area)",12843875,2.9912148e+08,2010,BEA_CA30_via_Bettencourt2020
31140,"Louisville/Jefferson County, KY-IN (Metropolitan Statistical Area)",1237810,24929917,2010,BEA_CA30_via_Bettencourt2020
31180,"Lubbock, TX (Metropolitan Statistical Area)",292203,4683414,2010,BEA_CA30_via_Bettencourt2020
31340,"Lynchburg, VA (Metropolitan Statistical Area)*",253054,3999522,2010,BEA_CA30_via_Bettencourt2020
31420,"Macon-Bibb County, GA (Metropolitan Statistical Area)",232260,3720824,2010,BEA_CA30_via_Bettencourt2020
31460,"Madera, CA (Metropolitan Statistical Area)",151125,1640002,2010,BEA_CA30_via_Bettencourt2020
31540,"Madison, WI (Metropolitan Statistical Area)",606557,15255055,2010,BEA_CA30_via_Bettencourt2020
31700,"Manchester-Nashua, NH (Metropolitan Statistical Area)",401016,10128786,2010,BEA_CA30_via_Bettencourt2020
31740,"Manhattan, KS (Metropolitan Statistical Area)",93319,1381968,2010,BEA_CA30_via_Bettencourt2020
31860,"Mankato-North Mankato, MN (Metropolitan Statistical Area)",96840,1804824,2010,BEA_CA30_via_Bettencourt2020
31900,"Mansfield, OH (Metropolitan Statistical Area)",124173,1832201,2010,BEA_CA30_via_Bettencourt2020
32580,"McAllen-Edinburg-Mission, TX (Metropolitan Statistical Area)",779143,7011411,2010,BEA_CA30_via_Bettencourt2020
32780,"Medford, OR (Metropolitan Statistical Area)",203413,2802168,2010,BEA_CA30_via_Bettencourt2020
32820,"Memphis, TN-MS-AR (Metropolitan Statistical Area)",1326410,27478415,2010,BEA_CA30_via_Bettencourt2020
32900,"Merced, CA (Metropolitan Statistical Area)",256832,2543150,2010,BEA_CA30_via_Bettencourt2020
33100,"Miami-Fort Lauderdale-West Palm Beach, FL (Metropolitan Statistical Area)",5585605,1.0698131e+08,2010,BEA_CA30_via_Bettencourt2020
33140,"Michigan City-La Porte, IN (Metropolitan Statistical Area)",111454,1563937,2010,BEA_CA30_via_Bettencourt2020
33220,"Midland, MI (Metropolitan Statistical Area)",83664,1883591,2010,BEA_CA30_via_Bettencourt2020
33260,"Midland, TX (Metropolitan Statistical Area)",141806,3755137,2010,BEA_CA30_via_Bettencourt2020
33340,"Milwaukee-Waukesha-West Allis, WI (Metropolitan Statistical Area)",1556715,38046104,2010,BEA_CA30_via_Bettencourt2020
33460,"Minneapolis-St. Paul-Bloomington, MN-WI (Metropolitan Statistical Area)",3355540,91735372,2010,BEA_CA30_via_Bettencourt2020
33540,"Missoula, MT (Metropolitan Statistical Area)",109455,1975221,2010,BEA_CA30_via_Bettencourt2020
33660,"Mobile, AL (Metropolitan Statistical Area)",413332,7330736,2010,BEA_CA30_via_Bettencourt2020
33700,"Modesto, CA (Metropolitan Statistical Area)",515334,6773888,2010,BEA_CA30_via_Bettencourt2020
33740,"Monroe, LA (Metropolitan Statistical Area)",176798,2758366,2010,BEA_CA30_via_Bettencourt2020
33780,"Monroe, MI (Metropolitan Statistical Area)",151945,1651491,2010,BEA_CA30_via_Bettencourt2020
33860,"Montgomery, AL (Metropolitan Statistical Area)",375123,7015562,2010,BEA_CA30_via_Bettencourt2020
34060,"Morgantown, WV (Metropolitan Statistical Area)",130337,2605638,2010,BEA_CA30_via_Bettencourt2020
34100,"Morristown, TN (Metropolitan Statistical Area)",114166,1484191,2010,BEA_CA30_via_Bettencourt2020
34580,"Mount Vernon-Anacortes, WA (Metropolitan Statistical Area)",117004,1818226,2010,BEA_CA30_via_Bettencourt2020
34620,"Muncie, IN (Metropolitan Statistical Area)",117692,1607204,2010,BEA_CA30_via_Bettencourt2020
34740,"Muskegon, MI (Metropolitan Statistical Area)",171922,2224635,2010,BEA_CA30_via_Bettencourt2020
34820,"Myrtle Beach-Conway-North Myrtle Beach, SC-NC (Metropolitan Statistical Area)",378697,4605984,2010,BEA_CA30_via_Bettencourt2020
34900,"Napa, CA (Metropolitan Statistical Area)",136810,3126348,2010,BEA_CA30_via_Bettencourt2020
34940,"Naples-Immokalee-Marco Island, FL (Metropolitan Statistical Area)",322683,5122121,2010,BEA_CA30_via_Bettencourt2020
34980,"Nashville-Davidson--Murfreesboro--Franklin, TN (Metropolitan Statistical Area)",1675972,35502608,2010,BEA_CA30_via_Bettencourt2020
35100,"New Bern, NC (Metropolitan Statistical Area)",127120,2234344,2010,BEA_CA30_via_Bettencourt2020
35300,"New Haven-Milford, CT (Metropolitan Statistical Area)",863401,18372125,2010,BEA_CA30_via_Bettencourt2020
35380,"New Orleans-Metairie, LA (Metropolitan Statistical Area)",1195613,26105849,2010,BEA_CA30_via_Bettencourt2020
35620,"New York-Newark-Jersey City, NY-NJ-PA (Metropolitan Statistical Area)",19601147,5.6991314e+08,2010,BEA_CA30_via_Bettencourt2020
35660,"Niles-Benton Harbor, MI (Metropolitan Statistical Area)",156792,2531837,2010,BEA_CA30_via_Bettencourt2020
35840,"North Port-Sarasota-Bradenton, FL (Metropolitan Statistical Area)",703366,9869136,2010,BEA_CA30_via_Bettencourt2020
35980,"Norwich-New London, CT (Metropolitan Statistical Area)",274067,6659181,2010,BEA_CA30_via_Bettencourt2020
36100,"Ocala, FL (Metropolitan Statistical Area)",331421,3319529,2010,BEA_CA30_via_Bettencourt2020
36140,"Ocean City, NJ (Metropolitan Statistical Area)",97263,1514254,2010,BEA_CA30_via_Bettencourt2020
36220,"Odessa, TX (Metropolitan Statistical Area)",137078,2738311,2010,BEA_CA30_via_Bettencourt2020
36260,"Ogden-Clearfield, UT (Metropolitan Statistical Area)",599800,8575377,2010,BEA_CA30_via_Bettencourt2020
36420,"Oklahoma City, OK (Metropolitan Statistical Area)",1257950,24573617,2010,BEA_CA30_via_Bettencourt2020
36500,"Olympia-Tumwater, WA (Metropolitan Statistical Area)",253067,4366904,2010,BEA_CA30_via_Bettencourt2020
36540,"Omaha-Council Bluffs, NE-IA (Metropolitan Statistical Area)",868170,20286364,2010,BEA_CA30_via_Bettencourt2020
36740,"Orlando-Kissimmee-Sanford, FL (Metropolitan Statistical Area)",2139565,42343819,2010,BEA_CA30_via_Bettencourt2020
36780,"Oshkosh-Neenah, WI (Metropolitan Statistical Area)",167059,4083917,2010,BEA_CA30_via_Bettencourt2020
36980,"Owensboro, KY (Metropolitan Statistical Area)",114777,1812843,2010,BEA_CA30_via_Bettencourt2020
37100,"Oxnard-Thousand Oaks-Ventura, CA (Metropolitan Statistical Area)",825298,15762312,2010,BEA_CA30_via_Bettencourt2020
37340,"Palm Bay-Melbourne-Titusville, FL (Metropolitan Statistical Area)",543966,9265082,2010,BEA_CA30_via_Bettencourt2020
37460,"Panama City, FL (Metropolitan Statistical Area)",185061,3111428,2010,BEA_CA30_via_Bettencourt2020
37620,"Parkersburg-Vienna, WV (Metropolitan Statistical Area)",92761,1441306,2010,BEA_CA30_via_Bettencourt2020
37860,"Pensacola-Ferry Pass-Brent, FL (Metropolitan Statistical Area)",451118,6871020,2010,BEA_CA30_via_Bettencourt2020
37900,"Peoria, IL (Metropolitan Statistical Area)",378947,8420637,2010,BEA_CA30_via_Bettencourt2020
37980,"Philadelphia-Camden-Wilmington, PA-NJ-DE-MD (Metropolitan Statistical Area)",5971463,1.4659082e+08,2010,BEA_CA30_via_Bettencourt2020
38060,"Phoenix-Mesa-Scottsdale, AZ (Metropolitan Statistical Area)",4204981,80364192,2010,BEA_CA30_via_Bettencourt2020
38220,"Pine Bluff, AR (Metropolitan Statistical Area)",100083,1441378,2010,BEA_CA30_via_Bettencourt2020
38300,"Pittsburgh, PA (Metropolitan Statistical Area)",2356988,52119475,2010,BEA_CA30_via_Bettencourt2020
38340,"Pittsfield, MA (Metropolitan Statistical Area)",131278,2458637,2010,BEA_CA30_via_Bettencourt2020
38540,"Pocatello, ID (Metropolitan Statistical Area)",83026,1106265,2010,BEA_CA30_via_Bettencourt2020
38860,"Portland-South Portland, ME (Metropolitan Statistical Area)",513892,11343278,2010,BEA_CA30_via_Bettencourt2020
38900,"Portland-Vancouver-Hillsboro, OR-WA (Metropolitan Statistical Area)",2232447,48509022,2010,BEA_CA30_via_Bettencourt2020
38940,"Port St. Lucie, FL (Metropolitan Statistical Area)",425243,4841162,2010,BEA_CA30_via_Bettencourt2020
39140,"Prescott, AZ (Metropolitan Statistical Area)",211122,1939163,2010,BEA_CA30_via_Bettencourt2020
39300,"Providence-Warwick, RI-MA (Metropolitan Statistical Area)",1602393,30482729,2010,BEA_CA30_via_Bettencourt2020
39340,"Provo-Orem, UT (Metropolitan Statistical Area)",530270,6740115,2010,BEA_CA30_via_Bettencourt2020
39380,"Pueblo, CO (Metropolitan Statistical Area)",159520,2182285,2010,BEA_CA30_via_Bettencourt2020
39460,"Punta Gorda, FL (Metropolitan Statistical Area)",159947,1462026,2010,BEA_CA30_via_Bettencourt2020
39540,"Racine, WI (Metropolitan Statistical Area)",195443,3187816,2010,BEA_CA30_via_Bettencourt2020
39580,"Raleigh, NC (Metropolitan Statistical Area)",1137445,24247510,2010,BEA_CA30_via_Bettencourt2020
39660,"Rapid City, SD (Metropolitan Statistical Area)",135064,2374809,2010,BEA_CA30_via_Bettencourt2020
39740,"Reading, PA (Metropolitan Statistical Area)",411984,7109643,2010,BEA_CA30_via_Bettencourt2020
39820,"Redding, CA (Metropolitan Statistical Area)",177317,2350872,2010,BEA_CA30_via_Bettencourt2020
39900,"Reno, NV (Metropolitan Statistical Area)",426130,8280116,2010,BEA_CA30_via_Bettencourt2020
40060,"Richmond, VA (Metropolitan Statistical Area)*",1210265,28969109,2010,BEA_CA30_via_Bettencourt2020
40140,"Riverside-San Bernardino-Ontario, CA (Metropolitan Statistical Area)",4243928,50146026,2010,BEA_CA30_via_Bettencourt2020
40220,"Roanoke, VA (Metropolitan Statistical Area)*",308659,6327406,2010,BEA_CA30_via_Bettencourt2020
40340,"Rochester, MN (Metropolitan Statistical Area)",207173,5463629,2010,BEA_CA30_via_Bettencourt2020
40380,"Rochester, NY (Metropolitan Statistical Area)",1080285,21557365,2010,BEA_CA30_via_Bettencourt2020
40420,"Rockford, IL (Metropolitan Statistical Area)",349224,5959447,2010,BEA_CA30_via_Bettencourt2020
40580,"Rocky Mount, NC (Metropolitan Statistical Area)",152447,2219674,2010,BEA_CA30_via_Bettencourt2020
40660,"Rome, GA (Metropolitan Statistical Area)",96415,1509081,2010,BEA_CA30_via_Bettencourt2020
40900,"Sacramento--Roseville--Arden-Arcade, CA (Metropolitan Statistical Area)",2154521,44895443,2010,BEA_CA30_via_Bettencourt2020
40980,"Saginaw, MI (Metropolitan Statistical Area)",199916,3240883,2010,BEA_CA30_via_Bettencourt2020
41060,"St. Cloud, MN (Metropolitan Statistical Area)",189219,3627615,2010,BEA_CA30_via_Bettencourt2020
41100,"St. George, UT (Metropolitan Statistical Area)",138424,1509754,2010,BEA_CA30_via_Bettencourt2020
41140,"St. Joseph, MO-KS (Metropolitan Statistical Area)",127235,2077372,2010,BEA_CA30_via_Bettencourt2020
41180,"St. Louis, MO-IL (Metropolitan Statistical Area)",2790026,61927780,2010,BEA_CA30_via_Bettencourt2020
41420,"Salem, OR (Metropolitan Statistical Area)",391534,5786962,2010,BEA_CA30_via_Bettencourt2020
41500,"Salinas, CA (Metropolitan Statistical Area)",416413,7598365,2010,BEA_CA30_via_Bettencourt2020
41540,"Salisbury, MD-DE (Metropolitan Statistical Area)",374783,5317775,2010,BEA_CA30_via_Bettencourt2020
41620,"Salt Lake City, UT (Metropolitan Statistical Area)",1091699,27001793,2010,BEA_CA30_via_Bettencourt2020
41660,"San Angelo, TX (Metropolitan Statistical Area)",112285,1759314,2010,BEA_CA30_via_Bettencourt2020
41700,"San Antonio-New Braunfels, TX (Metropolitan Statistical Area)",2153215,37773602,2010,BEA_CA30_via_Bettencourt2020
41740,"San Diego-Carlsbad, CA (Metropolitan Statistical Area)",3104386,73730946,2010,BEA_CA30_via_Bettencourt2020
41860,"San Francisco-Oakland-Hayward, CA (Metropolitan Statistical Area)",4345364,1.3709032e+08,2010,BEA_CA30_via_Bettencourt2020
41940,"San Jose-Sunnyvale-Santa Clara, CA (Metropolitan Statistical Area)",1842401,80525954,2010,BEA_CA30_via_Bettencourt2020
42020,"San Luis Obispo-Paso Robles-Arroyo Grande, CA (Metropolitan Statistical Area)",269905,4225161,2010,BEA_CA30_via_Bettencourt2020
42100,"Santa Cruz-Watsonville, CA (Metropolitan Statistical Area)",263266,4122092,2010,BEA_CA30_via_Bettencourt2020
42140,"Santa Fe, NM (Metropolitan Statistical Area)",144462,2653380,2010,BEA_CA30_via_Bettencourt2020
42200,"Santa Maria-Santa Barbara, CA (Metropolitan Statistical Area)",424379,8579993,2010,BEA_CA30_via_Bettencourt2020
42220,"Santa Rosa, CA (Metropolitan Statistical Area)",484791,8404703,2010,BEA_CA30_via_Bettencourt2020
42340,"Savannah, GA (Metropolitan Statistical Area)",348751,6582912,2010,BEA_CA30_via_Bettencourt2020
42540,"Scranton--Wilkes-Barre--Hazleton, PA (Metropolitan Statistical Area)",563743,9351715,2010,BEA_CA30_via_Bettencourt2020
42660,"Seattle-Tacoma-Bellevue, WA (Metropolitan Statistical Area)",3448636,98419678,2010,BEA_CA30_via_Bettencourt2020
42680,"Sebastian-Vero Beach, FL (Metropolitan Statistical Area)",138233,1797471,2010,BEA_CA30_via_Bettencourt2020
42700,"Sebring, FL (Metropolitan Statistical Area)",98665,898047,2010,BEA_CA30_via_Bettencourt2020
43100,"Sheboygan, WI (Metropolitan Statistical Area)",115474,2383130,2010,BEA_CA30_via_Bettencourt2020
43300,"Sherman-Denison, TX (Metropolitan Statistical Area)",121042,1640116,2010,BEA_CA30_via_Bettencourt2020
43340,"Shreveport-Bossier City, LA (Metropolitan Statistical Area)",441193,7973520,2010,BEA_CA30_via_Bettencourt2020
43420,"Sierra Vista-Douglas, AZ (Metropolitan Statistical Area)",131809,1999771,2010,BEA_CA30_via_Bettencourt2020
43580,"Sioux City, IA-NE-SD (Metropolitan Statistical Area)",168832,3116086,2010,BEA_CA30_via_Bettencourt2020
43620,"Sioux Falls, SD (Metropolitan Statistical Area)",229203,5296804,2010,BEA_CA30_via_Bettencourt2020
43780,"South Bend-Mishawaka, IN-MI (Metropolitan Statistical Area)",318985,5146926,2010,BEA_CA30_via_Bettencourt2020
43900,"Spartanburg, SC (Metropolitan Statistical Area)",313682,5183170,2010,BEA_CA30_via_Bettencourt2020
44060,"Spokane-Spokane Valley, WA (Metropolitan Statistical Area)",528577,8938425,2010,BEA_CA30_via_Bettencourt2020
44100,"Springfield, IL (Metropolitan Statistical Area)",210504,4436210,2010,BEA_CA30_via_Bettencourt2020
44140,"Springfield, MA (Metropolitan Statistical Area)",623424,11032269,2010,BEA_CA30_via_Bettencourt2020
44180,"Springfield, MO (Metropolitan Statistical Area)",437409,6810777,2010,BEA_CA30_via_Bettencourt2020
44220,"Springfield, OH (Metropolitan Statistical Area)",138246,1746744,2010,BEA_CA30_via_Bettencourt2020
44300,"State College, PA (Metropolitan Statistical Area)",154253,2996944,2010,BEA_CA30_via_Bettencourt2020
44420,"Staunton-Waynesboro, VA (Metropolitan Statistical Area)*",118349,1703198,2010,BEA_CA30_via_Bettencourt2020
44700,"Stockton-Lodi, CA (Metropolitan Statistical Area)",687442,8759198,2010,BEA_CA30_via_Bettencourt2020
44940,"Sumter, SC (Metropolitan Statistical Area)",107571,1506603,2010,BEA_CA30_via_Bettencourt2020
45060,"Syracuse, NY (Metropolitan Statistical Area)",663029,13010387,2010,BEA_CA30_via_Bettencourt2020
45220,"Tallahassee, FL (Metropolitan Statistical Area)",369416,6765378,2010,BEA_CA30_via_Bettencourt2020
45300,"Tampa-St. Petersburg-Clearwater, FL (Metropolitan Statistical Area)",2788715,51295917,2010,BEA_CA30_via_Bettencourt2020
45460,"Terre Haute, IN (Metropolitan Statistical Area)",172300,2570817,2010,BEA_CA30_via_Bettencourt2020
45500,"Texarkana, TX-AR (Metropolitan Statistical Area)",149352,2309935,2010,BEA_CA30_via_Bettencourt2020
45540,"The Villages, FL (Metropolitan Statistical Area)",94279,792525,2010,BEA_CA30_via_Bettencourt2020
45780,"Toledo, OH (Metropolitan Statistical Area)",610131,11709601,2010,BEA_CA30_via_Bettencourt2020
45820,"Topeka, KS (Metropolitan Statistical Area)",234279,4471493,2010,BEA_CA30_via_Bettencourt2020
45940,"Trenton, NJ (Metropolitan Statistical Area)",367959,13201370,2010,BEA_CA30_via_Bettencourt2020
46060,"Tucson, AZ (Metropolitan Statistical Area)",981870,15323989,2010,BEA_CA30_via_Bettencourt2020
46140,"Tulsa, OK (Metropolitan Statistical Area)",939978,17752468,2010,BEA_CA30_via_Bettencourt2020
46220,"Tuscaloosa, AL (Metropolitan Statistical Area)",230428,3766001,2010,BEA_CA30_via_Bettencourt2020
46340,"Tyler, TX (Metropolitan Statistical Area)",210470,3812030,2010,BEA_CA30_via_Bettencourt2020
46520,"Urban Honolulu, HI (Metropolitan Statistical Area)",956377,22445011,2010,BEA_CA30_via_Bettencourt2020
46540,"Utica-Rome, NY (Metropolitan Statistical Area)",299281,4739388,2010,BEA_CA30_via_Bettencourt2020
46660,"Valdosta, GA (Metropolitan Statistical Area)",140082,2002646,2010,BEA_CA30_via_Bettencourt2020
46700,"Vallejo-Fairfield, CA (Metropolitan Statistical Area)",414062,6492955,2010,BEA_CA30_via_Bettencourt2020
47020,"Victoria, TX (Metropolitan Statistical Area)",94083,1515469,2010,BEA_CA30_via_Bettencourt2020
47220,"Vineland-Bridgeton, NJ (Metropolitan Statistical Area)",157155,2583105,2010,BEA_CA30_via_Bettencourt2020
47260,"Virginia Beach-Norfolk-Newport News, VA-NC (Metropolitan Statistical Area)*",1679972,36632063,2010,BEA_CA30_via_Bettencourt2020
47300,"Visalia-Porterville, CA (Metropolitan Statistical Area)",443081,5033829,2010,BEA_CA30_via_Bettencourt2020
47380,"Waco, TX (Metropolitan Statistical Area)",253821,4186328,2010,BEA_CA30_via_Bettencourt2020
47460,"Walla Walla, WA (Metropolitan Statistical Area)",63031,1048542,2010,BEA_CA30_via_Bettencourt2020
47580,"Warner Robins, GA (Metropolitan Statistical Area)",180420,3240407,2010,BEA_CA30_via_Bettencourt2020
47900,"Washington-Arlington-Alexandria, DC-VA-MD-WV (Metropolitan Statistical Area)*",5666536,2.0818874e+08,2010,BEA_CA30_via_Bettencourt2020
47940,"Waterloo-Cedar Falls, IA (Metropolitan Statistical Area)",167919,3389789,2010,BEA_CA30_via_Bettencourt2020
48060,"Watertown-Fort Drum, NY (Metropolitan Statistical Area)",116570,2717648,2010,BEA_CA30_via_Bettencourt2020
48140,"Wausau, WI (Metropolitan Statistical Area)",134069,2635059,2010,BEA_CA30_via_Bettencourt2020
48260,"Weirton-Steubenville, WV-OH (Metropolitan Statistical Area)",124280,1490769,2010,BEA_CA30_via_Bettencourt2020
48300,"Wenatchee, WA (Metropolitan Statistical Area)",111294,1660888,2010,BEA_CA30_via_Bettencourt2020
48540,"Wheeling, WV-OH (Metropolitan Statistical Area)",147854,2299079,2010,BEA_CA30_via_Bettencourt2020
48620,"Wichita, KS (Metropolitan Statistical Area)",631907,12398176,2010,BEA_CA30_via_Bettencourt2020
48660,"Wichita Falls, TX (Metropolitan Statistical Area)",151649,2335835,2010,BEA_CA30_via_Bettencourt2020
48700,"Williamsport, PA (Metropolitan Statistical Area)",116204,1919937,2010,BEA_CA30_via_Bettencourt2020
48900,"Wilmington, NC (Metropolitan Statistical Area)",255648,4346894,2010,BEA_CA30_via_Bettencourt2020
49020,"Winchester, VA-WV (Metropolitan Statistical Area)*",128694,2235945,2010,BEA_CA30_via_Bettencourt2020
49180,"Winston-Salem, NC (Metropolitan Statistical Area)",641399,10427737,2010,BEA_CA30_via_Bettencourt2020
49340,"Worcester, MA-CT (Metropolitan Statistical Area)",918934,16758188,2010,BEA_CA30_via_Bettencourt2020
49420,"Yakima, WA (Metropolitan Statistical Area)",244313,3369518,2010,BEA_CA30_via_Bettencourt2020
49620,"York-Hanover, PA (Metropolitan Statistical Area)",435539,7297056,2010,BEA_CA30_via_Bettencourt2020
49660,"Youngstown-Warren-Boardman, OH-PA (Metropolitan Statistical Area)",564878,8002290,2010,BEA_CA30_via_Bettencourt2020
49700,"Yuba City, CA (Metropolitan Statistical Area)",167159,1897658,2010,BEA_CA30_via_Bettencourt2020
49740,"Yuma, AZ (Metropolitan Statistical Area)*",197069,2356296,2010,BEA_CA30_via_Bettencourt2020
