species,order,family,mass_g,mass_kg,weaning_days,source
Camelus dromedarius,Artiodactyla,Camelidae,492714.47,492.71447,389.38,PanTHERIA_WR05
Canis adustus,Carnivora,Canidae,10392.49,10.39249,52.89,PanTHERIA_WR05
Canis aureus,Carnivora,Canidae,9658.7,9.6587,61.3,PanTHERIA_WR05
Canis latrans,Carnivora,Canidae,11989.1,11.9891,43.71,PanTHERIA_WR05
Canis lupus,Carnivora,Canidae,31756.51,31.75651,44.82,PanTHERIA_WR05
Bos frontalis,Artiodactyla,Bovidae,800143.05,800.14305,186.67,PanTHERIA_WR05
Bos grunniens,Artiodactyla,Bovidae,500000,500,243.33,PanTHERIA_WR05
Bos javanicus,Artiodactyla,Bovidae,635974.34,635.97434,287.74,PanTHERIA_WR05
Callicebus cupreus,Primates,Pitheciidae,1117.02,1.11702,201.85,PanTHERIA_WR05
Caluromys philander,Didelphimorphia,Didelphidae,246.47,0.24647,119.65,PanTHERIA_WR05
Camelus bactrianus,Artiodactyla,Camelidae,554515.91,554.51591,368.13,PanTHERIA_WR05
Canis mesomelas,Carnivora,Canidae,8247.3,8.2473,34.1,PanTHERIA_WR05
Canis simensis,Carnivora,Canidae,14361.86,14.36186,69.6,PanTHERIA_WR05
Cannomys badius,Rodentia,Spalacidae,472.07,0.47207,50.1,PanTHERIA_WR05
Capra falconeri,Artiodactyla,Bovidae,54303.37,54.30337,167.29,PanTHERIA_WR05
Capra hircus,Artiodactyla,Bovidae,47386.47,47.38647,158.04,PanTHERIA_WR05
Capra ibex,Artiodactyla,Bovidae,69546.83,69.54683,111.75,PanTHERIA_WR05
Atelerix algirus,Erinaceomorpha,Erinaceidae,903.98,0.90398,39.7,PanTHERIA_WR05
Atelerix frontalis,Erinaceomorpha,Erinaceidae,329.12,0.32912,34.8,PanTHERIA_WR05
Ateles fusciceps,Primates,Atelidae,9067.94,9.06794,482.7,PanTHERIA_WR05
Ateles geoffroyi,Primates,Atelidae,7582.4,7.5824,816.35,PanTHERIA_WR05
Ateles paniscus,Primates,Atelidae,8697.25,8.69725,805.41,PanTHERIA_WR05
Callicebus moloch,Primates,Pitheciidae,958.13,0.95813,58.85,PanTHERIA_WR05
Callicebus torquatus,Primates,Pitheciidae,1209.57,1.20957,121.66,PanTHERIA_WR05
Callimico goeldii,Primates,Cebidae,558,0.558,66.53,PanTHERIA_WR05
Callithrix humeralifera,Primates,Cebidae,374.99,0.37499,99.01,PanTHERIA_WR05
Callithrix jacchus,Primates,Cebidae,290.21,0.29021,60.24,PanTHERIA_WR05
Callithrix pygmaea,Primates,Cebidae,123.94,0.12394,90.73,PanTHERIA_WR05
Callorhinus ursinus,Carnivora,Otariidae,55464.82,55.46482,108.69,PanTHERIA_WR05
Calomys callosus,Rodentia,Cricetidae,44.95,0.04495,18.33,PanTHERIA_WR05
Atherurus africanus,Rodentia,Hystricidae,2875.65,2.87565,45.37,PanTHERIA_WR05
Atilax paludinosus,Carnivora,Herpestidae,3600.16,3.60016,35.89,PanTHERIA_WR05
Avahi laniger,Primates,Indriidae,1092.28,1.09228,149.15,PanTHERIA_WR05
Axis axis,Artiodactyla,Cervidae,69499.99,69.49999,121.66,PanTHERIA_WR05
Babyrousa babyrussa,Artiodactyla,Suidae,92950.09,92.95009,212.91,PanTHERIA_WR05
Balaenoptera musculus,Cetacea,Balaenopteridae,1.543213e+08,154321.3,211.71,PanTHERIA_WR05
Balaenoptera physalus,Cetacea,Balaenopteridae,47506008,47506.008,196.58,PanTHERIA_WR05
Balantiopteryx plicata,Chiroptera,Emballonuridae,6.57,0.00657,58.59,PanTHERIA_WR05
Bandicota bengalensis,Rodentia,Muridae,226.99,0.22699,30.03,PanTHERIA_WR05
Bandicota indica,Rodentia,Muridae,583.09,0.58309,27.3,PanTHERIA_WR05
Cephalophus niger,Artiodactyla,Bovidae,19094.32,19.09432,89.49,PanTHERIA_WR05
Cephalophus rufilatus,Artiodactyla,Bovidae,12114.57,12.11457,85.59,PanTHERIA_WR05
Cephalophus silvicultor,Artiodactyla,Bovidae,62006.6,62.0066,34.9,PanTHERIA_WR05
Cephalophus zebra,Artiodactyla,Bovidae,15654.75,15.65475,13.64,PanTHERIA_WR05
Cephalorhynchus hectori,Cetacea,Delphinidae,49999.99,49.99999,355.65,PanTHERIA_WR05
Ceratotherium simum,Perissodactyla,Rhinocerotidae,2285939.4,2285.9394,365,PanTHERIA_WR05
Cercartetus caudatus,Diprotodontia,Burramyidae,23.05,0.02305,76.04,PanTHERIA_WR05
Cercartetus concinnus,Diprotodontia,Burramyidae,15.96,0.01596,49.99,PanTHERIA_WR05
Cercartetus lepidus,Diprotodontia,Burramyidae,8.03,0.00803,89.99,PanTHERIA_WR05
Cercartetus nanus,Diprotodontia,Burramyidae,26.85,0.02685,62.5,PanTHERIA_WR05
Cercopithecus ascanius,Primates,Cercopithecidae,3540.24,3.54024,146.54,PanTHERIA_WR05
Cercopithecus campbelli,Primates,Cercopithecidae,3627.73,3.62773,362.93,PanTHERIA_WR05
Cercopithecus cephus,Primates,Cercopithecidae,3444.88,3.44488,362.93,PanTHERIA_WR05
Cercopithecus diana,Primates,Cercopithecidae,4358.91,4.35891,362.93,PanTHERIA_WR05
Cercopithecus mitis,Primates,Cercopithecidae,5041.29,5.04129,688.08,PanTHERIA_WR05
Cercopithecus neglectus,Primates,Cercopithecidae,5324.52,5.32452,417.62,PanTHERIA_WR05
Cerdocyon thous,Carnivora,Canidae,5741.66,5.74166,72.33,PanTHERIA_WR05
Cervus elaphus,Artiodactyla,Cervidae,240867.13,240.86713,104.64,PanTHERIA_WR05
Cervus nippon,Artiodactyla,Cervidae,52999.99,52.99999,197.7,PanTHERIA_WR05
Chaerephon pumilus,Chiroptera,Molossidae,10.98,0.01098,24.5,PanTHERIA_WR05
Chaetodipus californicus,Rodentia,Heteromyidae,23.01,0.02301,23,PanTHERIA_WR05
Chaetodipus formosus,Rodentia,Heteromyidae,20.02,0.02002,21,PanTHERIA_WR05
Chaetodipus hispidus,Rodentia,Heteromyidae,37.24,0.03724,30.18,PanTHERIA_WR05
Cricetulus migratorius,Rodentia,Cricetidae,30.59,0.03059,24.5,PanTHERIA_WR05
Cricetus cricetus,Rodentia,Cricetidae,428.95,0.42895,24.85,PanTHERIA_WR05
Crocidura fuscomurina,Soricomorpha,Soricidae,5.6,0.0056,17.29,PanTHERIA_WR05
Crocidura hirta,Soricomorpha,Soricidae,15.8,0.0158,17.74,PanTHERIA_WR05
Crocidura russula,Soricomorpha,Soricidae,9.89,0.00989,23.82,PanTHERIA_WR05
Crocidura suaveolens,Soricomorpha,Soricidae,7.35,0.00735,28.03,PanTHERIA_WR05
Eptesicus nilssonii,Chiroptera,Vespertilionidae,10.72,0.01072,26,PanTHERIA_WR05
Equus zebra,Perissodactyla,Equidae,282462.13,282.46213,181.46,PanTHERIA_WR05
Erethizon dorsatum,Rodentia,Erethizontidae,7419.46,7.41946,16.27,PanTHERIA_WR05
Erignathus barbatus,Carnivora,Phocidae,279999.99,279.99999,20.94,PanTHERIA_WR05
Erinaceus concolor,Erinaceomorpha,Erinaceidae,665.99,0.66599,41.3,PanTHERIA_WR05
Erinaceus europaeus,Erinaceomorpha,Erinaceidae,777.95,0.77795,40,PanTHERIA_WR05
Erythrocebus patas,Primates,Cercopithecidae,7966.3,7.9663,211.79,PanTHERIA_WR05
Eptesicus serotinus,Chiroptera,Vespertilionidae,23.09,0.02309,30.8,PanTHERIA_WR05
Equus burchellii,Perissodactyla,Equidae,279160.65,279.16065,294.11,PanTHERIA_WR05
Equus caballus,Perissodactyla,Equidae,403598.53,403.59853,341.76,PanTHERIA_WR05
Equus grevyi,Perissodactyla,Equidae,408000.35,408.00035,271.7,PanTHERIA_WR05
Equus hemionus,Perissodactyla,Equidae,235248.07,235.24807,456.25,PanTHERIA_WR05
Genetta genetta,Carnivora,Viverridae,1756.17,1.75617,71.8,PanTHERIA_WR05
Delphinapterus leucas,Cetacea,Monodontidae,1381640.7,1381.6407,689.92,PanTHERIA_WR05
Delphinus delphis,Cetacea,Delphinidae,79271.69,79.27169,405.05,PanTHERIA_WR05
Dendrohyrax arboreus,Hyracoidea,Procaviidae,2981.11,2.98111,152.08,PanTHERIA_WR05
Dendrolagus bennettianus,Diprotodontia,Macropodidae,10458.82,10.45882,717.95,PanTHERIA_WR05
Dendrolagus dorianus,Diprotodontia,Macropodidae,8976.58,8.97658,598.29,PanTHERIA_WR05
Dendrolagus goodfellowi,Diprotodontia,Macropodidae,7948.78,7.94878,359.99,PanTHERIA_WR05
Bison bison,Artiodactyla,Bovidae,624577.07,624.57707,287.32,PanTHERIA_WR05
Bison bonasus,Artiodactyla,Bovidae,675876.7,675.8767,287.32,PanTHERIA_WR05
Blarina brevicauda,Soricomorpha,Soricidae,18.56,0.01856,21.91,PanTHERIA_WR05
Baiomys taylori,Rodentia,Cricetidae,7.43,0.00743,20.38,PanTHERIA_WR05
Balaena mysticetus,Cetacea,Balaenidae,79691179,79691.179,352,PanTHERIA_WR05
Balaenoptera acutorostrata,Cetacea,Balaenopteridae,5587093.6,5587.0936,182.5,PanTHERIA_WR05
Balaenoptera borealis,Cetacea,Balaenopteridae,22106252,22106.252,203.46,PanTHERIA_WR05
Balaenoptera edeni,Cetacea,Balaenopteridae,20000000,20000,273.75,PanTHERIA_WR05
Brachyphylla cavernarum,Chiroptera,Phyllostomidae,45.5,0.0455,73.44,PanTHERIA_WR05
Brachyteles arachnoides,Primates,Atelidae,10537.31,10.53731,734.82,PanTHERIA_WR05
Chaetophractus villosus,Cingulata,Dasypodidae,4372.8,4.3728,76.56,PanTHERIA_WR05
Chalinolobus dwyeri,Chiroptera,Vespertilionidae,8.74,0.00874,36.41,PanTHERIA_WR05
Dendrolagus inustus,Diprotodontia,Macropodidae,12625,12.625,538.46,PanTHERIA_WR05
Dendrolagus lumholtzi,Diprotodontia,Macropodidae,6649.97,6.64997,539.29,PanTHERIA_WR05
Dendrolagus matschiei,Diprotodontia,Macropodidae,8293.4,8.2934,509.1,PanTHERIA_WR05
Desmana moschata,Soricomorpha,Talpidae,427.64,0.42764,39.7,PanTHERIA_WR05
Desmodillus auricularis,Rodentia,Muridae,54.81,0.05481,32.99,PanTHERIA_WR05
Desmodus rotundus,Chiroptera,Phyllostomidae,33.16,0.03316,253.01,PanTHERIA_WR05
Dicerorhinus sumatrensis,Perissodactyla,Rhinocerotidae,1046156,1046.156,362.93,PanTHERIA_WR05
Diceros bicornis,Perissodactyla,Rhinocerotidae,995940.54,995.94054,583.09,PanTHERIA_WR05
Dicrostonyx groenlandicus,Rodentia,Cricetidae,58.44,0.05844,17.42,PanTHERIA_WR05
Dicrostonyx torquatus,Rodentia,Cricetidae,78.77,0.07877,30.41,PanTHERIA_WR05
Didelphis albiventris,Didelphimorphia,Didelphidae,1030.47,1.03047,116.5,PanTHERIA_WR05
Didelphis aurita,Didelphimorphia,Didelphidae,1105.88,1.10588,99.71,PanTHERIA_WR05
Didelphis marsupialis,Didelphimorphia,Didelphidae,1134.75,1.13475,92.47,PanTHERIA_WR05
Didelphis virginiana,Didelphimorphia,Didelphidae,2442.08,2.44208,109.62,PanTHERIA_WR05
Elephantulus intufi,Macroscelidea,Macroscelididae,48.9,0.0489,36.49,PanTHERIA_WR05
Elephantulus myurus,Macroscelidea,Macroscelididae,59.51,0.05951,22.82,PanTHERIA_WR05
Elephantulus rufescens,Macroscelidea,Macroscelididae,52.78,0.05278,24.85,PanTHERIA_WR05
Elephas maximus,Proboscidea,Elephantidae,3269794.3,3269.7943,218.26,PanTHERIA_WR05
Eliomys quercinus,Rodentia,Gliridae,114.61,0.11461,34.8,PanTHERIA_WR05
Ellobius talpinus,Rodentia,Cricetidae,40,0.04,59.99,PanTHERIA_WR05
Heterocephalus glaber,Rodentia,Bathyergidae,39.36,0.03936,27.28,PanTHERIA_WR05
Heterohyrax brucei,Hyracoidea,Procaviidae,2453.66,2.45366,129.04,PanTHERIA_WR05
Heteromys desmarestianus,Rodentia,Heteromyidae,74,0.074,29.77,PanTHERIA_WR05
Lagostomus maximus,Rodentia,Chinchillidae,4660.94,4.66094,55.68,PanTHERIA_WR05
Lagostrophus fasciatus,Diprotodontia,Macropodidae,1933.48,1.93348,269.23,PanTHERIA_WR05
Lagothrix lagotricha,Primates,Atelidae,6263.69,6.26369,312.66,PanTHERIA_WR05
Lagurus lagurus,Rodentia,Cricetidae,20.6,0.0206,20.84,PanTHERIA_WR05
Lama glama,Artiodactyla,Camelidae,78322.67,78.32267,131.7,PanTHERIA_WR05
Eudorcas thomsonii,Artiodactyla,Bovidae,22907.43,22.90743,93.25,PanTHERIA_WR05
Eulemur fulvus,Primates,Lemuridae,2376.99,2.37699,134.64,PanTHERIA_WR05
Eulemur macaco,Primates,Lemuridae,2470.43,2.47043,143.28,PanTHERIA_WR05
Eulemur mongoz,Primates,Lemuridae,1771.13,1.77113,151.13,PanTHERIA_WR05
Eulemur rubriventer,Primates,Lemuridae,2015.4,2.0154,151.22,PanTHERIA_WR05
Eumetopias jubatus,Carnivora,Otariidae,382466.74,382.46674,351,PanTHERIA_WR05
Galago zanzibaricus,Primates,Galagidae,147.35,0.14735,59.27,PanTHERIA_WR05
Galea musteloides,Rodentia,Caviidae,386.64,0.38664,31.13,PanTHERIA_WR05
Galea spixii,Rodentia,Caviidae,360.61,0.36061,42.09,PanTHERIA_WR05
Galerella sanguinea,Carnivora,Herpestidae,543.83,0.54383,54.44,PanTHERIA_WR05
Galidia elegans,Carnivora,Eupleridae,810,0.81,59.27,PanTHERIA_WR05
Gazella dorcas,Artiodactyla,Bovidae,15635.95,15.63595,61.35,PanTHERIA_WR05
Gazella gazella,Artiodactyla,Bovidae,21306.83,21.30683,86.17,PanTHERIA_WR05
Gazella subgutturosa,Artiodactyla,Bovidae,26981.37,26.98137,116.41,PanTHERIA_WR05
Bassaricyon gabbii,Carnivora,Procyonidae,1250,1.25,89.49,PanTHERIA_WR05
Bassariscus astutus,Carnivora,Procyonidae,1010.37,1.01037,53.84,PanTHERIA_WR05
Bassariscus sumichrasti,Carnivora,Procyonidae,906,0.906,119.32,PanTHERIA_WR05
Bathyergus janetta,Rodentia,Bathyergidae,388.69,0.38869,27.79,PanTHERIA_WR05
Bathyergus suillus,Rodentia,Bathyergidae,777.38,0.77738,20.84,PanTHERIA_WR05
Beamys hindei,Rodentia,Nesomyidae,75.8,0.0758,38.49,PanTHERIA_WR05
Bettongia gaimardi,Diprotodontia,Potoroidae,1667.55,1.66755,121.32,PanTHERIA_WR05
Bettongia lesueur,Diprotodontia,Potoroidae,1447.27,1.44727,164.53,PanTHERIA_WR05
Bettongia penicillata,Diprotodontia,Potoroidae,1184.35,1.18435,150,PanTHERIA_WR05
Bettongia tropica,Diprotodontia,Potoroidae,1256.58,1.25658,149.57,PanTHERIA_WR05
Bradypus torquatus,Pilosa,Bradypodidae,4468.42,4.46842,28.28,PanTHERIA_WR05
Bradypus tridactylus,Pilosa,Bradypodidae,4375.8,4.3758,68.2,PanTHERIA_WR05
Bradypus variegatus,Pilosa,Bradypodidae,4136.36,4.13636,39.28,PanTHERIA_WR05
Bubalus bubalis,Artiodactyla,Bovidae,929500.97,929.50097,240.31,PanTHERIA_WR05
Budorcas taxicolor,Artiodactyla,Bovidae,294515.33,294.51533,118.55,PanTHERIA_WR05
Bunopithecus hoolock,Primates,Hylobatidae,6699,6.699,635.13,PanTHERIA_WR05
Chinchilla chinchilla,Rodentia,Chinchillidae,499.99,0.49999,48.99,PanTHERIA_WR05
Chionomys nivalis,Rodentia,Cricetidae,42.01,0.04201,21,PanTHERIA_WR05
Chironectes minimus,Didelphimorphia,Didelphidae,974.33,0.97433,108.36,PanTHERIA_WR05
Chiropodomys gliroides,Rodentia,Muridae,23.68,0.02368,16.87,PanTHERIA_WR05
Chlorocebus aethiops,Primates,Cercopithecidae,3695.99,3.69599,217.76,PanTHERIA_WR05
Burramys parvus,Diprotodontia,Burramyidae,44.27,0.04427,59.82,PanTHERIA_WR05
Cacajao calvus,Primates,Pitheciidae,3421.04,3.42104,339.29,PanTHERIA_WR05
Capreolus capreolus,Artiodactyla,Cervidae,22502.01,22.50201,79.75,PanTHERIA_WR05
Capreolus pygargus,Artiodactyla,Cervidae,41371.03,41.37103,136.1,PanTHERIA_WR05
Capricornis crispus,Artiodactyla,Bovidae,43030.64,43.03064,59.27,PanTHERIA_WR05
Capricornis sumatraensis,Artiodactyla,Bovidae,110942.22,110.94222,166.34,PanTHERIA_WR05
Capromys pilorides,Rodentia,Capromyidae,5200,5.2,41.99,PanTHERIA_WR05
Caracal caracal,Carnivora,Felidae,11964.38,11.96438,120.41,PanTHERIA_WR05
Cardioderma cor,Chiroptera,Megadermatidae,26.45,0.02645,55.8,PanTHERIA_WR05
Carollia perspicillata,Chiroptera,Phyllostomidae,19.23,0.01923,35.63,PanTHERIA_WR05
Castor canadensis,Rodentia,Castoridae,18124.41,18.12441,46.5,PanTHERIA_WR05
Castor fiber,Rodentia,Castoridae,19000,19,60.18,PanTHERIA_WR05
Catagonus wagneri,Artiodactyla,Tayassuidae,35566.4,35.5664,60.37,PanTHERIA_WR05
Cavia aperea,Rodentia,Caviidae,524.38,0.52438,20.86,PanTHERIA_WR05
Cavia fulgida,Rodentia,Caviidae,282.5,0.2825,20.88,PanTHERIA_WR05
Cavia magna,Rodentia,Caviidae,459.99,0.45999,20.88,PanTHERIA_WR05
Cavia porcellus,Rodentia,Caviidae,727.99,0.72799,16.68,PanTHERIA_WR05
Cavia tschudii,Rodentia,Caviidae,1000,1,20.88,PanTHERIA_WR05
Cebus albifrons,Primates,Cebidae,2509.68,2.50968,270.32,PanTHERIA_WR05
Cebus apella,Primates,Cebidae,2758.38,2.75838,263.12,PanTHERIA_WR05
Cebus capucinus,Primates,Cebidae,3005.99,3.00599,514.07,PanTHERIA_WR05
Cebus olivaceus,Primates,Cebidae,2787.64,2.78764,725.86,PanTHERIA_WR05
Crocidura leucodon,Soricomorpha,Soricidae,10.88,0.01088,23.36,PanTHERIA_WR05
Cheirogaleus major,Primates,Cheirogaleidae,446.02,0.44602,47.14,PanTHERIA_WR05
Cheirogaleus medius,Primates,Cheirogaleidae,196.76,0.19676,60.65,PanTHERIA_WR05
Choloepus didactylus,Pilosa,Megalonychidae,6646.5,6.6465,52.61,PanTHERIA_WR05
Choloepus hoffmanni,Pilosa,Megalonychidae,5893.5,5.8935,46.4,PanTHERIA_WR05
Chrysochloris asiatica,Afrosoricida,Chrysochloridae,37.16,0.03716,74.43,PanTHERIA_WR05
Chrysochloris stuhlmanni,Afrosoricida,Chrysochloridae,55.76,0.05576,70.72,PanTHERIA_WR05
Chrysocyon brachyurus,Carnivora,Canidae,23325,23.325,119,PanTHERIA_WR05
Civettictis civetta,Carnivora,Viverridae,12075.58,12.07558,82.91,PanTHERIA_WR05
Coendou bicolor,Rodentia,Erethizontidae,4492.49,4.49249,69.6,PanTHERIA_WR05
Coendou prehensilis,Rodentia,Erethizontidae,4116.2,4.1162,69.54,PanTHERIA_WR05
Colobus guereza,Primates,Cercopithecidae,9925.88,9.92588,387.79,PanTHERIA_WR05
Colobus polykomos,Primates,Cercopithecidae,8797.29,8.79729,213.78,PanTHERIA_WR05
Condylura cristata,Soricomorpha,Talpidae,48.15,0.04815,20.84,PanTHERIA_WR05
Conepatus leuconotus,Carnivora,Mephitidae,3293.91,3.29391,45.56,PanTHERIA_WR05
Conilurus penicillatus,Rodentia,Muridae,175.02,0.17502,24.4,PanTHERIA_WR05
Connochaetes gnou,Artiodactyla,Bovidae,156547.53,156.54753,111.57,PanTHERIA_WR05
Dasyprocta azarae,Rodentia,Dasyproctidae,2976.81,2.97681,140,PanTHERIA_WR05
Dasyprocta cristata,Rodentia,Dasyproctidae,2650.03,2.65003,140,PanTHERIA_WR05
Dasyprocta fuliginosa,Rodentia,Dasyproctidae,3500.02,3.50002,140,PanTHERIA_WR05
Dasyprocta guamara,Rodentia,Dasyproctidae,2650.03,2.65003,140,PanTHERIA_WR05
Dasyprocta kalinowskii,Rodentia,Dasyproctidae,2650.03,2.65003,140,PanTHERIA_WR05
Dasyprocta leporina,Rodentia,Dasyproctidae,3009.99,3.00999,140,PanTHERIA_WR05
Dasyprocta mexicana,Rodentia,Dasyproctidae,4999.99,4.99999,140,PanTHERIA_WR05
Dasyprocta prymnolopha,Rodentia,Dasyproctidae,2900,2.9,140,PanTHERIA_WR05
Dasyprocta punctata,Rodentia,Dasyproctidae,2309.12,2.30912,140,PanTHERIA_WR05
Dasypus novemcinctus,Cingulata,Dasypodidae,3949.01,3.94901,136.87,PanTHERIA_WR05
Euphractus sexcinctus,Cingulata,Dasypodidae,4731.16,4.73116,28,PanTHERIA_WR05
Eupleres goudotii,Carnivora,Eupleridae,2763.34,2.76334,62.99,PanTHERIA_WR05
Connochaetes taurinus,Artiodactyla,Bovidae,198619.68,198.61968,256.32,PanTHERIA_WR05
Corynorhinus rafinesquii,Chiroptera,Vespertilionidae,9.15,0.00915,21,PanTHERIA_WR05
Corynorhinus townsendii,Chiroptera,Vespertilionidae,10.3,0.0103,40.5,PanTHERIA_WR05
Cricetomys gambianus,Rodentia,Nesomyidae,1267.52,1.26752,34.54,PanTHERIA_WR05
Crocuta crocuta,Carnivora,Hyaenidae,63369.98,63.36998,371.37,PanTHERIA_WR05
Crossarchus obscurus,Carnivora,Herpestidae,1395.09,1.39509,29.23,PanTHERIA_WR05
Cryptomys damarensis,Rodentia,Bathyergidae,112.2,0.1122,18.02,PanTHERIA_WR05
Cryptomys darlingi,Rodentia,Bathyergidae,65.58,0.06558,27.28,PanTHERIA_WR05
Cryptomys hottentotus,Rodentia,Bathyergidae,75.13,0.07513,32.07,PanTHERIA_WR05
Cryptomys mechowi,Rodentia,Bathyergidae,271.54,0.27154,38.49,PanTHERIA_WR05
Cryptoprocta ferox,Carnivora,Eupleridae,9500,9.5,136.1,PanTHERIA_WR05
Cryptotis parva,Soricomorpha,Soricidae,4.97,0.00497,20.34,PanTHERIA_WR05
Ctenomys talarum,Rodentia,Ctenomyidae,140.84,0.14084,34.8,PanTHERIA_WR05
Cuniculus paca,Rodentia,Cuniculidae,8172.55,8.17255,82.75,PanTHERIA_WR05
Cuon alpinus,Carnivora,Canidae,15800,15.8,57.33,PanTHERIA_WR05
Cynictis penicillata,Carnivora,Herpestidae,694.41,0.69441,41.76,PanTHERIA_WR05
Cynocephalus volans,Dermoptera,Cynocephalidae,1250,1.25,198.5,PanTHERIA_WR05
Cynomys gunnisoni,Rodentia,Sciuridae,797.93,0.79793,36.65,PanTHERIA_WR05
Cynomys leucurus,Rodentia,Sciuridae,963.76,0.96376,31.76,PanTHERIA_WR05
Cynomys ludovicianus,Rodentia,Sciuridae,797.05,0.79705,45.57,PanTHERIA_WR05
Cynomys mexicanus,Rodentia,Sciuridae,899.98,0.89998,46.35,PanTHERIA_WR05
Cynopterus brachyotis,Chiroptera,Pteropodidae,33.87,0.03387,48.99,PanTHERIA_WR05
Cynopterus sphinx,Chiroptera,Pteropodidae,44.71,0.04471,32.49,PanTHERIA_WR05
Cystophora cristata,Carnivora,Phocidae,278896.81,278.89681,9.5,PanTHERIA_WR05
Dama dama,Artiodactyla,Cervidae,57224.61,57.22461,177.63,PanTHERIA_WR05
Damaliscus pygargus,Artiodactyla,Bovidae,77784.55,77.78455,121.66,PanTHERIA_WR05
Dasycercus cristicauda,Dasyuromorphia,Dasyuridae,99.54,0.09954,105.85,PanTHERIA_WR05
Dasykaluta rosamondae,Dasyuromorphia,Dasyuridae,32.17,0.03217,113,PanTHERIA_WR05
Dasymys incomtus,Rodentia,Muridae,127.75,0.12775,30,PanTHERIA_WR05
Dasyuroides byrnei,Dasyuromorphia,Dasyuridae,109.47,0.10947,118.11,PanTHERIA_WR05
Dasyurus albopunctatus,Dasyuromorphia,Dasyuridae,603.48,0.60348,97.65,PanTHERIA_WR05
Dasyurus geoffroii,Dasyuromorphia,Dasyuridae,1106.62,1.10662,154.12,PanTHERIA_WR05
Dasyurus hallucatus,Dasyuromorphia,Dasyuridae,470.92,0.47092,141.89,PanTHERIA_WR05
Dasyurus maculatus,Dasyuromorphia,Dasyuridae,3284.15,3.28415,134.99,PanTHERIA_WR05
Dasyurus spartacus,Dasyuromorphia,Dasyuridae,885.67,0.88567,97.65,PanTHERIA_WR05
Dasyurus viverrinus,Dasyuromorphia,Dasyuridae,1101.49,1.10149,156.6,PanTHERIA_WR05
Daubentonia madagascariensis,Primates,Daubentoniidae,2731.37,2.73137,197.7,PanTHERIA_WR05
Dipodomys deserti,Rodentia,Heteromyidae,107.63,0.10763,24.17,PanTHERIA_WR05
Dipodomys heermanni,Rodentia,Heteromyidae,63.08,0.06308,25.9,PanTHERIA_WR05
Dipodomys merriami,Rodentia,Heteromyidae,37.91,0.03791,20.42,PanTHERIA_WR05
Dipodomys microps,Rodentia,Heteromyidae,56.26,0.05626,21,PanTHERIA_WR05
Dipodomys nitratoides,Rodentia,Heteromyidae,41.59,0.04159,22.37,PanTHERIA_WR05
Dipodomys panamintinus,Rodentia,Heteromyidae,73.67,0.07367,27.89,PanTHERIA_WR05
Dipodomys spectabilis,Rodentia,Heteromyidae,124.61,0.12461,23.47,PanTHERIA_WR05
Dipodomys stephensi,Rodentia,Heteromyidae,68.49,0.06849,19.86,PanTHERIA_WR05
Dobsonia magna,Chiroptera,Pteropodidae,465,0.465,165,PanTHERIA_WR05
Dobsonia moluccensis,Chiroptera,Pteropodidae,447.64,0.44764,166.2,PanTHERIA_WR05
Dolichotis patagonum,Rodentia,Caviidae,8000,8,76.28,PanTHERIA_WR05
Dorcopsis atrata,Diprotodontia,Macropodidae,6198.87,6.19887,362.93,PanTHERIA_WR05
Dorcopsis hageni,Diprotodontia,Macropodidae,5499.99,5.49999,304.99,PanTHERIA_WR05
Dorcopsis luctuosa,Diprotodontia,Macropodidae,4939.56,4.93956,300.95,PanTHERIA_WR05
Dorcopsis muelleri,Diprotodontia,Macropodidae,5370.79,5.37079,269.23,PanTHERIA_WR05
Dryomys laniger,Rodentia,Gliridae,25.91,0.02591,31.32,PanTHERIA_WR05
Dryomys nitedula,Rodentia,Gliridae,29.5,0.0295,31.32,PanTHERIA_WR05
Dugong dugon,Sirenia,Dugongidae,295000,295,545.94,PanTHERIA_WR05
Echinops telfairi,Afrosoricida,Tenrecidae,152.25,0.15225,31.18,PanTHERIA_WR05
Ectophylla alba,Chiroptera,Phyllostomidae,5.55,0.00555,24.98,PanTHERIA_WR05
Eidolon helvum,Chiroptera,Pteropodidae,254.61,0.25461,60.83,PanTHERIA_WR05
Eira barbara,Carnivora,Mustelidae,4134.99,4.13499,94.46,PanTHERIA_WR05
Elaphurus davidianus,Artiodactyla,Cervidae,165989.17,165.98917,155.59,PanTHERIA_WR05
Elephantulus edwardii,Macroscelidea,Macroscelididae,49.69,0.04969,27.28,PanTHERIA_WR05
Enhydra lutris,Carnivora,Mustelidae,27410.93,27.41093,178.98,PanTHERIA_WR05
Eoglaucomys fimbriatus,Rodentia,Sciuridae,510,0.51,75.47,PanTHERIA_WR05
Eonycteris spelaea,Chiroptera,Pteropodidae,58.7,0.0587,59.95,PanTHERIA_WR05
Epomophorus crypturus,Chiroptera,Pteropodidae,95.04,0.09504,60.83,PanTHERIA_WR05
Epomophorus gambianus,Chiroptera,Pteropodidae,134.59,0.13459,59.99,PanTHERIA_WR05
Epomophorus wahlbergi,Chiroptera,Pteropodidae,93.59,0.09359,668.8,PanTHERIA_WR05
Epomops buettikoferi,Chiroptera,Pteropodidae,135.67,0.13567,55.65,PanTHERIA_WR05
Eptesicus fuscus,Chiroptera,Vespertilionidae,17.49,0.01749,34.18,PanTHERIA_WR05
Genetta tigrina,Carnivora,Viverridae,2066.57,2.06657,87.77,PanTHERIA_WR05
Geocapromys brownii,Rodentia,Capromyidae,1497.48,1.49748,2.17,PanTHERIA_WR05
Geocapromys ingrahami,Rodentia,Capromyidae,733.52,0.73352,5.84,PanTHERIA_WR05
Geogale aurita,Afrosoricida,Tenrecidae,6.69,0.00669,34.86,PanTHERIA_WR05
Geomys bursarius,Rodentia,Geomyidae,203.75,0.20375,34.9,PanTHERIA_WR05
Geomys knoxjonesi,Rodentia,Geomyidae,172.49,0.17249,24.36,PanTHERIA_WR05
Geomys tropicalis,Rodentia,Geomyidae,349.99,0.34999,30.24,PanTHERIA_WR05
Georychus capensis,Rodentia,Bathyergidae,188.36,0.18836,21.83,PanTHERIA_WR05
Gerbilliscus brantsii,Rodentia,Muridae,89.41,0.08941,28.78,PanTHERIA_WR05
Gerbilliscus inclusus,Rodentia,Muridae,118.5,0.1185,21.99,PanTHERIA_WR05
Gerbilliscus leucogaster,Rodentia,Muridae,73.75,0.07375,27.89,PanTHERIA_WR05
Gerbillurus paeba,Rodentia,Muridae,25.91,0.02591,22.84,PanTHERIA_WR05
Gerbillurus setzeri,Rodentia,Muridae,38.29,0.03829,25.35,PanTHERIA_WR05
Gerbillurus tytonis,Rodentia,Muridae,29.79,0.02979,29,PanTHERIA_WR05
Gerbillurus vallinus,Rodentia,Muridae,35.24,0.03524,25.35,PanTHERIA_WR05
Eschrichtius robustus,Cetacea,Eschrichtiidae,27324024,27324.024,211.71,PanTHERIA_WR05
Eubalaena australis,Cetacea,Balaenidae,23000000,23000,296.33,PanTHERIA_WR05
Eubalaena glacialis,Cetacea,Balaenidae,23000000,23000,333.63,PanTHERIA_WR05
Eumops bonariensis,Chiroptera,Molossidae,12.22,0.01222,48.99,PanTHERIA_WR05
Eumops glaucinus,Chiroptera,Molossidae,36.2,0.0362,38.49,PanTHERIA_WR05
Felis chaus,Carnivora,Felidae,7157.99,7.15799,95.49,PanTHERIA_WR05
Felis nigripes,Carnivora,Felidae,1362.77,1.36277,67.23,PanTHERIA_WR05
Gulo gulo,Carnivora,Mustelidae,12792.49,12.79249,83.64,PanTHERIA_WR05
Gymnobelideus leadbeateri,Diprotodontia,Petauridae,137.32,0.13732,119.32,PanTHERIA_WR05
Halichoerus grypus,Carnivora,Phocidae,197570.01,197.57001,18.37,PanTHERIA_WR05
Hapalemur griseus,Primates,Lemuridae,916,0.916,136.29,PanTHERIA_WR05
Haplonycteris fischeri,Chiroptera,Pteropodidae,18.25,0.01825,76.04,PanTHERIA_WR05
Harpyionycteris whiteheadi,Chiroptera,Pteropodidae,135.48,0.13548,111.6,PanTHERIA_WR05
Helarctos malayanus,Carnivora,Ursidae,57075.78,57.07578,90.36,PanTHERIA_WR05
Herpestes ichneumon,Carnivora,Herpestidae,2980.02,2.98002,58.09,PanTHERIA_WR05
Herpestes javanicus,Carnivora,Herpestidae,750,0.75,43.59,PanTHERIA_WR05
Felis silvestris,Carnivora,Felidae,4573.08,4.57308,76.01,PanTHERIA_WR05
Fossa fossana,Carnivora,Eupleridae,1853.98,1.85398,66.84,PanTHERIA_WR05
Funambulus pennantii,Rodentia,Sciuridae,102.49,0.10249,56,PanTHERIA_WR05
Funambulus tristriatus,Rodentia,Sciuridae,134.62,0.13462,125.69,PanTHERIA_WR05
Funisciurus congicus,Rodentia,Sciuridae,112,0.112,49.99,PanTHERIA_WR05
Galago demidoff,Primates,Galagidae,66.04,0.06604,43.47,PanTHERIA_WR05
Galago moholi,Primates,Galagidae,191.96,0.19196,90.46,PanTHERIA_WR05
Galago senegalensis,Primates,Galagidae,215.2,0.2152,93.93,PanTHERIA_WR05
Gerbillus nanus,Rodentia,Muridae,25.5,0.0255,27.79,PanTHERIA_WR05
Gerbillus pyramidum,Rodentia,Muridae,42.8,0.0428,27.5,PanTHERIA_WR05
Giraffa camelopardalis,Artiodactyla,Giraffidae,964654.73,964.65473,212.91,PanTHERIA_WR05
Glaucomys sabrinus,Rodentia,Sciuridae,137.53,0.13753,65,PanTHERIA_WR05
Glaucomys volans,Rodentia,Sciuridae,71.9,0.0719,57.23,PanTHERIA_WR05
Glis glis,Rodentia,Gliridae,128.09,0.12809,27.84,PanTHERIA_WR05
Globicephala macrorhynchus,Cetacea,Delphinidae,725999.99,725.99999,729.99,PanTHERIA_WR05
Globicephala melas,Cetacea,Delphinidae,800000,800,608.33,PanTHERIA_WR05
Glossophaga soricina,Chiroptera,Phyllostomidae,9.97,0.00997,32.3,PanTHERIA_WR05
Gorilla gorilla,Primates,Hominidae,112588.99,112.58899,920.35,PanTHERIA_WR05
Grammomys cometes,Rodentia,Muridae,45,0.045,22.5,PanTHERIA_WR05
Grammomys dolichurus,Rodentia,Muridae,41.85,0.04185,23.87,PanTHERIA_WR05
Jaculus jaculus,Rodentia,Dipodidae,59.8,0.0598,66.86,PanTHERIA_WR05
Helogale parvula,Carnivora,Herpestidae,281.83,0.28183,21,PanTHERIA_WR05
Hemicentetes nigriceps,Afrosoricida,Tenrecidae,102.99,0.10299,22.71,PanTHERIA_WR05
Hemicentetes semispinosus,Afrosoricida,Tenrecidae,134,0.134,21.5,PanTHERIA_WR05
Hemiechinus auritus,Erinaceomorpha,Erinaceidae,322.04,0.32204,39.7,PanTHERIA_WR05
Hemigalus derbyanus,Carnivora,Viverridae,1262.7,1.2627,69.6,PanTHERIA_WR05
Hemitragus hylocrius,Artiodactyla,Bovidae,74186.41,74.18641,27.28,PanTHERIA_WR05
Herpestes edwardsi,Carnivora,Herpestidae,1304.67,1.30467,34.8,PanTHERIA_WR05
Hexaprotodon liberiensis,Artiodactyla,Hippopotamidae,235001.16,235.00116,211.71,PanTHERIA_WR05
Hippopotamus amphibius,Artiodactyla,Hippopotamidae,1536310.4,1536.3104,319.01,PanTHERIA_WR05
Hipposideros ater,Chiroptera,Hipposideridae,5.86,0.00586,79.2,PanTHERIA_WR05
Hipposideros caffer,Chiroptera,Hipposideridae,9.46,0.00946,73.48,PanTHERIA_WR05
Hipposideros commersoni,Chiroptera,Hipposideridae,89.99,0.08999,151.03,PanTHERIA_WR05
Hipposideros cyclops,Chiroptera,Hipposideridae,32.92,0.03292,116.92,PanTHERIA_WR05
Hipposideros fulvus,Chiroptera,Hipposideridae,8.83,0.00883,36.58,PanTHERIA_WR05
Hipposideros lankadiva,Chiroptera,Hipposideridae,44.76,0.04476,82.72,PanTHERIA_WR05
Hipposideros speoris,Chiroptera,Hipposideridae,10.39,0.01039,48.38,PanTHERIA_WR05
Hippotragus equinus,Artiodactyla,Bovidae,264173.96,264.17396,119.27,PanTHERIA_WR05
Hippotragus niger,Artiodactyla,Bovidae,236405.9,236.4059,210.73,PanTHERIA_WR05
Histriophoca fasciata,Carnivora,Phocidae,90000,90,24.5,PanTHERIA_WR05
Holochilus brasiliensis,Rodentia,Cricetidae,155,0.155,21,PanTHERIA_WR05
Homo sapiens,Primates,Hominidae,58540.63,58.54063,725.86,PanTHERIA_WR05
Hoplomys gymnurus,Rodentia,Echimyidae,281.42,0.28142,20.88,PanTHERIA_WR05
Hyaena brunnea,Carnivora,Hyaenidae,42977.93,42.97793,302.44,PanTHERIA_WR05
Hyaena hyaena,Carnivora,Hyaenidae,35070.51,35.07051,118.93,PanTHERIA_WR05
Hydrictis maculicollis,Carnivora,Mustelidae,4180.53,4.18053,60.48,PanTHERIA_WR05
Hydrochoerus hydrochaeris,Rodentia,Caviidae,48144.91,48.14491,109.75,PanTHERIA_WR05
Hydrochoerus isthmius,Rodentia,Caviidae,21267.32,21.26732,112,PanTHERIA_WR05
Hydromys chrysogaster,Rodentia,Muridae,626.17,0.62617,30,PanTHERIA_WR05
Hydrurga leptonyx,Carnivora,Phocidae,352675.48,352.67548,30.41,PanTHERIA_WR05
Hyemoschus aquaticus,Artiodactyla,Tragulidae,10850,10.85,136.87,PanTHERIA_WR05
Hylobates lar,Primates,Hylobatidae,5578.61,5.57861,725.86,PanTHERIA_WR05
Lasionycteris noctivagans,Chiroptera,Vespertilionidae,11.02,0.01102,35.99,PanTHERIA_WR05
Lasiurus borealis,Chiroptera,Vespertilionidae,12.33,0.01233,38,PanTHERIA_WR05
Lasiurus cinereus,Chiroptera,Vespertilionidae,27.06,0.02706,36.41,PanTHERIA_WR05
Lavia frons,Chiroptera,Megadermatidae,23.8,0.0238,53.48,PanTHERIA_WR05
Leggadina forresti,Rodentia,Muridae,23.88,0.02388,30,PanTHERIA_WR05
Leggadina lakedownensis,Rodentia,Muridae,17.5,0.0175,30,PanTHERIA_WR05
Lemmiscus curtatus,Rodentia,Cricetidae,28.27,0.02827,21,PanTHERIA_WR05
Marmosa murina,Didelphimorphia,Didelphidae,36.28,0.03628,62,PanTHERIA_WR05
Marmosa robinsoni,Didelphimorphia,Didelphidae,60.57,0.06057,64.63,PanTHERIA_WR05
Marmosops incanus,Didelphimorphia,Didelphidae,59.88,0.05988,64.63,PanTHERIA_WR05
Hylobates pileatus,Primates,Hylobatidae,5542.37,5.54237,635.13,PanTHERIA_WR05
Hylochoerus meinertzhageni,Artiodactyla,Suidae,198130.47,198.13047,62.82,PanTHERIA_WR05
Hyperoodon ampullatus,Cetacea,Ziphiidae,3393361.1,3393.3611,365,PanTHERIA_WR05
Hypsiprymnodon moschatus,Diprotodontia,Hypsiprymnodontidae,534.25,0.53425,268.47,PanTHERIA_WR05
Hypsugo savii,Chiroptera,Vespertilionidae,6.3,0.0063,52.1,PanTHERIA_WR05
Hystrix africaeaustralis,Rodentia,Hystricidae,14936.02,14.93602,70.34,PanTHERIA_WR05
Ictonyx striatus,Carnivora,Mustelidae,811.02,0.81102,59.09,PanTHERIA_WR05
Indri indri,Primates,Indriidae,8565.48,8.56548,331.34,PanTHERIA_WR05
Isoodon macrourus,Peramelemorphia,Peramelidae,1505.77,1.50577,62.99,PanTHERIA_WR05
Isoodon obesulus,Peramelemorphia,Peramelidae,824.76,0.82476,59.99,PanTHERIA_WR05
Kerodon rupestris,Rodentia,Caviidae,799.15,0.79915,34.9,PanTHERIA_WR05
Kobus ellipsiprymnus,Artiodactyla,Bovidae,204393.48,204.39348,212.91,PanTHERIA_WR05
Kobus kob,Artiodactyla,Bovidae,80035.21,80.03521,188.64,PanTHERIA_WR05
Kobus leche,Artiodactyla,Bovidae,88645.04,88.64504,133.45,PanTHERIA_WR05
Kobus vardonii,Artiodactyla,Bovidae,71462.72,71.46272,212.91,PanTHERIA_WR05
Lagenorhynchus acutus,Cetacea,Delphinidae,186517.55,186.51755,547.5,PanTHERIA_WR05
Lagidium peruanum,Rodentia,Chinchillidae,1220,1.22,40.71,PanTHERIA_WR05
Lagidium viscacia,Rodentia,Chinchillidae,1539.99,1.53999,1.94,PanTHERIA_WR05
Lagorchestes conspicillatus,Diprotodontia,Macropodidae,2821.01,2.82101,204,PanTHERIA_WR05
Lagorchestes hirsutus,Diprotodontia,Macropodidae,1407.14,1.40714,150,PanTHERIA_WR05
Manis pentadactyla,Pholidota,Manidae,4675,4.675,85.51,PanTHERIA_WR05
Manis temminckii,Pholidota,Manidae,11943.74,11.94374,59.27,PanTHERIA_WR05
Manis tricuspis,Pholidota,Manidae,1539.31,1.53931,177.82,PanTHERIA_WR05
Meriones persicus,Rodentia,Muridae,107.52,0.10752,19,PanTHERIA_WR05
Meriones shawi,Rodentia,Muridae,90.6,0.0906,29.31,PanTHERIA_WR05
Meriones unguiculatus,Rodentia,Muridae,57.75,0.05775,23.95,PanTHERIA_WR05
Mesembriomys gouldii,Rodentia,Muridae,716.49,0.71649,48.99,PanTHERIA_WR05
Molossus sinaloae,Chiroptera,Molossidae,21.09,0.02109,47.25,PanTHERIA_WR05
Monachus monachus,Carnivora,Phocidae,294881.33,294.88133,42.75,PanTHERIA_WR05
Monachus schauinslandi,Carnivora,Phocidae,222999.99,222.99999,37.13,PanTHERIA_WR05
Monodelphis dimidiata,Didelphimorphia,Didelphidae,44.56,0.04456,55.68,PanTHERIA_WR05
Monodelphis domestica,Didelphimorphia,Didelphidae,93.45,0.09345,49.49,PanTHERIA_WR05
Megaptera novaeangliae,Cetacea,Balaenopteridae,30000000,30000,318.46,PanTHERIA_WR05
Meles meles,Carnivora,Mustelidae,11884.03,11.88403,91.3,PanTHERIA_WR05
Mellivora capensis,Carnivora,Mustelidae,8999.99,8.99999,23.86,PanTHERIA_WR05
Miopithecus talapoin,Primates,Cercopithecidae,1248.86,1.24886,178.98,PanTHERIA_WR05
Mirounga angustirostris,Carnivora,Phocidae,1112390.8,1112.3908,27.37,PanTHERIA_WR05
Mirounga leonina,Carnivora,Phocidae,1600000,1600,22.93,PanTHERIA_WR05
Mirza coquereli,Primates,Cheirogaleidae,326.5,0.3265,136,PanTHERIA_WR05
Molossus molossus,Chiroptera,Molossidae,13.7,0.0137,60.45,PanTHERIA_WR05
Monodon monoceros,Cetacea,Monodontidae,938126.44,938.12644,608.33,PanTHERIA_WR05
Mops condylurus,Chiroptera,Molossidae,26.59,0.02659,49.99,PanTHERIA_WR05
Moschus berezovskii,Artiodactyla,Moschidae,12477.41,12.47741,47.14,PanTHERIA_WR05
Moschus chrysogaster,Artiodactyla,Moschidae,13697.9,13.6979,47.14,PanTHERIA_WR05
Moschus fuscus,Artiodactyla,Moschidae,13697.9,13.6979,47.14,PanTHERIA_WR05
Moschus moschiferus,Artiodactyla,Moschidae,13315.57,13.31557,47.14,PanTHERIA_WR05
Mungos mungo,Carnivora,Herpestidae,1260,1.26,20.88,PanTHERIA_WR05
Mungotictis decemlineata,Carnivora,Eupleridae,657.03,0.65703,45.1,PanTHERIA_WR05
Marmota caligata,Rodentia,Sciuridae,2253.71,2.25371,24.36,PanTHERIA_WR05
Marmota caudata,Rodentia,Sciuridae,4350,4.35,34.8,PanTHERIA_WR05
Marmota flaviventris,Rodentia,Sciuridae,3709.73,3.70973,25,PanTHERIA_WR05
Marmota marmota,Rodentia,Sciuridae,4059.15,4.05915,49.18,PanTHERIA_WR05
Marmota monax,Rodentia,Sciuridae,3880.93,3.88093,43.83,PanTHERIA_WR05
Marmota olympus,Rodentia,Sciuridae,6299.99,6.29999,34.73,PanTHERIA_WR05
Lemmus lemmus,Rodentia,Cricetidae,67.62,0.06762,20.15,PanTHERIA_WR05
Lasiorhinus krefftii,Diprotodontia,Vombatidae,31849.99,31.84999,362.93,PanTHERIA_WR05
Lasiorhinus latifrons,Diprotodontia,Vombatidae,26163.8,26.1638,326.07,PanTHERIA_WR05
Lemniscomys striatus,Rodentia,Muridae,43.65,0.04365,27.28,PanTHERIA_WR05
Lemur catta,Primates,Lemuridae,2626.48,2.62648,126.51,PanTHERIA_WR05
Leontopithecus rosalia,Primates,Cebidae,592.52,0.59252,75.69,PanTHERIA_WR05
Leopardus pardalis,Carnivora,Felidae,11880,11.88,106.18,PanTHERIA_WR05
Leopardus wiedii,Carnivora,Felidae,3270.81,3.27081,93.4,PanTHERIA_WR05
Lepilemur leucopus,Primates,Lepilemuridae,599.99,0.59999,121.66,PanTHERIA_WR05
Lepilemur mustelinus,Primates,Lepilemuridae,669.03,0.66903,76.21,PanTHERIA_WR05
Lepilemur ruficaudatus,Primates,Lepilemuridae,763.36,0.76336,119.32,PanTHERIA_WR05
Lepilemur septentrionalis,Primates,Lepilemuridae,755.77,0.75577,120.97,PanTHERIA_WR05
Leporillus conditor,Rodentia,Muridae,328.82,0.32882,40.87,PanTHERIA_WR05
Leptailurus serval,Carnivora,Felidae,11999.96,11.99996,104.68,PanTHERIA_WR05
Leptonychotes weddellii,Carnivora,Phocidae,400000,400,43.35,PanTHERIA_WR05
Leptonycteris curasoae,Chiroptera,Phyllostomidae,25.27,0.02527,41.99,PanTHERIA_WR05
Leptonycteris yerbabuenae,Chiroptera,Phyllostomidae,22.24,0.02224,41.99,PanTHERIA_WR05
Lepus americanus,Lagomorpha,Leporidae,1568.42,1.56842,22.98,PanTHERIA_WR05
Lepus californicus,Lagomorpha,Leporidae,2422.48,2.42248,19.85,PanTHERIA_WR05
Lepus capensis,Lagomorpha,Leporidae,2047.11,2.04711,27.63,PanTHERIA_WR05
Lepus othus,Lagomorpha,Leporidae,4837.35,4.83735,48.99,PanTHERIA_WR05
Lepus townsendii,Lagomorpha,Leporidae,3371.64,3.37164,29.23,PanTHERIA_WR05
Liomys pictus,Rodentia,Heteromyidae,43.28,0.04328,25.9,PanTHERIA_WR05
Liomys salvini,Rodentia,Heteromyidae,41.99,0.04199,24.81,PanTHERIA_WR05
Lobodon carcinophaga,Carnivora,Phocidae,224999.99,224.99999,31.32,PanTHERIA_WR05
Lontra canadensis,Carnivora,Mustelidae,8087.42,8.08742,121.66,PanTHERIA_WR05
Lophiomys imhausi,Rodentia,Cricetidae,755,0.755,39.7,PanTHERIA_WR05
Lophocebus albigena,Primates,Cercopithecidae,7418.71,7.41871,211.71,PanTHERIA_WR05
Lophuromys flavopunctatus,Rodentia,Muridae,57.07,0.05707,42.72,PanTHERIA_WR05
Lophuromys sikapusi,Rodentia,Muridae,62.72,0.06272,13.67,PanTHERIA_WR05
Loris tardigradus,Primates,Lorisidae,249.22,0.24922,167.49,PanTHERIA_WR05
Loxodonta africana,Proboscidea,Elephantidae,3824539.9,3824.5399,1088.8,PanTHERIA_WR05
Lutra lutra,Carnivora,Mustelidae,8868.69,8.86869,100.8,PanTHERIA_WR05
Lutrogale perspicillata,Carnivora,Mustelidae,8912.49,8.91249,72.53,PanTHERIA_WR05
Lycalopex culpaeus,Carnivora,Canidae,8616.24,8.61624,48.22,PanTHERIA_WR05
Lycaon pictus,Carnivora,Canidae,21999.99,21.99999,27.28,PanTHERIA_WR05
Lynx canadensis,Carnivora,Felidae,9682.82,9.68282,111.36,PanTHERIA_WR05
Lynx lynx,Carnivora,Felidae,19300,19.3,81.85,PanTHERIA_WR05
Lynx rufus,Carnivora,Felidae,6374.47,6.37447,59.99,PanTHERIA_WR05
Macaca arctoides,Primates,Cercopithecidae,9358.04,9.35804,377.66,PanTHERIA_WR05
Macaca cyclopis,Primates,Cercopithecidae,5748.94,5.74894,205.24,PanTHERIA_WR05
Macaca fascicularis,Primates,Cercopithecidae,4569.32,4.56932,283.53,PanTHERIA_WR05
Macaca fuscata,Primates,Cercopithecidae,10114.76,10.11476,265.04,PanTHERIA_WR05
Macaca maura,Primates,Cercopithecidae,7290.3,7.2903,497.16,PanTHERIA_WR05
Macaca mulatta,Primates,Cercopithecidae,6455.19,6.45519,304.16,PanTHERIA_WR05
Macaca nemestrina,Primates,Cercopithecidae,7820.78,7.82078,292.6,PanTHERIA_WR05
Macaca nigra,Primates,Cercopithecidae,7359.39,7.35939,365,PanTHERIA_WR05
Macaca pagensis,Primates,Cercopithecidae,4534.66,4.53466,272.2,PanTHERIA_WR05
Macaca radiata,Primates,Cercopithecidae,4999.99,4.99999,332.25,PanTHERIA_WR05
Macaca silenus,Primates,Cercopithecidae,5995.25,5.99525,362.93,PanTHERIA_WR05
Macaca sylvanus,Primates,Cercopithecidae,11471.53,11.47153,210.25,PanTHERIA_WR05
Macaca thibetana,Primates,Cercopithecidae,10593.06,10.59306,451.79,PanTHERIA_WR05
Meriones hurrianae,Rodentia,Muridae,71.02,0.07102,19.85,PanTHERIA_WR05
Meriones libycus,Rodentia,Muridae,91.33,0.09133,30.18,PanTHERIA_WR05
Mesocricetus auratus,Rodentia,Cricetidae,98.6,0.0986,18.65,PanTHERIA_WR05
Mesocricetus brandti,Rodentia,Cricetidae,198,0.198,20,PanTHERIA_WR05
Mesoplodon bidens,Cetacea,Ziphiidae,3400000,3400,365,PanTHERIA_WR05
Macroglossus minimus,Chiroptera,Pteropodidae,16.3,0.0163,65,PanTHERIA_WR05
Macropus agilis,Diprotodontia,Macropodidae,11815.75,11.81575,321.74,PanTHERIA_WR05
Macropus antilopinus,Diprotodontia,Macropodidae,27250.1,27.2501,424.79,PanTHERIA_WR05
Macropus eugenii,Diprotodontia,Macropodidae,5278.48,5.27848,315,PanTHERIA_WR05
Macropus fuliginosus,Diprotodontia,Macropodidae,25564.7,25.5647,518.67,PanTHERIA_WR05
Macropus giganteus,Diprotodontia,Macropodidae,33409.89,33.40989,510.82,PanTHERIA_WR05
Macropus parma,Diprotodontia,Macropodidae,4156.62,4.15662,292.33,PanTHERIA_WR05
Macropus parryi,Diprotodontia,Macropodidae,12629.83,12.62983,443.42,PanTHERIA_WR05
Macropus robustus,Diprotodontia,Macropodidae,25978.92,25.97892,366.19,PanTHERIA_WR05
Macropus rufogriseus,Diprotodontia,Macropodidae,16850,16.85,426.22,PanTHERIA_WR05
Macropus rufus,Diprotodontia,Macropodidae,38968.39,38.96839,359.99,PanTHERIA_WR05
Macroscelides proboscideus,Macroscelidea,Macroscelididae,38.64,0.03864,4.99,PanTHERIA_WR05
Macrotis lagotis,Peramelemorphia,Thylacomyidae,1229.58,1.22958,93.73,PanTHERIA_WR05
Macrotus californicus,Chiroptera,Phyllostomidae,11.83,0.01183,35.51,PanTHERIA_WR05
Madoqua guentheri,Artiodactyla,Bovidae,4623.7,4.6237,74.25,PanTHERIA_WR05
Madoqua kirkii,Artiodactyla,Bovidae,4833.4,4.8334,42.58,PanTHERIA_WR05
Madoqua saltiana,Artiodactyla,Bovidae,3424.47,3.42447,41.99,PanTHERIA_WR05
Malacothrix typica,Rodentia,Nesomyidae,17.02,0.01702,31.81,PanTHERIA_WR05
Mammelomys lanosus,Rodentia,Muridae,117.1,0.1171,20,PanTHERIA_WR05
Mammelomys rattoides,Rodentia,Muridae,209.49,0.20949,20,PanTHERIA_WR05
Mandrillus leucophaeus,Primates,Cercopithecidae,14253.3,14.2533,486.66,PanTHERIA_WR05
Mandrillus sphinx,Primates,Cercopithecidae,16685.06,16.68506,348.01,PanTHERIA_WR05
Martes americana,Carnivora,Mustelidae,873.69,0.87369,45.73,PanTHERIA_WR05
Martes flavigula,Carnivora,Mustelidae,2504.64,2.50464,89.49,PanTHERIA_WR05
Martes foina,Carnivora,Mustelidae,1675,1.675,74.11,PanTHERIA_WR05
Martes gwatkinsii,Carnivora,Mustelidae,2038.49,2.03849,90.73,PanTHERIA_WR05
Martes martes,Carnivora,Mustelidae,1299.99,1.29999,54.19,PanTHERIA_WR05
Martes pennanti,Carnivora,Mustelidae,3750,3.75,76.76,PanTHERIA_WR05
Martes zibellina,Carnivora,Mustelidae,1173.91,1.17391,52.23,PanTHERIA_WR05
Mastacomys fuscus,Rodentia,Muridae,125.72,0.12572,43.54,PanTHERIA_WR05
Mastomys natalensis,Rodentia,Muridae,41.85,0.04185,20,PanTHERIA_WR05
Megaderma lyra,Chiroptera,Megadermatidae,39.27,0.03927,44.58,PanTHERIA_WR05
Megaderma spasma,Chiroptera,Megadermatidae,24.71,0.02471,31.5,PanTHERIA_WR05
Megadontomys thomasi,Rodentia,Cricetidae,110.52,0.11052,29.88,PanTHERIA_WR05
Melomys cervinipes,Rodentia,Muridae,71.2,0.0712,38.47,PanTHERIA_WR05
Melomys leucogaster,Rodentia,Muridae,104.17,0.10417,20,PanTHERIA_WR05
Melomys rufescens,Rodentia,Muridae,60.1,0.0601,20,PanTHERIA_WR05
Melursus ursinus,Carnivora,Ursidae,99999.99,99.99999,194.67,PanTHERIA_WR05
Mephitis mephitis,Carnivora,Mephitidae,2399.99,2.39999,55.15,PanTHERIA_WR05
Meriones crassus,Rodentia,Muridae,69.94,0.06994,30.24,PanTHERIA_WR05
Microtus montanus,Rodentia,Cricetidae,42.85,0.04285,15,PanTHERIA_WR05
Microtus montebelli,Rodentia,Cricetidae,29.49,0.02949,17.25,PanTHERIA_WR05
Microtus ochrogaster,Rodentia,Cricetidae,42.5,0.0425,21,PanTHERIA_WR05
Microtus oeconomus,Rodentia,Cricetidae,33.1,0.0331,20,PanTHERIA_WR05
Microtus oregoni,Rodentia,Cricetidae,20.35,0.02035,13.91,PanTHERIA_WR05
Microtus pennsylvanicus,Rodentia,Cricetidae,42.53,0.04253,12.92,PanTHERIA_WR05
Microtus pinetorum,Rodentia,Cricetidae,25.95,0.02595,20.08,PanTHERIA_WR05
Microtus socialis,Rodentia,Cricetidae,48,0.048,24.11,PanTHERIA_WR05
Microtus subterraneus,Rodentia,Cricetidae,17.74,0.01774,23.23,PanTHERIA_WR05
Microtus townsendii,Rodentia,Cricetidae,52.02,0.05202,15.44,PanTHERIA_WR05
Microtus xanthognathus,Rodentia,Cricetidae,92.65,0.09265,30.41,PanTHERIA_WR05
Miniopterus natalensis,Chiroptera,Vespertilionidae,10.43,0.01043,58.59,PanTHERIA_WR05
Miniopterus schreibersii,Chiroptera,Vespertilionidae,11.46,0.01146,60.19,PanTHERIA_WR05
Micaelamys namaquensis,Rodentia,Muridae,57.1,0.0571,27.5,PanTHERIA_WR05
Microcavia australis,Rodentia,Caviidae,261.49,0.26149,20.86,PanTHERIA_WR05
Microcavia niata,Rodentia,Caviidae,254.67,0.25467,20.88,PanTHERIA_WR05
Microcavia shiptoni,Rodentia,Caviidae,185,0.185,20.88,PanTHERIA_WR05
Microcebus murinus,Primates,Cheirogaleidae,69,0.069,40.45,PanTHERIA_WR05
Microcebus rufus,Primates,Cheirogaleidae,48.39,0.04839,40,PanTHERIA_WR05
Microgale dobsoni,Afrosoricida,Tenrecidae,36.66,0.03666,27.87,PanTHERIA_WR05
Microgale talazaci,Afrosoricida,Tenrecidae,43.07,0.04307,29.38,PanTHERIA_WR05
Micromys minutus,Rodentia,Muridae,6.99,0.00699,15,PanTHERIA_WR05
Micropteropus pusillus,Chiroptera,Pteropodidae,25.38,0.02538,55.18,PanTHERIA_WR05
Microtus abbreviatus,Rodentia,Cricetidae,66.06,0.06606,14.88,PanTHERIA_WR05
Microtus agrestis,Rodentia,Cricetidae,35.87,0.03587,13.9,PanTHERIA_WR05
Microtus arvalis,Rodentia,Cricetidae,26.9,0.0269,17.18,PanTHERIA_WR05
Microtus californicus,Rodentia,Cricetidae,57.42,0.05742,17.36,PanTHERIA_WR05
Microtus canicaudus,Rodentia,Cricetidae,29.93,0.02993,18,PanTHERIA_WR05
Myotis sodalis,Chiroptera,Vespertilionidae,7.15,0.00715,46.07,PanTHERIA_WR05
Myotis thysanodes,Chiroptera,Vespertilionidae,8.49,0.00849,22.69,PanTHERIA_WR05
Myotis tricolor,Chiroptera,Vespertilionidae,13.67,0.01367,41.88,PanTHERIA_WR05
Myotis velifer,Chiroptera,Vespertilionidae,9.82,0.00982,43,PanTHERIA_WR05
Myotomys sloggetti,Rodentia,Muridae,106.25,0.10625,16,PanTHERIA_WR05
Myotomys unisulcatus,Rodentia,Muridae,102.5,0.1025,13.92,PanTHERIA_WR05
Myrmecobius fasciatus,Dasyuromorphia,Myrmecobiidae,511.44,0.51144,269.23,PanTHERIA_WR05
Myrmecophaga tridactyla,Pilosa,Myrmecophagidae,29531.83,29.53183,79.96,PanTHERIA_WR05
Mystromys albicaudatus,Rodentia,Nesomyidae,86.85,0.08685,32,PanTHERIA_WR05
Naemorhedus goral,Artiodactyla,Bovidae,28796.51,28.79651,59.27,PanTHERIA_WR05
Nandinia binotata,Carnivora,Nandiniidae,2167.2,2.1672,63.81,PanTHERIA_WR05
Microtus guentheri,Rodentia,Cricetidae,49.99,0.04999,18.49,PanTHERIA_WR05
Mus minutoides,Rodentia,Muridae,6.43,0.00643,20.19,PanTHERIA_WR05
Mus musculoides,Rodentia,Muridae,8.23,0.00823,23.82,PanTHERIA_WR05
Mus musculus,Rodentia,Muridae,19.3,0.0193,21.5,PanTHERIA_WR05
Mus triton,Rodentia,Muridae,12.62,0.01262,27.5,PanTHERIA_WR05
Muscardinus avellanarius,Rodentia,Gliridae,29.19,0.02919,37.61,PanTHERIA_WR05
Mustela altaica,Carnivora,Mustelidae,180.24,0.18024,56,PanTHERIA_WR05
Mustela erminea,Carnivora,Mustelidae,284.5,0.2845,60.93,PanTHERIA_WR05
Mustela eversmanii,Carnivora,Mustelidae,1684.21,1.68421,48.8,PanTHERIA_WR05
Mustela frenata,Carnivora,Mustelidae,190.03,0.19003,34.23,PanTHERIA_WR05
Mustela lutreola,Carnivora,Mustelidae,566.44,0.56644,58.71,PanTHERIA_WR05
Mustela nigripes,Carnivora,Mustelidae,907.1,0.9071,59.66,PanTHERIA_WR05
Mustela nivalis,Carnivora,Mustelidae,78.45,0.07845,36.74,PanTHERIA_WR05
Mustela putorius,Carnivora,Mustelidae,975.55,0.97555,54.39,PanTHERIA_WR05
Mustela sibirica,Carnivora,Mustelidae,530.85,0.53085,58.2,PanTHERIA_WR05
Myocastor coypus,Rodentia,Myocastoridae,6361.55,6.36155,52.83,PanTHERIA_WR05
Myodes gapperi,Rodentia,Cricetidae,19.83,0.01983,30.87,PanTHERIA_WR05
Myodes glareolus,Rodentia,Cricetidae,20.73,0.02073,19.73,PanTHERIA_WR05
Myodes smithii,Rodentia,Cricetidae,34.94,0.03494,27.34,PanTHERIA_WR05
Myoprocta acouchy,Rodentia,Dasyproctidae,954.87,0.95487,26.19,PanTHERIA_WR05
Myoprocta pratti,Rodentia,Dasyproctidae,966.73,0.96673,48.63,PanTHERIA_WR05
Myopus schisticolor,Rodentia,Cricetidae,29.99,0.02999,19.86,PanTHERIA_WR05
Myosorex varius,Soricomorpha,Soricidae,11.68,0.01168,21,PanTHERIA_WR05
Myotis adversus,Chiroptera,Vespertilionidae,10.41,0.01041,56.28,PanTHERIA_WR05
Myotis albescens,Chiroptera,Vespertilionidae,5.69,0.00569,30.2,PanTHERIA_WR05
Myotis austroriparius,Chiroptera,Vespertilionidae,7.35,0.00735,46.8,PanTHERIA_WR05
Myotis californicus,Chiroptera,Vespertilionidae,4.39,0.00439,89.79,PanTHERIA_WR05
Myotis daubentonii,Chiroptera,Vespertilionidae,7.63,0.00763,35.33,PanTHERIA_WR05
Myotis emarginatus,Chiroptera,Vespertilionidae,7.56,0.00756,41.61,PanTHERIA_WR05
Myotis grisescens,Chiroptera,Vespertilionidae,10.84,0.01084,42.35,PanTHERIA_WR05
Myotis keenii,Chiroptera,Vespertilionidae,6.51,0.00651,38.93,PanTHERIA_WR05
Myotis lucifugus,Chiroptera,Vespertilionidae,7.8,0.0078,26,PanTHERIA_WR05
Myotis myotis,Chiroptera,Vespertilionidae,25.59,0.02559,41.99,PanTHERIA_WR05
Myotis nattereri,Chiroptera,Vespertilionidae,7.25,0.00725,60.41,PanTHERIA_WR05
Napaeozapus insignis,Rodentia,Dipodidae,22.25,0.02225,34.99,PanTHERIA_WR05
Nasalis larvatus,Primates,Cercopithecidae,12265.65,12.26565,211.75,PanTHERIA_WR05
Nasua narica,Carnivora,Procyonidae,4578.43,4.57843,132.63,PanTHERIA_WR05
Nasua nasua,Carnivora,Procyonidae,3775.5,3.7755,113.15,PanTHERIA_WR05
Natalus stramineus,Chiroptera,Natalidae,5.68,0.00568,50.53,PanTHERIA_WR05
Neofelis nebulosa,Carnivora,Felidae,14945.05,14.94505,111.67,PanTHERIA_WR05
Neofiber alleni,Rodentia,Cricetidae,265.38,0.26538,20.92,PanTHERIA_WR05
Neomys anomalus,Soricomorpha,Soricidae,13.19,0.01319,27.84,PanTHERIA_WR05
Neomys fodiens,Soricomorpha,Soricidae,15.26,0.01526,35.34,PanTHERIA_WR05
Neophoca cinerea,Carnivora,Otariidae,189274.99,189.27499,542.19,PanTHERIA_WR05
Neophocaena phocaenoides,Cetacea,Phocoenidae,32500,32.5,319.37,PanTHERIA_WR05
Neotoma albigula,Rodentia,Cricetidae,208.18,0.20818,33.5,PanTHERIA_WR05
Neotoma cinerea,Rodentia,Cricetidae,285.89,0.28589,26.35,PanTHERIA_WR05
Neotoma floridana,Rodentia,Cricetidae,249.16,0.24916,37.31,PanTHERIA_WR05
Neotoma fuscipes,Rodentia,Cricetidae,213.26,0.21326,27.49,PanTHERIA_WR05
Neotoma lepida,Rodentia,Cricetidae,143.88,0.14388,33.24,PanTHERIA_WR05
Neotoma magister,Rodentia,Cricetidae,447,0.447,25.8,PanTHERIA_WR05
Ochotona alpina,Lagomorpha,Ochotonidae,150,0.15,21,PanTHERIA_WR05
Ochotona cansus,Lagomorpha,Ochotonidae,68.75,0.06875,18,PanTHERIA_WR05
Ochotona princeps,Lagomorpha,Ochotonidae,157.63,0.15763,26.45,PanTHERIA_WR05
Ochotona pusilla,Lagomorpha,Ochotonidae,142.5,0.1425,21,PanTHERIA_WR05
Ochotona roylei,Lagomorpha,Ochotonidae,260,0.26,21,PanTHERIA_WR05
Oenomys hypoxanthus,Rodentia,Muridae,89.84,0.08984,30,PanTHERIA_WR05
Okapia johnstoni,Artiodactyla,Giraffidae,230001.14,230.00114,181.46,PanTHERIA_WR05
Oligoryzomys nigripes,Rodentia,Cricetidae,20.33,0.02033,14.44,PanTHERIA_WR05
Ommatophoca rossii,Carnivora,Phocidae,208252.12,208.25212,27.84,PanTHERIA_WR05
Ondatra zibethicus,Rodentia,Cricetidae,991.31,0.99131,27.84,PanTHERIA_WR05
Onychogalea fraenata,Diprotodontia,Macropodidae,4952.05,4.95205,164.53,PanTHERIA_WR05
Oryzomys palustris,Rodentia,Cricetidae,53.26,0.05326,11.44,PanTHERIA_WR05
Neotoma micropus,Rodentia,Cricetidae,255.14,0.25514,29.83,PanTHERIA_WR05
Neotoma stephensi,Rodentia,Cricetidae,149.22,0.14922,36.6,PanTHERIA_WR05
Ningaui ridei,Dasyuromorphia,Dasyuridae,9.42,0.00942,90.74,PanTHERIA_WR05
Noctilio albiventris,Chiroptera,Noctilionidae,31.46,0.03146,77.56,PanTHERIA_WR05
Nomascus concolor,Primates,Hylobatidae,6410.47,6.41047,635.13,PanTHERIA_WR05
Notiosorex crawfordi,Soricomorpha,Soricidae,4.79,0.00479,39.7,PanTHERIA_WR05
Notomys alexis,Rodentia,Muridae,32.34,0.03234,30,PanTHERIA_WR05
Notomys cervinus,Rodentia,Muridae,34.79,0.03479,32.62,PanTHERIA_WR05
Notomys fuscus,Rodentia,Muridae,39.28,0.03928,30,PanTHERIA_WR05
Notomys mitchellii,Rodentia,Muridae,42.8,0.0428,30.2,PanTHERIA_WR05
Nyctalus lasiopterus,Chiroptera,Vespertilionidae,45.98,0.04598,59.44,PanTHERIA_WR05
Nyctalus noctula,Chiroptera,Vespertilionidae,28.48,0.02848,47.89,PanTHERIA_WR05
Nyctereutes procyonoides,Carnivora,Canidae,4214.99,4.21499,49.69,PanTHERIA_WR05
Nycteris arge,Chiroptera,Nycteridae,10.79,0.01079,58.26,PanTHERIA_WR05
Nycteris macrotis,Chiroptera,Nycteridae,14.49,0.01449,60.41,PanTHERIA_WR05
Nycteris nana,Chiroptera,Nycteridae,6.98,0.00698,52.5,PanTHERIA_WR05
Nycteris thebaica,Chiroptera,Nycteridae,9.2,0.0092,60.83,PanTHERIA_WR05
Nycticebus coucang,Primates,Lorisidae,924.55,0.92455,181.21,PanTHERIA_WR05
Nycticeius humeralis,Chiroptera,Vespertilionidae,9.12,0.00912,28.28,PanTHERIA_WR05
Nyctimene rabori,Chiroptera,Pteropodidae,68.25,0.06825,105,PanTHERIA_WR05
Nyctomys sumichrasti,Rodentia,Cricetidae,59.99,0.05999,24.85,PanTHERIA_WR05
Nyctophilus gouldi,Chiroptera,Vespertilionidae,11.32,0.01132,44.34,PanTHERIA_WR05
Ochotona rufescens,Lagomorpha,Ochotonidae,250,0.25,19.09,PanTHERIA_WR05
Ochrotomys nuttalli,Rodentia,Cricetidae,22.81,0.02281,20.84,PanTHERIA_WR05
Octodon degus,Rodentia,Octodontidae,203.27,0.20327,31.12,PanTHERIA_WR05
Odobenus rosmarus,Carnivora,Odobenidae,1042996.2,1042.9962,591.36,PanTHERIA_WR05
Odocoileus hemionus,Artiodactyla,Cervidae,84560.57,84.56057,73.49,PanTHERIA_WR05
Odocoileus virginianus,Artiodactyla,Cervidae,75901.25,75.90125,79.92,PanTHERIA_WR05
Onychomys leucogaster,Rodentia,Cricetidae,27.92,0.02792,22.82,PanTHERIA_WR05
Onychomys torridus,Rodentia,Cricetidae,21.68,0.02168,19.86,PanTHERIA_WR05
Orcinus orca,Cetacea,Delphinidae,5628758.7,5628.7587,415.76,PanTHERIA_WR05
Oreamnos americanus,Artiodactyla,Bovidae,72105.4,72.1054,84.86,PanTHERIA_WR05
Oreotragus oreotragus,Artiodactyla,Bovidae,13486.55,13.48655,136.87,PanTHERIA_WR05
Ornithorhynchus anatinus,Monotremata,Ornithorhynchidae,1484.25,1.48425,120.97,PanTHERIA_WR05
Orycteropus afer,Tubulidentata,Orycteropodidae,56175.2,56.1752,40.92,PanTHERIA_WR05
Oryctolagus cuniculus,Lagomorpha,Leporidae,1590.57,1.59057,26.3,PanTHERIA_WR05
Oryx leucoryx,Artiodactyla,Bovidae,75788.24,75.78824,58.46,PanTHERIA_WR05
Oryzomys subflavus,Rodentia,Cricetidae,49.91,0.04991,28,PanTHERIA_WR05
Otaria flavescens,Carnivora,Otariidae,193670.53,193.67053,363.96,PanTHERIA_WR05
Otocyon megalotis,Carnivora,Canidae,4098.12,4.09812,42.46,PanTHERIA_WR05
Otolemur crassicaudatus,Primates,Galagidae,1206.61,1.20661,124.62,PanTHERIA_WR05
Otolemur garnettii,Primates,Galagidae,811.17,0.81117,139.2,PanTHERIA_WR05
Otomys angoniensis,Rodentia,Muridae,100.64,0.10064,15.9,PanTHERIA_WR05
Otomys irroratus,Rodentia,Muridae,114.45,0.11445,12.96,PanTHERIA_WR05
Ototylomys phyllotis,Rodentia,Cricetidae,86.94,0.08694,67.72,PanTHERIA_WR05
Ourebia ourebi,Artiodactyla,Bovidae,17186.09,17.18609,136.87,PanTHERIA_WR05
Ovibos moschatus,Artiodactyla,Bovidae,312500,312.5,254.48,PanTHERIA_WR05
Ovis ammon,Artiodactyla,Bovidae,113998.72,113.99872,76.61,PanTHERIA_WR05
Ovis aries,Artiodactyla,Bovidae,39097.89,39.09789,182.5,PanTHERIA_WR05
Ovis canadensis,Artiodactyla,Bovidae,74644.87,74.64487,130.8,PanTHERIA_WR05
Ovis dalli,Artiodactyla,Bovidae,70194.13,70.19413,121.66,PanTHERIA_WR05
Oxymycterus rufus,Rodentia,Cricetidae,82.01,0.08201,13.94,PanTHERIA_WR05
Ozotoceros bezoarticus,Artiodactyla,Cervidae,34620.4,34.6204,362.93,PanTHERIA_WR05
Pachyuromys duprasi,Rodentia,Muridae,47.5,0.0475,33.62,PanTHERIA_WR05
Pagophilus groenlandicus,Carnivora,Phocidae,132250,132.25,11.45,PanTHERIA_WR05
Paguma larvata,Carnivora,Viverridae,4300,4.3,109.13,PanTHERIA_WR05
Pan paniscus,Primates,Hominidae,35119.95,35.11995,1081.31,PanTHERIA_WR05
Pan troglodytes,Primates,Hominidae,45000,45,1260.81,PanTHERIA_WR05
Panthera leo,Carnivora,Felidae,158623.93,158.62393,197.86,PanTHERIA_WR05
Panthera onca,Carnivora,Felidae,83943.09,83.94309,156.6,PanTHERIA_WR05
Panthera pardus,Carnivora,Felidae,52399.99,52.39999,123.54,PanTHERIA_WR05
Panthera tigris,Carnivora,Felidae,161914.66,161.91466,118.55,PanTHERIA_WR05
Phocoena phocoena,Cetacea,Phocoenidae,52730.93,52.73093,258.09,PanTHERIA_WR05
Phocoenoides dalli,Cetacea,Phocoenidae,106042.53,106.04253,91.24,PanTHERIA_WR05
Phodopus sungorus,Rodentia,Cricetidae,30.43,0.03043,20,PanTHERIA_WR05
Phoniscus jagorii,Chiroptera,Vespertilionidae,4.7,0.0047,83.7,PanTHERIA_WR05
Papio anubis,Primates,Cercopithecidae,17728.56,17.72856,596.6,PanTHERIA_WR05
Papio cynocephalus,Primates,Cercopithecidae,15822.15,15.82215,450.42,PanTHERIA_WR05
Papio hamadryas,Primates,Cercopithecidae,14007.08,14.00708,363.96,PanTHERIA_WR05
Papio ursinus,Primates,Cercopithecidae,17729.44,17.72944,877.09,PanTHERIA_WR05
Paraechinus aethiopicus,Erinaceomorpha,Erinaceidae,352.4,0.3524,67.27,PanTHERIA_WR05
Paraechinus micropus,Erinaceomorpha,Erinaceidae,171,0.171,45.05,PanTHERIA_WR05
Paramelomys levipes,Rodentia,Muridae,82.81,0.08281,20,PanTHERIA_WR05
Paramelomys lorentzii,Rodentia,Muridae,150,0.15,20,PanTHERIA_WR05
Paramelomys mollis,Rodentia,Muridae,90.05,0.09005,20,PanTHERIA_WR05
Paramelomys moncktoni,Rodentia,Muridae,80.56,0.08056,20,PanTHERIA_WR05
Paramelomys platyops,Rodentia,Muridae,85.6,0.0856,20,PanTHERIA_WR05
Paramelomys rubex,Rodentia,Muridae,47.16,0.04716,20,PanTHERIA_WR05
Parantechinus apicalis,Dasyuromorphia,Dasyuridae,71.31,0.07131,112.7,PanTHERIA_WR05
Parascalops breweri,Soricomorpha,Talpidae,51.11,0.05111,30.24,PanTHERIA_WR05
Paraxerus cepapi,Rodentia,Sciuridae,222.85,0.22285,38.39,PanTHERIA_WR05
Paraxerus ochraceus,Rodentia,Sciuridae,104.3,0.1043,24.36,PanTHERIA_WR05
Paraxerus palliatus,Rodentia,Sciuridae,365.37,0.36537,52.5,PanTHERIA_WR05
Pecari tajacu,Artiodactyla,Tayassuidae,21133.69,21.13369,47.25,PanTHERIA_WR05
Pedetes capensis,Rodentia,Pedetidae,2549.25,2.54925,45.61,PanTHERIA_WR05
Perameles gunnii,Peramelemorphia,Peramelidae,903.46,0.90346,59.99,PanTHERIA_WR05
Perameles nasuta,Peramelemorphia,Peramelidae,720.26,0.72026,66.99,PanTHERIA_WR05
Perodicticus potto,Primates,Lorisidae,1081.81,1.08181,149.15,PanTHERIA_WR05
Perognathus flavus,Rodentia,Heteromyidae,7.97,0.00797,29.83,PanTHERIA_WR05
Perognathus longimembris,Rodentia,Heteromyidae,8.07,0.00807,18.67,PanTHERIA_WR05
Perognathus parvus,Rodentia,Heteromyidae,21.56,0.02156,21,PanTHERIA_WR05
Peromyscus californicus,Rodentia,Cricetidae,42.68,0.04268,29.83,PanTHERIA_WR05
Peromyscus crinitus,Rodentia,Cricetidae,16.32,0.01632,23.91,PanTHERIA_WR05
Peromyscus difficilis,Rodentia,Cricetidae,27.95,0.02795,25.9,PanTHERIA_WR05
Peromyscus eremicus,Rodentia,Cricetidae,22.73,0.02273,20.88,PanTHERIA_WR05
Peromyscus gossypinus,Rodentia,Cricetidae,27.68,0.02768,22.33,PanTHERIA_WR05
Peromyscus hooperi,Rodentia,Cricetidae,35.99,0.03599,22.67,PanTHERIA_WR05
Peromyscus leucopus,Rodentia,Cricetidae,18.07,0.01807,21.49,PanTHERIA_WR05
Pteronura brasiliensis,Carnivora,Mustelidae,26000,26,120.48,PanTHERIA_WR05
Pteropus alecto,Chiroptera,Pteropodidae,610.13,0.61013,89.17,PanTHERIA_WR05
Peromyscus maniculatus,Rodentia,Cricetidae,19.98,0.01998,22.49,PanTHERIA_WR05
Peromyscus megalops,Rodentia,Cricetidae,66.2,0.0662,21.99,PanTHERIA_WR05
Peromyscus melanocarpus,Rodentia,Cricetidae,58.9,0.0589,25.8,PanTHERIA_WR05
Peromyscus melanophrys,Rodentia,Cricetidae,40,0.04,26,PanTHERIA_WR05
Peromyscus mexicanus,Rodentia,Cricetidae,42.58,0.04258,31.22,PanTHERIA_WR05
Peromyscus perfulvus,Rodentia,Cricetidae,40,0.04,24.85,PanTHERIA_WR05
Peromyscus polionotus,Rodentia,Cricetidae,14.27,0.01427,24.24,PanTHERIA_WR05
Peromyscus truei,Rodentia,Cricetidae,27,0.027,32.28,PanTHERIA_WR05
Peropteryx kappleri,Chiroptera,Emballonuridae,9.85,0.00985,79.82,PanTHERIA_WR05
Petaurista petaurista,Rodentia,Sciuridae,1533.84,1.53384,68.43,PanTHERIA_WR05
Petauroides volans,Diprotodontia,Pseudocheiridae,1257.17,1.25717,228.41,PanTHERIA_WR05
Petaurus australis,Diprotodontia,Petauridae,567.15,0.56715,148.07,PanTHERIA_WR05
Petaurus breviceps,Diprotodontia,Petauridae,120.76,0.12076,118.65,PanTHERIA_WR05
Petaurus norfolcensis,Diprotodontia,Petauridae,230,0.23,120.48,PanTHERIA_WR05
Petrogale assimilis,Diprotodontia,Macropodidae,4618.88,4.61888,294.19,PanTHERIA_WR05
Petrogale concinna,Diprotodontia,Macropodidae,1398.2,1.3982,191.15,PanTHERIA_WR05
Petrogale inornata,Diprotodontia,Macropodidae,4555.52,4.55552,286.18,PanTHERIA_WR05
Petrogale penicillata,Diprotodontia,Macropodidae,6931.6,6.9316,290,PanTHERIA_WR05
Petrogale persephone,Diprotodontia,Macropodidae,5585.63,5.58563,329.06,PanTHERIA_WR05
Petrogale xanthopus,Diprotodontia,Macropodidae,8499.99,8.49999,342.05,PanTHERIA_WR05
Petromyscus collinus,Rodentia,Nesomyidae,20,0.02,31.5,PanTHERIA_WR05
Phacochoerus aethiopicus,Artiodactyla,Suidae,75607.52,75.60752,106.45,PanTHERIA_WR05
Phalanger gymnotis,Diprotodontia,Phalangeridae,2597.89,2.59789,270,PanTHERIA_WR05
Phascogale calura,Dasyuromorphia,Dasyuridae,43.03,0.04303,89.99,PanTHERIA_WR05
Phascogale tapoatafa,Dasyuromorphia,Dasyuridae,192.65,0.19265,149.57,PanTHERIA_WR05
Phascolarctos cinereus,Diprotodontia,Phascolarctidae,6528.74,6.52874,347.53,PanTHERIA_WR05
Phenacomys intermedius,Rodentia,Cricetidae,25.2,0.0252,30.93,PanTHERIA_WR05
Phenacomys ungava,Rodentia,Cricetidae,27,0.027,17.86,PanTHERIA_WR05
Philander opossum,Didelphimorphia,Didelphidae,425.81,0.42581,79.77,PanTHERIA_WR05
Philantomba maxwellii,Artiodactyla,Bovidae,8557.69,8.55769,60.48,PanTHERIA_WR05
Philantomba monticola,Artiodactyla,Bovidae,4896.05,4.89605,27.28,PanTHERIA_WR05
Phoca largha,Carnivora,Phocidae,98879.18,98.87918,27.84,PanTHERIA_WR05
Phoca vitulina,Carnivora,Phocidae,87316.66,87.31666,30.74,PanTHERIA_WR05
Phocarctos hookeri,Carnivora,Otariidae,273499.99,273.49999,252.01,PanTHERIA_WR05
Phyllostomus hastatus,Chiroptera,Phyllostomidae,91.44,0.09144,72.82,PanTHERIA_WR05
Proechimys guairae,Rodentia,Echimyidae,349.28,0.34928,10.21,PanTHERIA_WR05
Proechimys guyannensis,Rodentia,Echimyidae,314.03,0.31403,28,PanTHERIA_WR05
Proechimys semispinosus,Rodentia,Echimyidae,353.32,0.35332,41.2,PanTHERIA_WR05
Profelis aurata,Carnivora,Felidae,11277.17,11.27717,119.32,PanTHERIA_WR05
Prometheomys schaposchnikowi,Rodentia,Cricetidae,75,0.075,21,PanTHERIA_WR05
Promops centralis,Chiroptera,Molossidae,29.8,0.0298,41.99,PanTHERIA_WR05
Propithecus coquereli,Primates,Indriidae,4189.27,4.18927,180.96,PanTHERIA_WR05
Propithecus diadema,Primates,Indriidae,6568.99,6.56899,256.27,PanTHERIA_WR05
Propithecus tattersalli,Primates,Indriidae,3531.39,3.53139,152.13,PanTHERIA_WR05
Propithecus verreauxi,Primates,Indriidae,3588.26,3.58826,177.83,PanTHERIA_WR05
Ptenochirus jagori,Chiroptera,Pteropodidae,79.18,0.07918,89.99,PanTHERIA_WR05
Pteropus conspicillatus,Chiroptera,Pteropodidae,760.71,0.76071,139.51,PanTHERIA_WR05
Pteropus giganteus,Chiroptera,Pteropodidae,824.85,0.82485,152.08,PanTHERIA_WR05
Rhynchocyon chrysopygus,Macroscelidea,Macroscelididae,535.2,0.5352,14,PanTHERIA_WR05
Rhynchonycteris naso,Chiroptera,Emballonuridae,4.14,0.00414,70.86,PanTHERIA_WR05
Romerolagus diazi,Lagomorpha,Leporidae,465.58,0.46558,28.71,PanTHERIA_WR05
Rousettus aegyptiacus,Chiroptera,Pteropodidae,134,0.134,105,PanTHERIA_WR05
Rousettus amplexicaudatus,Chiroptera,Pteropodidae,74.37,0.07437,86.16,PanTHERIA_WR05
Sorex minutus,Soricomorpha,Soricidae,4.32,0.00432,23.5,PanTHERIA_WR05
Sorex monticolus,Soricomorpha,Soricidae,6.92,0.00692,20.88,PanTHERIA_WR05
Physeter catodon,Cetacea,Physeteridae,14540960,14540.96,395.41,PanTHERIA_WR05
Piliocolobus badius,Primates,Cercopithecidae,8430.4,8.4304,783.93,PanTHERIA_WR05
Pseudorca crassidens,Cetacea,Delphinidae,1360000,1360,547.5,PanTHERIA_WR05
Pteropus hypomelanus,Chiroptera,Pteropodidae,435.61,0.43561,94.86,PanTHERIA_WR05
Pipistrellus ceylonicus,Chiroptera,Vespertilionidae,8.05,0.00805,27.5,PanTHERIA_WR05
Pipistrellus kuhlii,Chiroptera,Vespertilionidae,6.07,0.00607,60.41,PanTHERIA_WR05
Pipistrellus pipistrellus,Chiroptera,Vespertilionidae,5.3,0.0053,33.44,PanTHERIA_WR05
Pipistrellus subflavus,Chiroptera,Vespertilionidae,5.74,0.00574,31.21,PanTHERIA_WR05
Pipistrellus tenuis,Chiroptera,Vespertilionidae,3.48,0.00348,44.8,PanTHERIA_WR05
Pithecia pithecia,Primates,Pitheciidae,1667.19,1.66719,113.15,PanTHERIA_WR05
Planigale gilesi,Dasyuromorphia,Dasyuridae,9.34,0.00934,83.52,PanTHERIA_WR05
Planigale ingrami,Dasyuromorphia,Dasyuridae,6.27,0.00627,89.74,PanTHERIA_WR05
Planigale maculata,Dasyuromorphia,Dasyuridae,12,0.012,70.72,PanTHERIA_WR05
Planigale tenuirostris,Dasyuromorphia,Dasyuridae,6.27,0.00627,94.46,PanTHERIA_WR05
Platanista gangetica,Cetacea,Platanistidae,93481.96,93.48196,339.47,PanTHERIA_WR05
Platanista minor,Cetacea,Platanistidae,75990.24,75.99024,339.47,PanTHERIA_WR05
Plecotus auritus,Chiroptera,Vespertilionidae,8.19,0.00819,42.09,PanTHERIA_WR05
Podomys floridanus,Rodentia,Cricetidae,30.74,0.03074,24.81,PanTHERIA_WR05
Poecilogale albinucha,Carnivora,Mustelidae,308.16,0.30816,76.56,PanTHERIA_WR05
Pongo pygmaeus,Primates,Hominidae,53408.29,53.40829,1088.8,PanTHERIA_WR05
Pontoporia blainvillei,Cetacea,Iniidae,40499.99,40.49999,316.09,PanTHERIA_WR05
Potorous gilbertii,Diprotodontia,Potoroidae,1569.46,1.56946,208.67,PanTHERIA_WR05
Potorous longipes,Diprotodontia,Potoroidae,1835.06,1.83506,161,PanTHERIA_WR05
Potorous tridactylus,Diprotodontia,Potoroidae,1054.67,1.05467,167.33,PanTHERIA_WR05
Potos flavus,Carnivora,Procyonidae,2441.81,2.44181,109.13,PanTHERIA_WR05
Praomys jacksoni,Rodentia,Muridae,39.01,0.03901,30,PanTHERIA_WR05
Praomys morio,Rodentia,Muridae,41.73,0.04173,30.77,PanTHERIA_WR05
Praomys tullbergi,Rodentia,Muridae,37.1,0.0371,24.5,PanTHERIA_WR05
Priodontes maximus,Cingulata,Dasypodidae,40641.89,40.64189,34.8,PanTHERIA_WR05
Prionailurus bengalensis,Carnivora,Felidae,2780.97,2.78097,24.85,PanTHERIA_WR05
Prionailurus viverrinus,Carnivora,Felidae,8826.46,8.82646,135.96,PanTHERIA_WR05
Procapra gutturosa,Artiodactyla,Bovidae,28274.27,28.27427,38.97,PanTHERIA_WR05
Procavia capensis,Hyracoidea,Procaviidae,2952.48,2.95248,90.99,PanTHERIA_WR05
Procyon cancrivorus,Carnivora,Procyonidae,6931.72,6.93172,111.36,PanTHERIA_WR05
Procyon lotor,Carnivora,Procyonidae,6373.72,6.37372,104.16,PanTHERIA_WR05
Proteles cristata,Carnivora,Hyaenidae,8139.39,8.13939,125.73,PanTHERIA_WR05
Protochromys fellowsi,Rodentia,Muridae,78.99,0.07899,20,PanTHERIA_WR05
Psammomys obesus,Rodentia,Muridae,102.15,0.10215,24.18,PanTHERIA_WR05
Pseudantechinus bilarni,Dasyuromorphia,Dasyuridae,23.05,0.02305,111.36,PanTHERIA_WR05
Pseudantechinus macdonnellensis,Dasyuromorphia,Dasyuridae,36.88,0.03688,97.72,PanTHERIA_WR05
Pseudantechinus ningbing,Dasyuromorphia,Dasyuridae,20.74,0.02074,111.68,PanTHERIA_WR05
Pseudocheirus peregrinus,Diprotodontia,Pseudocheiridae,895.22,0.89522,197.14,PanTHERIA_WR05
Pseudochirulus herbertensis,Diprotodontia,Pseudocheiridae,1098.34,1.09834,159.09,PanTHERIA_WR05
Pseudomys albocinereus,Rodentia,Muridae,30.5,0.0305,29.58,PanTHERIA_WR05
Pseudomys apodemoides,Rodentia,Muridae,23.78,0.02378,34.99,PanTHERIA_WR05
Pseudomys australis,Rodentia,Muridae,52.97,0.05297,25.9,PanTHERIA_WR05
Pseudomys delicatulus,Rodentia,Muridae,8.56,0.00856,27,PanTHERIA_WR05
Pseudomys desertor,Rodentia,Muridae,37.09,0.03709,24.49,PanTHERIA_WR05
Pseudomys fieldi,Rodentia,Muridae,42.35,0.04235,28.9,PanTHERIA_WR05
Pseudomys gracilicaudatus,Rodentia,Muridae,79.53,0.07953,25.66,PanTHERIA_WR05
Pseudomys hermannsburgensis,Rodentia,Muridae,13.38,0.01338,30,PanTHERIA_WR05
Pseudomys higginsi,Rodentia,Muridae,63.16,0.06316,27,PanTHERIA_WR05
Pseudomys nanus,Rodentia,Muridae,70.38,0.07038,25,PanTHERIA_WR05
Pseudomys novaehollandiae,Rodentia,Muridae,16.8,0.0168,25.2,PanTHERIA_WR05
Pteropus livingstonii,Chiroptera,Pteropodidae,734.27,0.73427,151.22,PanTHERIA_WR05
Pteropus macrotis,Chiroptera,Pteropodidae,365.99,0.36599,350.78,PanTHERIA_WR05
Pteropus poliocephalus,Chiroptera,Pteropodidae,702.78,0.70278,120,PanTHERIA_WR05
Pteropus rayneri,Chiroptera,Pteropodidae,661.28,0.66128,181.36,PanTHERIA_WR05
Pteropus rodricensis,Chiroptera,Pteropodidae,256.17,0.25617,149.74,PanTHERIA_WR05
Pteropus samoensis,Chiroptera,Pteropodidae,309.99,0.30999,143.2,PanTHERIA_WR05
Pteropus scapulatus,Chiroptera,Pteropodidae,380.35,0.38035,133.76,PanTHERIA_WR05
Pteropus tonganus,Chiroptera,Pteropodidae,561.51,0.56151,143.2,PanTHERIA_WR05
Pteropus vampyrus,Chiroptera,Pteropodidae,1027.54,1.02754,104.69,PanTHERIA_WR05
Pteropus voeltzkowi,Chiroptera,Pteropodidae,542.4,0.5424,143.2,PanTHERIA_WR05
Pudu puda,Artiodactyla,Cervidae,9642.62,9.64262,54.75,PanTHERIA_WR05
Puma concolor,Carnivora,Felidae,53954.05,53.95405,48.46,PanTHERIA_WR05
Pusa caspica,Carnivora,Phocidae,62326.2,62.3262,31.32,PanTHERIA_WR05
Pusa hispida,Carnivora,Phocidae,70963.6,70.9636,45.23,PanTHERIA_WR05
Rhizomys sumatrensis,Rodentia,Spalacidae,2500,2.5,69.25,PanTHERIA_WR05
Pusa sibirica,Carnivora,Phocidae,89499.99,89.49999,66.11,PanTHERIA_WR05
Rhizomys pruinosus,Rodentia,Spalacidae,2450,2.45,120.75,PanTHERIA_WR05
Rousettus leschenaultii,Chiroptera,Pteropodidae,84.88,0.08488,52.34,PanTHERIA_WR05
Rucervus eldii,Artiodactyla,Cervidae,95471.61,95.47161,220.26,PanTHERIA_WR05
Rupicapra rupicapra,Artiodactyla,Bovidae,33266.35,33.26635,76.04,PanTHERIA_WR05
Rusa timorensis,Artiodactyla,Cervidae,66375.5,66.3755,227.47,PanTHERIA_WR05
Saccopteryx bilineata,Chiroptera,Emballonuridae,8.08,0.00808,59.99,PanTHERIA_WR05
Saccostomus campestris,Rodentia,Nesomyidae,50.33,0.05033,28.97,PanTHERIA_WR05
Saguinus fuscicollis,Primates,Cebidae,393.99,0.39399,90.1,PanTHERIA_WR05
Rangifer tarandus,Artiodactyla,Cervidae,109088.5,109.0885,136.87,PanTHERIA_WR05
Raphicerus campestris,Artiodactyla,Bovidae,11661.53,11.66153,49.89,PanTHERIA_WR05
Rattus exulans,Rodentia,Muridae,50.63,0.05063,28,PanTHERIA_WR05
Rattus fuscipes,Rodentia,Muridae,124.58,0.12458,25.38,PanTHERIA_WR05
Rattus lutreolus,Rodentia,Muridae,106,0.106,25,PanTHERIA_WR05
Rattus norvegicus,Rodentia,Muridae,282.89,0.28289,25.37,PanTHERIA_WR05
Rattus rattus,Rodentia,Muridae,142.68,0.14268,28,PanTHERIA_WR05
Rattus verecundus,Rodentia,Muridae,97.02,0.09702,19.5,PanTHERIA_WR05
Ratufa bicolor,Rodentia,Sciuridae,1609.08,1.60908,68.2,PanTHERIA_WR05
Ratufa macroura,Rodentia,Sciuridae,1326.24,1.32624,62.99,PanTHERIA_WR05
Redunca fulvorufula,Artiodactyla,Bovidae,29352.66,29.35266,82.12,PanTHERIA_WR05
Reithrodontomys fulvescens,Rodentia,Cricetidae,11.55,0.01155,14.44,PanTHERIA_WR05
Reithrodontomys humulis,Rodentia,Cricetidae,8.25,0.00825,20.92,PanTHERIA_WR05
Reithrodontomys megalotis,Rodentia,Cricetidae,10.72,0.01072,20,PanTHERIA_WR05
Reithrodontomys montanus,Rodentia,Cricetidae,10.9,0.0109,14,PanTHERIA_WR05
Rhabdomys pumilio,Rodentia,Muridae,40.73,0.04073,14,PanTHERIA_WR05
Rhinoceros sondaicus,Perissodactyla,Rhinocerotidae,1750000,1750,509.21,PanTHERIA_WR05
Rhinoceros unicornis,Perissodactyla,Rhinocerotidae,1843655.8,1843.6558,339.47,PanTHERIA_WR05
Rhinolophus capensis,Chiroptera,Rhinolophidae,12.87,0.01287,60.41,PanTHERIA_WR05
Rhinolophus cornutus,Chiroptera,Rhinolophidae,7.27,0.00727,41.85,PanTHERIA_WR05
Rhinolophus euryale,Chiroptera,Rhinolophidae,9.25,0.00925,105.72,PanTHERIA_WR05
Rhinolophus ferrumequinum,Chiroptera,Rhinolophidae,22.59,0.02259,45.87,PanTHERIA_WR05
Rhinolophus fumigatus,Chiroptera,Rhinolophidae,13.09,0.01309,60.41,PanTHERIA_WR05
Rhinolophus hipposideros,Chiroptera,Rhinolophidae,4.57,0.00457,33.2,PanTHERIA_WR05
Rhinolophus landeri,Chiroptera,Rhinolophidae,9.39,0.00939,60.41,PanTHERIA_WR05
Rhinolophus megaphyllus,Chiroptera,Rhinolophidae,10.17,0.01017,57.22,PanTHERIA_WR05
Rhinolophus rouxii,Chiroptera,Rhinolophidae,12.25,0.01225,59.42,PanTHERIA_WR05
Rhinonicteris aurantia,Chiroptera,Hipposideridae,8.99,0.00899,59.99,PanTHERIA_WR05
Rhinopoma hardwickii,Chiroptera,Rhinopomatidae,13.1,0.0131,52.04,PanTHERIA_WR05
Rhinopoma microphyllum,Chiroptera,Rhinopomatidae,28.02,0.02802,31.3,PanTHERIA_WR05
Saguinus midas,Primates,Cebidae,540.56,0.54056,69.6,PanTHERIA_WR05
Saguinus nigricollis,Primates,Cebidae,450,0.45,82.53,PanTHERIA_WR05
Saguinus oedipus,Primates,Cebidae,462.04,0.46204,49.85,PanTHERIA_WR05
Saiga tatarica,Artiodactyla,Bovidae,37734.01,37.73401,83.64,PanTHERIA_WR05
Spalax leucodon,Rodentia,Spalacidae,188.67,0.18867,57.74,PanTHERIA_WR05
Speothos venaticus,Carnivora,Canidae,6324.54,6.32454,127.3,PanTHERIA_WR05
Spermophilus armatus,Rodentia,Sciuridae,306.48,0.30648,21.43,PanTHERIA_WR05
Spermophilus beecheyi,Rodentia,Sciuridae,597.82,0.59782,52.6,PanTHERIA_WR05
Spermophilus beldingi,Rodentia,Sciuridae,272.53,0.27253,24.5,PanTHERIA_WR05
Sorex vagrans,Soricomorpha,Soricidae,5.99,0.00599,21.83,PanTHERIA_WR05
Spermophilus columbianus,Rodentia,Sciuridae,470.94,0.47094,32.19,PanTHERIA_WR05
Spermophilus elegans,Rodentia,Sciuridae,324.45,0.32445,33.2,PanTHERIA_WR05
Saimiri oerstedii,Primates,Cebidae,714.18,0.71418,362.93,PanTHERIA_WR05
Saimiri sciureus,Primates,Cebidae,749.47,0.74947,177.41,PanTHERIA_WR05
Saimiri ustus,Primates,Cebidae,886.47,0.88647,238.64,PanTHERIA_WR05
Sarcophilus harrisii,Dasyuromorphia,Dasyuridae,8202.25,8.20225,243.33,PanTHERIA_WR05
Scalopus aquaticus,Soricomorpha,Talpidae,87.15,0.08715,30.18,PanTHERIA_WR05
Sciurus aberti,Rodentia,Sciuridae,622.95,0.62295,69.73,PanTHERIA_WR05
Sciurus carolinensis,Rodentia,Sciuridae,545.4,0.5454,69.47,PanTHERIA_WR05
Sciurus vulgaris,Rodentia,Sciuridae,333,0.333,64.51,PanTHERIA_WR05
Scotinomys teguina,Rodentia,Cricetidae,11.59,0.01159,21,PanTHERIA_WR05
Scotinomys xerampelinus,Rodentia,Cricetidae,15.07,0.01507,24.5,PanTHERIA_WR05
Scotophilus heathii,Chiroptera,Vespertilionidae,36.13,0.03613,19.17,PanTHERIA_WR05
Scotophilus kuhlii,Chiroptera,Vespertilionidae,20.31,0.02031,38.35,PanTHERIA_WR05
Scotorepens balstoni,Chiroptera,Vespertilionidae,11.92,0.01192,44.58,PanTHERIA_WR05
Semnopithecus entellus,Primates,Cercopithecidae,12679.29,12.67929,402.1,PanTHERIA_WR05
Setifer setosus,Afrosoricida,Tenrecidae,263.22,0.26322,25.22,PanTHERIA_WR05
Setonix brachyurus,Diprotodontia,Macropodidae,3027.67,3.02767,308.24,PanTHERIA_WR05
Sicista betulina,Rodentia,Dipodidae,8.92,0.00892,31.21,PanTHERIA_WR05
Sigmodon hispidus,Rodentia,Cricetidae,110.65,0.11065,15.29,PanTHERIA_WR05
Sigmodon ochrognathus,Rodentia,Cricetidae,122,0.122,15,PanTHERIA_WR05
Sminthopsis crassicaudata,Dasyuromorphia,Dasyuridae,15.98,0.01598,70,PanTHERIA_WR05
Sminthopsis leucopus,Dasyuromorphia,Dasyuridae,23.36,0.02336,84.51,PanTHERIA_WR05
Sminthopsis macroura,Dasyuromorphia,Dasyuridae,23.56,0.02356,79.5,PanTHERIA_WR05
Sminthopsis murina,Dasyuromorphia,Dasyuridae,17,0.017,70.63,PanTHERIA_WR05
Sminthopsis ooldea,Dasyuromorphia,Dasyuridae,12.19,0.01219,69.8,PanTHERIA_WR05
Sminthopsis virginiae,Dasyuromorphia,Dasyuridae,35.24,0.03524,89.49,PanTHERIA_WR05
Solenodon paradoxus,Soricomorpha,Solenodontidae,899.99,0.89999,74.71,PanTHERIA_WR05
Sorex araneus,Soricomorpha,Soricidae,9.18,0.00918,21.43,PanTHERIA_WR05
Sorex cinereus,Soricomorpha,Soricidae,4.2,0.0042,19.88,PanTHERIA_WR05
Sorex coronatus,Soricomorpha,Soricidae,9.32,0.00932,29.8,PanTHERIA_WR05
Sorex isodon,Soricomorpha,Soricidae,12.23,0.01223,21.87,PanTHERIA_WR05
Sousa chinensis,Cetacea,Delphinidae,279999.99,279.99999,166.12,PanTHERIA_WR05
Spalacopus cyanus,Rodentia,Octodontidae,100.86,0.10086,59.66,PanTHERIA_WR05
Aepyceros melampus,Artiodactyla,Bovidae,52591.69,52.59169,150,PanTHERIA_WR05
Aepyprymnus rufescens,Diprotodontia,Potoroidae,2810.31,2.81031,163.07,PanTHERIA_WR05
Spermophilus franklinii,Rodentia,Sciuridae,457.64,0.45764,29.11,PanTHERIA_WR05
Spermophilus lateralis,Rodentia,Sciuridae,175.1,0.1751,41.99,PanTHERIA_WR05
Spermophilus mohavensis,Rodentia,Sciuridae,213.18,0.21318,31.81,PanTHERIA_WR05
Spermophilus mollis,Rodentia,Sciuridae,165.4,0.1654,40.79,PanTHERIA_WR05
Spermophilus parryii,Rodentia,Sciuridae,747.09,0.74709,28,PanTHERIA_WR05
Spermophilus pygmaeus,Rodentia,Sciuridae,173.46,0.17346,15.59,PanTHERIA_WR05
Spermophilus richardsonii,Rodentia,Sciuridae,325.1,0.3251,29.33,PanTHERIA_WR05
Spermophilus spilosoma,Rodentia,Sciuridae,106.64,0.10664,47.64,PanTHERIA_WR05
Spermophilus suslicus,Rodentia,Sciuridae,252,0.252,31.5,PanTHERIA_WR05
Spermophilus tereticaudus,Rodentia,Sciuridae,147.57,0.14757,34.8,PanTHERIA_WR05
Spermophilus townsendii,Rodentia,Sciuridae,207.29,0.20729,32.55,PanTHERIA_WR05
Spermophilus tridecemlineatus,Rodentia,Sciuridae,174.91,0.17491,27.81,PanTHERIA_WR05
Spermophilus undulatus,Rodentia,Sciuridae,742.91,0.74291,54.07,PanTHERIA_WR05
Spermophilus variegatus,Rodentia,Sciuridae,714.58,0.71458,52.38,PanTHERIA_WR05
Aethomys chrysophilus,Rodentia,Muridae,80.85,0.08085,24.88,PanTHERIA_WR05
Aethomys kaiseri,Rodentia,Muridae,89.99,0.08999,26,PanTHERIA_WR05
Ailuropoda melanoleuca,Carnivora,Ursidae,117999.99,117.99999,178.98,PanTHERIA_WR05
Ailurus fulgens,Carnivora,Ailuridae,5170.08,5.17008,136.87,PanTHERIA_WR05
Spilocuscus maculatus,Diprotodontia,Phalangeridae,4060.46,4.06046,240.75,PanTHERIA_WR05
Spilogale putorius,Carnivora,Mephitidae,566.49,0.56649,55.68,PanTHERIA_WR05
Stenella attenuata,Cetacea,Delphinidae,65733.59,65.73359,340.66,PanTHERIA_WR05
Stenella coeruleoalba,Cetacea,Delphinidae,142102.96,142.10296,456.25,PanTHERIA_WR05
Stenella longirostris,Cetacea,Delphinidae,50500,50.5,465.88,PanTHERIA_WR05
Suncus etruscus,Soricomorpha,Soricidae,2.26,0.00226,20,PanTHERIA_WR05
Suncus murinus,Soricomorpha,Soricidae,43.76,0.04376,19.16,PanTHERIA_WR05
Tragelaphus strepsiceros,Artiodactyla,Bovidae,206056.41,206.05641,182.5,PanTHERIA_WR05
Tragulus javanicus,Artiodactyla,Tragulidae,1889.93,1.88993,21,PanTHERIA_WR05
Tragulus napu,Artiodactyla,Tragulidae,5273.67,5.27367,84.86,PanTHERIA_WR05
Tremarctos ornatus,Carnivora,Ursidae,123176.97,123.17697,173.44,PanTHERIA_WR05
Trichechus inunguis,Sirenia,Trichechidae,418001.19,418.00119,516.18,PanTHERIA_WR05
Trichechus manatus,Sirenia,Trichechidae,467324.83,467.32483,266.74,PanTHERIA_WR05
Trichosurus arnhemensis,Diprotodontia,Phalangeridae,1540.74,1.54074,181.46,PanTHERIA_WR05
Trichosurus caninus,Diprotodontia,Phalangeridae,3115.06,3.11506,241.95,PanTHERIA_WR05
Trichosurus vulpecula,Diprotodontia,Phalangeridae,2685.39,2.68539,191.59,PanTHERIA_WR05
Tapirus pinchaque,Perissodactyla,Tapiridae,156923.4,156.9234,339.47,PanTHERIA_WR05
Tapirus terrestris,Perissodactyla,Tapiridae,169496.64,169.49664,277.49,PanTHERIA_WR05
Tarsipes rostratus,Diprotodontia,Tarsipedidae,9.66,0.00966,89.74,PanTHERIA_WR05
Tarsius bancanus,Primates,Tarsiidae,114.39,0.11439,78.55,PanTHERIA_WR05
Acomys cahirinus,Rodentia,Muridae,41.16,0.04116,14,PanTHERIA_WR05
Acrobates pygmaeus,Diprotodontia,Acrobatidae,13.84,0.01384,97.5,PanTHERIA_WR05
Suricata suricatta,Carnivora,Herpestidae,729.99,0.72999,55.68,PanTHERIA_WR05
Sus barbatus,Artiodactyla,Suidae,135805.95,135.80595,105.85,PanTHERIA_WR05
Sus cebifrons,Artiodactyla,Suidae,190792.3,190.7923,105.85,PanTHERIA_WR05
Sus philippensis,Artiodactyla,Suidae,190792.3,190.7923,105.85,PanTHERIA_WR05
Sus scrofa,Artiodactyla,Suidae,84471.54,84.47154,97.88,PanTHERIA_WR05
Syconycteris australis,Chiroptera,Pteropodidae,17.6,0.0176,89.99,PanTHERIA_WR05
Sylvicapra grimmia,Artiodactyla,Bovidae,15639.15,15.63915,60.83,PanTHERIA_WR05
Sylvilagus aquaticus,Lagomorpha,Leporidae,2133.34,2.13334,20.88,PanTHERIA_WR05
Sylvilagus audubonii,Lagomorpha,Leporidae,880.88,0.88088,24.5,PanTHERIA_WR05
Sylvilagus bachmani,Lagomorpha,Leporidae,714.53,0.71453,16.27,PanTHERIA_WR05
Sylvilagus brasiliensis,Lagomorpha,Leporidae,986.74,0.98674,26.3,PanTHERIA_WR05
Sylvilagus floridanus,Lagomorpha,Leporidae,1207.19,1.20719,22.78,PanTHERIA_WR05
Sylvilagus nuttallii,Lagomorpha,Leporidae,801.54,0.80154,31.26,PanTHERIA_WR05
Sylvilagus transitionalis,Lagomorpha,Leporidae,813.51,0.81351,15.95,PanTHERIA_WR05
Symphalangus syndactylus,Primates,Hylobatidae,10839,10.839,635.38,PanTHERIA_WR05
Synaptomys cooperi,Rodentia,Cricetidae,28.01,0.02801,20.41,PanTHERIA_WR05
Syncerus caffer,Artiodactyla,Bovidae,592665.98,592.66598,319.37,PanTHERIA_WR05
Tachyglossus aculeatus,Monotremata,Tachyglossidae,4499.97,4.49997,170.08,PanTHERIA_WR05
Tachyoryctes splendens,Rodentia,Spalacidae,227.13,0.22713,35.07,PanTHERIA_WR05
Tadarida aegyptiaca,Chiroptera,Molossidae,17.63,0.01763,60.41,PanTHERIA_WR05
Tadarida brasiliensis,Chiroptera,Molossidae,12.61,0.01261,54.24,PanTHERIA_WR05
Talpa europaea,Soricomorpha,Talpidae,87.53,0.08753,32.49,PanTHERIA_WR05
Tamias amoenus,Rodentia,Sciuridae,50.63,0.05063,41.99,PanTHERIA_WR05
Tamias cinereicollis,Rodentia,Sciuridae,61.59,0.06159,42.67,PanTHERIA_WR05
Tamias dorsalis,Rodentia,Sciuridae,63.66,0.06366,30,PanTHERIA_WR05
Tamias minimus,Rodentia,Sciuridae,42.87,0.04287,37.71,PanTHERIA_WR05
Tamias palmeri,Rodentia,Sciuridae,60.74,0.06074,81.85,PanTHERIA_WR05
Tamias panamintinus,Rodentia,Sciuridae,51.73,0.05173,81.85,PanTHERIA_WR05
Tamias quadrivittatus,Rodentia,Sciuridae,57.49,0.05749,45.32,PanTHERIA_WR05
Tamias rufus,Rodentia,Sciuridae,53.6,0.0536,45.24,PanTHERIA_WR05
Tamias sibiricus,Rodentia,Sciuridae,94.16,0.09416,29.69,PanTHERIA_WR05
Tamias sonomae,Rodentia,Sciuridae,75,0.075,21,PanTHERIA_WR05
Tamias townsendii,Rodentia,Sciuridae,79.12,0.07912,41.76,PanTHERIA_WR05
Tamiasciurus hudsonicus,Rodentia,Sciuridae,200.24,0.20024,67.22,PanTHERIA_WR05
Taphozous georgianus,Chiroptera,Emballonuridae,30.52,0.03052,35.46,PanTHERIA_WR05
Taphozous longimanus,Chiroptera,Emballonuridae,25.11,0.02511,22.13,PanTHERIA_WR05
Taphozous melanopogon,Chiroptera,Emballonuridae,25.99,0.02599,46.67,PanTHERIA_WR05
Taphozous nudiventris,Chiroptera,Emballonuridae,32.49,0.03249,52.01,PanTHERIA_WR05
Tapirus bairdii,Perissodactyla,Tapiridae,293781.59,293.78159,362.93,PanTHERIA_WR05
Tapirus indicus,Perissodactyla,Tapiridae,311209.19,311.20919,211.71,PanTHERIA_WR05
Tarsius syrichta,Primates,Tarsiidae,115.91,0.11591,82.49,PanTHERIA_WR05
Acinonyx jubatus,Carnivora,Felidae,50577.92,50.57792,91.42,PanTHERIA_WR05
Akodon azarae,Rodentia,Cricetidae,25.27,0.02527,14.44,PanTHERIA_WR05
Akodon molinae,Rodentia,Cricetidae,32.99,0.03299,26,PanTHERIA_WR05
Alcelaphus buselaphus,Artiodactyla,Bovidae,160937.86,160.93786,188.73,PanTHERIA_WR05
Alces alces,Artiodactyla,Cervidae,461900.76,461.90076,98.85,PanTHERIA_WR05
Alces americanus,Artiodactyla,Cervidae,541460.44,541.46044,182.5,PanTHERIA_WR05
Allactaga elater,Rodentia,Dipodidae,59,0.059,32.31,PanTHERIA_WR05
Allenopithecus nigroviridis,Primates,Cercopithecidae,4749.96,4.74996,106.15,PanTHERIA_WR05
Alouatta caraya,Primates,Atelidae,5576.96,5.57696,323.16,PanTHERIA_WR05
Alouatta palliata,Primates,Atelidae,6576.99,6.57699,495.6,PanTHERIA_WR05
Alouatta seniculus,Primates,Atelidae,6398.31,6.39831,370.04,PanTHERIA_WR05
Alticola strelzowi,Rodentia,Cricetidae,49.99,0.04999,17,PanTHERIA_WR05
Ammospermophilus harrisii,Rodentia,Sciuridae,126.57,0.12657,48.63,PanTHERIA_WR05
Ammospermophilus leucurus,Rodentia,Sciuridae,103.92,0.10392,64.51,PanTHERIA_WR05
Ammospermophilus nelsoni,Rodentia,Sciuridae,160.42,0.16042,29.83,PanTHERIA_WR05
Ammotragus lervia,Artiodactyla,Bovidae,94202.22,94.20222,121.66,PanTHERIA_WR05
Anoura geoffroyi,Chiroptera,Phyllostomidae,15.15,0.01515,62.5,PanTHERIA_WR05
Antechinomys laniger,Dasyuromorphia,Dasyuridae,25.57,0.02557,91.24,PanTHERIA_WR05
Antechinus agilis,Dasyuromorphia,Dasyuridae,22.13,0.02213,89.99,PanTHERIA_WR05
Antechinus bellus,Dasyuromorphia,Dasyuridae,38.73,0.03873,95,PanTHERIA_WR05
Antechinus flavipes,Dasyuromorphia,Dasyuridae,44.33,0.04433,89.74,PanTHERIA_WR05
Antechinus godmani,Dasyuromorphia,Dasyuridae,75.74,0.07574,111.68,PanTHERIA_WR05
Antechinus leo,Dasyuromorphia,Dasyuridae,70.09,0.07009,76.78,PanTHERIA_WR05
Antechinus minimus,Dasyuromorphia,Dasyuridae,52.56,0.05256,99.1,PanTHERIA_WR05
Antechinus stuartii,Dasyuromorphia,Dasyuridae,29.01,0.02901,89.74,PanTHERIA_WR05
Antechinus swainsonii,Dasyuromorphia,Dasyuridae,58.69,0.05869,105.66,PanTHERIA_WR05
Antidorcas marsupialis,Artiodactyla,Bovidae,33571.24,33.57124,57.45,PanTHERIA_WR05
Antilocapra americana,Artiodactyla,Antilocapridae,47450.01,47.45001,87.54,PanTHERIA_WR05
Antilope cervicapra,Artiodactyla,Bovidae,36301.1,36.3011,59.5,PanTHERIA_WR05
Antrozous pallidus,Chiroptera,Vespertilionidae,22.24,0.02224,61.1,PanTHERIA_WR05
Aonyx cinerea,Carnivora,Mustelidae,3527.59,3.52759,79.54,PanTHERIA_WR05
Aotus azarae,Primates,Aotidae,929.57,0.92957,229.69,PanTHERIA_WR05
Aotus lemurinus,Primates,Aotidae,865.96,0.86596,74.57,PanTHERIA_WR05
Aotus trivirgatus,Primates,Aotidae,912.4,0.9124,76.21,PanTHERIA_WR05
Aplodontia rufa,Rodentia,Aplodontiidae,806.21,0.80621,58.4,PanTHERIA_WR05
Apodemus sylvaticus,Rodentia,Muridae,21.9,0.0219,19.36,PanTHERIA_WR05
Arborimus longicaudus,Rodentia,Cricetidae,22.39,0.02239,30.49,PanTHERIA_WR05
Arborimus pomo,Rodentia,Cricetidae,32.49,0.03249,35.29,PanTHERIA_WR05
Arctictis binturong,Carnivora,Viverridae,12999.99,12.99999,117.57,PanTHERIA_WR05
Arctocebus calabarensis,Primates,Lorisidae,258.01,0.25801,109.26,PanTHERIA_WR05
Arctocephalus australis,Carnivora,Otariidae,67979.43,67.97943,365,PanTHERIA_WR05
Arctocephalus forsteri,Carnivora,Otariidae,101249.99,101.24999,323.72,PanTHERIA_WR05
Arctocephalus galapagoensis,Carnivora,Otariidae,39448.04,39.44804,821.25,PanTHERIA_WR05
Arctocephalus gazella,Carnivora,Otariidae,96599.99,96.59999,116.28,PanTHERIA_WR05
Arctocephalus pusillus,Carnivora,Otariidae,178500,178.5,356.3,PanTHERIA_WR05
Arctocephalus townsendi,Carnivora,Otariidae,101063.71,101.06371,328.13,PanTHERIA_WR05
Arctocephalus tropicalis,Carnivora,Otariidae,92222.55,92.22255,304.16,PanTHERIA_WR05
Arctogalidia trivirgata,Carnivora,Viverridae,2323.79,2.32379,49.41,PanTHERIA_WR05
Arctonyx collaris,Carnivora,Mustelidae,8166.52,8.16652,165.64,PanTHERIA_WR05
Arvicanthis niloticus,Rodentia,Muridae,95.8,0.0958,21,PanTHERIA_WR05
Arvicola amphibius,Rodentia,Cricetidae,120,0.12,14,PanTHERIA_WR05
Atelerix albiventris,Erinaceomorpha,Erinaceidae,293.44,0.29344,59.27,PanTHERIA_WR05
Tarsius tarsier,Primates,Tarsiidae,168.04,0.16804,67.61,PanTHERIA_WR05
Tatera indica,Rodentia,Muridae,138.28,0.13828,29.77,PanTHERIA_WR05
Taterillus pygargus,Rodentia,Muridae,60.19,0.06019,20.92,PanTHERIA_WR05
Taurotragus oryx,Artiodactyla,Bovidae,562592.69,562.59269,128.68,PanTHERIA_WR05
Taxidea taxus,Carnivora,Mustelidae,7842.15,7.84215,41.99,PanTHERIA_WR05
Tayassu pecari,Artiodactyla,Tayassuidae,31798.71,31.79871,13.64,PanTHERIA_WR05
Tenrec ecaudatus,Afrosoricida,Tenrecidae,887.59,0.88759,21.87,PanTHERIA_WR05
Thallomys paedulcus,Rodentia,Muridae,77.7,0.0777,29.49,PanTHERIA_WR05
Theropithecus gelada,Primates,Cercopithecidae,15964.11,15.96411,494.95,PanTHERIA_WR05
Thomomys bottae,Rodentia,Geomyidae,122.7,0.1227,35.73,PanTHERIA_WR05
Thomomys bulbivorus,Rodentia,Geomyidae,359.9,0.3599,41.45,PanTHERIA_WR05
Thomomys talpoides,Rodentia,Geomyidae,104.64,0.10464,33.12,PanTHERIA_WR05
Thrichomys apereoides,Rodentia,Echimyidae,297.53,0.29753,34.16,PanTHERIA_WR05
Thryonomys swinderianus,Rodentia,Thryonomyidae,3750.85,3.75085,25.17,PanTHERIA_WR05
Thylogale billardierii,Diprotodontia,Macropodidae,5865.86,5.86586,289.17,PanTHERIA_WR05
Thylogale stigmatica,Diprotodontia,Macropodidae,4511.47,4.51147,250,PanTHERIA_WR05
Thylogale thetis,Diprotodontia,Macropodidae,5399.95,5.39995,209.4,PanTHERIA_WR05
Tolypeutes matacus,Cingulata,Dasypodidae,1303.47,1.30347,71.79,PanTHERIA_WR05
Trachypithecus cristatus,Primates,Cercopithecidae,7176.81,7.17681,362.93,PanTHERIA_WR05
Trachypithecus francoisi,Primates,Cercopithecidae,8139.93,8.13993,391.76,PanTHERIA_WR05
Trachypithecus obscurus,Primates,Cercopithecidae,7247.88,7.24788,362.93,PanTHERIA_WR05
Trachypithecus phayrei,Primates,Cercopithecidae,7681.72,7.68172,305.87,PanTHERIA_WR05
Trachypithecus vetulus,Primates,Cercopithecidae,7205.08,7.20508,245.78,PanTHERIA_WR05
Tragelaphus angasii,Artiodactyla,Bovidae,87616.76,87.61676,212.91,PanTHERIA_WR05
Tscherskia triton,Rodentia,Cricetidae,25,0.025,29.23,PanTHERIA_WR05
Tupaia glis,Scandentia,Tupaiidae,132.43,0.13243,34.27,PanTHERIA_WR05
Tupaia montana,Scandentia,Tupaiidae,168.05,0.16805,27.84,PanTHERIA_WR05
Tupaia tana,Scandentia,Tupaiidae,182.33,0.18233,54.56,PanTHERIA_WR05
Tursiops truncatus,Cetacea,Delphinidae,281040.55,281.04055,544.4,PanTHERIA_WR05
Tylomys nudicaudus,Rodentia,Cricetidae,181.65,0.18165,26.29,PanTHERIA_WR05
Tylonycteris pachypus,Chiroptera,Vespertilionidae,4.1,0.0041,58.46,PanTHERIA_WR05
Uncia uncia,Carnivora,Felidae,32500,32.5,101.42,PanTHERIA_WR05
Urocyon cinereoargenteus,Carnivora,Canidae,3833.71,3.83371,63.79,PanTHERIA_WR05
Uroderma bilobatum,Chiroptera,Phyllostomidae,16.28,0.01628,40.58,PanTHERIA_WR05
Urogale everetti,Scandentia,Tupaiidae,300.79,0.30079,30.24,PanTHERIA_WR05
Uromys caudimaculatus,Rodentia,Muridae,644.42,0.64442,40,PanTHERIA_WR05
Uromys hadrourus,Rodentia,Muridae,149.11,0.14911,18.6,PanTHERIA_WR05
Urotrichus talpoides,Soricomorpha,Talpidae,18.2,0.0182,27.79,PanTHERIA_WR05
Ursus americanus,Carnivora,Ursidae,110500,110.5,167.99,PanTHERIA_WR05
Ursus arctos,Carnivora,Ursidae,196287.5,196.2875,182.5,PanTHERIA_WR05
Ursus maritimus,Carnivora,Ursidae,371703.81,371.70381,205.17,PanTHERIA_WR05
Ursus thibetanus,Carnivora,Ursidae,99714.19,99.71419,82.01,PanTHERIA_WR05
Varecia variegata,Primates,Lemuridae,3849.99,3.84999,90.73,PanTHERIA_WR05
Vespadelus pumilus,Chiroptera,Vespertilionidae,5.4,0.0054,46.6,PanTHERIA_WR05
Vespadelus regulus,Chiroptera,Vespertilionidae,5.05,0.00505,60.41,PanTHERIA_WR05
Vespertilio murinus,Chiroptera,Vespertilionidae,15.42,0.01542,94.29,PanTHERIA_WR05
Vespertilio sinensis,Chiroptera,Vespertilionidae,24.3,0.0243,34.99,PanTHERIA_WR05
Vicugna vicugna,Artiodactyla,Camelidae,47499.61,47.49961,309.89,PanTHERIA_WR05
Vombatus ursinus,Diprotodontia,Vombatidae,26000,26,447.45,PanTHERIA_WR05
Vulpes cana,Carnivora,Canidae,988.5,0.9885,44.74,PanTHERIA_WR05
Vulpes corsac,Carnivora,Canidae,2615.33,2.61533,54.56,PanTHERIA_WR05
Vulpes ferrilata,Carnivora,Canidae,5543.74,5.54374,55.68,PanTHERIA_WR05
Vulpes lagopus,Carnivora,Canidae,3584.37,3.58437,49.5,PanTHERIA_WR05
Vulpes velox,Carnivora,Canidae,2088,2.088,47.08,PanTHERIA_WR05
Vulpes vulpes,Carnivora,Canidae,4820.36,4.82036,50.71,PanTHERIA_WR05
Vulpes zerda,Carnivora,Canidae,1317.13,1.31713,65.56,PanTHERIA_WR05
Wallabia bicolor,Diprotodontia,Macropodidae,14999.95,14.99995,447.45,PanTHERIA_WR05
Wyulda squamicaudata,Diprotodontia,Phalangeridae,1799.21,1.79921,240.97,PanTHERIA_WR05
Xerus erythropus,Rodentia,Sciuridae,602.23,0.60223,50.21,PanTHERIA_WR05
Xerus inauris,Rodentia,Sciuridae,572.6,0.5726,51.85,PanTHERIA_WR05
Zaedyus pichiy,Cingulata,Dasypodidae,1444.76,1.44476,41.88,PanTHERIA_WR05
Zaglossus bruijni,Monotremata,Tachyglossidae,8951.71,8.95171,90.73,PanTHERIA_WR05
Zalophus californianus,Carnivora,Otariidae,137194.86,137.19486,319.01,PanTHERIA_WR05
Zapus hudsonius,Rodentia,Dipodidae,18.43,0.01843,25,PanTHERIA_WR05
Zapus princeps,Rodentia,Dipodidae,27.2,0.0272,29.04,PanTHERIA_WR05
Zapus trinotatus,Rodentia,Dipodidae,27.45,0.02745,30.18,PanTHERIA_WR05
Zelotomys woosnami,Rodentia,Muridae,54.1,0.0541,15.9,PanTHERIA_WR05
Zygodontomys brevicauda,Rodentia,Cricetidae,52.22,0.05222,18.5,PanTHERIA_WR05
Zyzomys argurus,Rodentia,Muridae,40.42,0.04042,34.99,PanTHERIA_WR05
Zyzomys woodwardi,Rodentia,Muridae,95.02,0.09502,34.99,PanTHERIA_WR05
