species,order,family,mass_g,mass_kg,bmr_mLO2_hr,bmr_W,specific_bmr_mLO2_hr_kg,specific_bmr_W_kg,source
Camelus dromedarius,Artiodactyla,Camelidae,407000,407,40293,224.96925,99,0.55275,PanTHERIA_WR05
Canis latrans,Carnivora,Canidae,10450,10.45,3699,20.65275,353.97129,1.9763397,PanTHERIA_WR05
Canis lupus,Carnivora,Canidae,33100,33.1,11254.2,62.83595,340.00604,1.8983671,PanTHERIA_WR05
Caluromys derbianus,Didelphimorphia,Didelphidae,344,0.344,215.11,1.2010308,625.31977,3.4913687,PanTHERIA_WR05
Cannomys badius,Rodentia,Spalacidae,344,0.344,172,0.96033333,500,2.7916667,PanTHERIA_WR05
Callithrix jacchus,Primates,Cebidae,190,0.19,152,0.84866667,800,4.4666667,PanTHERIA_WR05
Callithrix pygmaea,Primates,Cebidae,116.9,0.1169,113.99,0.63644417,975.10693,5.444347,PanTHERIA_WR05
Calomys callosus,Rodentia,Cricetidae,48,0.048,55.82,0.31166167,1162.9167,6.4929514,PanTHERIA_WR05
Calomys lepidus,Rodentia,Cricetidae,16,0.016,28.8,0.1608,1800,10.05,PanTHERIA_WR05
Calomys musculinus,Rodentia,Cricetidae,16.9,0.0169,27.59,0.15404417,1632.5444,9.1150394,PanTHERIA_WR05
Calomys venustus,Rodentia,Cricetidae,49.5,0.0495,70.78,0.39518833,1429.899,7.9836027,PanTHERIA_WR05
Auliscomys boliviensis,Rodentia,Cricetidae,76.8,0.0768,110.59,0.61746083,1439.974,8.0398546,PanTHERIA_WR05
Cercartetus concinnus,Diprotodontia,Burramyidae,18.6,0.0186,22.32,0.12462,1200,6.7,PanTHERIA_WR05
Cercartetus lepidus,Diprotodontia,Burramyidae,12.6,0.0126,18.77,0.10479917,1489.6825,8.3173942,PanTHERIA_WR05
Cercartetus nanus,Diprotodontia,Burramyidae,65,0.065,55.9,0.31210833,860,4.8016667,PanTHERIA_WR05
Cercopithecus mitis,Primates,Cercopithecidae,8650,8.65,3455.75,19.294604,399.50867,2.2305901,PanTHERIA_WR05
Cerdocyon thous,Carnivora,Canidae,5592.83,5.59283,1556.56,8.6907933,278.31348,1.5539169,PanTHERIA_WR05
Chaetodipus baileyi,Rodentia,Heteromyidae,29.1,0.0291,38,0.21216667,1305.8419,7.2909507,PanTHERIA_WR05
Chaetodipus californicus,Rodentia,Heteromyidae,22,0.022,21.45,0.1197625,975,5.44375,PanTHERIA_WR05
Chaetodipus fallax,Rodentia,Heteromyidae,19.9,0.0199,30.2,0.16861667,1517.5879,8.4731993,PanTHERIA_WR05
Chaetodipus hispidus,Rodentia,Heteromyidae,37.4,0.0374,48.41,0.27028917,1294.385,7.2269831,PanTHERIA_WR05
Chaetodipus intermedius,Rodentia,Heteromyidae,14.6,0.0146,15.62,0.087211667,1069.863,5.9734018,PanTHERIA_WR05
Chaetodipus penicillatus,Rodentia,Heteromyidae,16,0.016,22.4,0.12506667,1400,7.8166667,PanTHERIA_WR05
Cricetus cricetus,Rodentia,Cricetidae,362,0.362,231.68,1.2935467,640,3.5733333,PanTHERIA_WR05
Crocidura flavescens,Soricomorpha,Soricidae,33.2,0.0332,44.48,0.24834667,1339.759,7.4803213,PanTHERIA_WR05
Crocidura hildegardeae,Soricomorpha,Soricidae,11.5,0.0115,29.9,0.16694167,2600,14.516667,PanTHERIA_WR05
Crocidura poensis,Soricomorpha,Soricidae,16.9,0.0169,30.42,0.169845,1800,10.05,PanTHERIA_WR05
Crocidura russula,Soricomorpha,Soricidae,10.1,0.0101,29.79,0.1663275,2949.505,16.468069,PanTHERIA_WR05
Eremitalpa granti,Afrosoricida,Chrysochloridae,26.1,0.0261,15.39,0.0859275,589.65517,3.2922414,PanTHERIA_WR05
Erinaceus europaeus,Erinaceomorpha,Erinaceidae,970.6,0.9706,404.6,2.2590167,416.85555,2.3274435,PanTHERIA_WR05
Erophylla bombifrons,Chiroptera,Phyllostomidae,16.1,0.0161,17.71,0.098880833,1100,6.1416667,PanTHERIA_WR05
Dendrohyrax dorsalis,Hyracoidea,Procaviidae,2210,2.21,751.4,4.1953167,340,1.8983333,PanTHERIA_WR05
Blarina brevicauda,Soricomorpha,Soricidae,20.4,0.0204,59.36,0.33142667,2909.8039,16.246405,PanTHERIA_WR05
Baiomys taylori,Rodentia,Cricetidae,7.15,0.00715,17.08,0.095363333,2388.8112,13.337529,PanTHERIA_WR05
Crocidura olivieri,Soricomorpha,Soricidae,38.3,0.0383,57.45,0.3207625,1500,8.375,PanTHERIA_WR05
Chaetophractus nationi,Cingulata,Dasypodidae,2150,2.15,559,3.1210833,260,1.4516667,PanTHERIA_WR05
Chaetophractus vellerosus,Cingulata,Dasypodidae,1100,1.1,303.6,1.6951,276,1.541,PanTHERIA_WR05
Chaetophractus villosus,Cingulata,Dasypodidae,4540,4.54,808.12,4.5120033,178,0.99383333,PanTHERIA_WR05
Chalinolobus gouldii,Chiroptera,Vespertilionidae,17.5,0.0175,25.2,0.1407,1440,8.04,PanTHERIA_WR05
Dendrolagus matschiei,Diprotodontia,Macropodidae,6960,6.96,1426.8,7.9663,205,1.1445833,PanTHERIA_WR05
Desmodillus auricularis,Rodentia,Muridae,71.93,0.07193,87.75,0.4899375,1219.936,6.8113096,PanTHERIA_WR05
Desmodus rotundus,Chiroptera,Phyllostomidae,29.4,0.0294,26.75,0.14935417,909.86395,5.0800737,PanTHERIA_WR05
Diaemus youngi,Chiroptera,Phyllostomidae,36.8,0.0368,34.22,0.19106167,929.8913,5.1918931,PanTHERIA_WR05
Dicrostonyx groenlandicus,Rodentia,Cricetidae,57.5,0.0575,97.41,0.5438725,1694.087,9.4586522,PanTHERIA_WR05
Didelphis marsupialis,Didelphimorphia,Didelphidae,1329,1.329,611.34,3.413315,460,2.5683333,PanTHERIA_WR05
Didelphis virginiana,Didelphimorphia,Didelphidae,2951.5,2.9515,719.07,4.0148075,243.62866,1.36026,PanTHERIA_WR05
Diphylla ecaudata,Chiroptera,Phyllostomidae,27.8,0.0278,33.91,0.18933083,1219.7842,6.8104616,PanTHERIA_WR05
Dipodillus dasyurus,Rodentia,Muridae,27.6,0.0276,13.46,0.075151667,487.68116,2.7228865,PanTHERIA_WR05
Elephantulus intufi,Macroscelidea,Macroscelididae,46.5,0.0465,52.08,0.29078,1120,6.2533333,PanTHERIA_WR05
Elephantulus myurus,Macroscelidea,Macroscelididae,65.2,0.0652,78.24,0.43684,1200,6.7,PanTHERIA_WR05
Elephantulus rufescens,Macroscelidea,Macroscelididae,53,0.053,56.86,0.31746833,1072.8302,5.9899686,PanTHERIA_WR05
Eligmodontia typus,Rodentia,Cricetidae,17.5,0.0175,29.99,0.16744417,1713.7143,9.5682381,PanTHERIA_WR05
Heterocephalus glaber,Rodentia,Bathyergidae,39.25,0.03925,25.74,0.143715,655.79618,3.6615287,PanTHERIA_WR05
Heterohyrax brucei,Hyracoidea,Procaviidae,1287,1.287,669.24,3.73659,520,2.9033333,PanTHERIA_WR05
Heteromys anomalus,Rodentia,Heteromyidae,69.3,0.0693,100.48,0.56101333,1449.9278,8.0954305,PanTHERIA_WR05
Heteromys desmarestianus,Rodentia,Heteromyidae,75.8,0.0758,98.99,0.55269417,1305.9367,7.2914798,PanTHERIA_WR05
Lagostomus maximus,Rodentia,Chinchillidae,6784,6.784,1899.52,10.605653,280,1.5633333,PanTHERIA_WR05
Eulemur fulvus,Primates,Lemuridae,2374.5,2.3745,746,4.1651667,314.1714,1.7541237,PanTHERIA_WR05
Galea musteloides,Rodentia,Caviidae,322.5,0.3225,262.83,1.4674675,814.97674,4.5502868,PanTHERIA_WR05
Galerella sanguinea,Carnivora,Herpestidae,490,0.49,372.6,2.08035,760.40816,4.2456122,PanTHERIA_WR05
Gerbillus gerbillus,Rodentia,Muridae,29.2,0.0292,15.53,0.086709167,531.84932,2.969492,PanTHERIA_WR05
Bassariscus sumichrasti,Carnivora,Procyonidae,906,0.906,448.2,2.50245,494.70199,2.7620861,PanTHERIA_WR05
Bathyergus janetta,Rodentia,Bathyergidae,406,0.406,217.21,1.2127558,535,2.9870833,PanTHERIA_WR05
Bathyergus suillus,Rodentia,Bathyergidae,666,0.666,322.78,1.8021883,484.65465,2.7059885,PanTHERIA_WR05
Bettongia penicillata,Diprotodontia,Potoroidae,1070,1.07,492.2,2.7481167,460,2.5683333,PanTHERIA_WR05
Bradypus variegatus,Pilosa,Bradypodidae,3790,3.79,685.99,3.8301108,181,1.0105833,PanTHERIA_WR05
Chelemys macronyx,Rodentia,Cricetidae,62,0.062,84.32,0.47078667,1360,7.5933333,PanTHERIA_WR05
Chinchilla lanigera,Rodentia,Chinchillidae,403,0.403,282.1,1.5750583,700,3.9083333,PanTHERIA_WR05
Chionomys nivalis,Rodentia,Cricetidae,32.8,0.0328,81.01,0.45230583,2469.8171,13.789812,PanTHERIA_WR05
Chiroderma doriae,Chiroptera,Phyllostomidae,19.9,0.0199,31.24,0.17442333,1569.8492,8.7649916,PanTHERIA_WR05
Chironectes minimus,Didelphimorphia,Didelphidae,946,0.946,548.68,3.0634633,580,3.2383333,PanTHERIA_WR05
Burramys parvus,Diprotodontia,Burramyidae,44.3,0.0443,36.76,0.20524333,829.79684,4.6330324,PanTHERIA_WR05
Cabassous centralis,Cingulata,Dasypodidae,3810,3.81,811.53,4.5310425,213,1.18925,PanTHERIA_WR05
Capreolus capreolus,Artiodactyla,Cervidae,190000,190,78470,438.12417,413,2.3059167,PanTHERIA_WR05
Capromys pilorides,Rodentia,Capromyidae,2630,2.63,604.9,3.3773583,230,1.2841667,PanTHERIA_WR05
Carollia perspicillata,Chiroptera,Phyllostomidae,14.9,0.0149,31.43,0.17548417,2109.396,11.777461,PanTHERIA_WR05
Crocidura jouvenetae,Soricomorpha,Soricidae,9.5,0.0095,20.9,0.11669167,2200,12.283333,PanTHERIA_WR05
Crocidura leucodon,Soricomorpha,Soricidae,11.7,0.0117,29.83,0.16655083,2549.5726,14.235114,PanTHERIA_WR05
Crocidura luna,Soricomorpha,Soricidae,12.8,0.0128,26.88,0.15008,2100,11.725,PanTHERIA_WR05
Cheirogaleus medius,Primates,Cheirogaleidae,300,0.3,195,1.08875,650,3.6291667,PanTHERIA_WR05
Choeroniscus godmani,Chiroptera,Phyllostomidae,10.1,0.0101,19.08,0.10653,1889.1089,10.547525,PanTHERIA_WR05
Choloepus hoffmanni,Pilosa,Megalonychidae,4010,4.01,697.74,3.895715,174,0.9715,PanTHERIA_WR05
Chrotopterus auritus,Chiroptera,Phyllostomidae,96.1,0.0961,101.86,0.56871833,1059.9376,5.9179847,PanTHERIA_WR05
Chrysochloris asiatica,Afrosoricida,Chrysochloridae,34,0.034,40.8,0.2278,1200,6.7,PanTHERIA_WR05
Coendou prehensilis,Rodentia,Erethizontidae,3280,3.28,918.4,5.1277333,280,1.5633333,PanTHERIA_WR05
Colobus guereza,Primates,Cercopithecidae,10625,10.625,3055,17.057083,287.52941,1.6053725,PanTHERIA_WR05
Conilurus penicillatus,Rodentia,Muridae,213.2,0.2132,162.67,0.90824083,762.9925,4.2600414,PanTHERIA_WR05
Dasyprocta azarae,Rodentia,Dasyproctidae,3849,3.849,1886.01,10.530223,490,2.7358333,PanTHERIA_WR05
Dasyprocta leporina,Rodentia,Dasyproctidae,2687,2.687,1558.46,8.7014017,580,3.2383333,PanTHERIA_WR05
Dasypus novemcinctus,Cingulata,Dasypodidae,3510,3.51,866.97,4.8405825,247,1.3790833,PanTHERIA_WR05
Eumops perotis,Chiroptera,Molossidae,56,0.056,39.76,0.22199333,710,3.9641667,PanTHERIA_WR05
Euneomys chinchilloides,Rodentia,Cricetidae,65.4,0.0654,84.36,0.47101,1289.9083,7.2019878,PanTHERIA_WR05
Euoticus elegantulus,Primates,Galagidae,261.75,0.26175,215.66,1.2041017,823.91595,4.6001974,PanTHERIA_WR05
Euphractus sexcinctus,Cingulata,Dasypodidae,8190,8.19,1236.69,6.9048525,151,0.84308333,PanTHERIA_WR05
Connochaetes taurinus,Artiodactyla,Bovidae,90000,90,26460,147.735,294,1.6415,PanTHERIA_WR05
Cricetomys gambianus,Rodentia,Nesomyidae,1521.4,1.5214,1022.38,5.7082883,671.99947,3.7519971,PanTHERIA_WR05
Crocidura viaria,Soricomorpha,Soricidae,15.3,0.0153,22.95,0.1281375,1500,8.375,PanTHERIA_WR05
Cryptomys amatus,Rodentia,Bathyergidae,77,0.077,48.51,0.2708475,630,3.5175,PanTHERIA_WR05
Cryptomys bocagei,Rodentia,Bathyergidae,94,0.094,69.56,0.38837667,740,4.1316667,PanTHERIA_WR05
Cryptomys damarensis,Rodentia,Bathyergidae,128,0.128,76.87,0.42919083,600.54688,3.3530534,PanTHERIA_WR05
Cryptomys darlingi,Rodentia,Bathyergidae,81,0.081,67.23,0.3753675,830,4.6341667,PanTHERIA_WR05
Cryptomys hottentotus,Rodentia,Bathyergidae,95,0.095,74.55,0.4162375,784.73684,4.3814474,PanTHERIA_WR05
Cryptomys mechowi,Rodentia,Bathyergidae,272,0.272,163.2,0.9112,600,3.35,PanTHERIA_WR05
Cryptotis parva,Soricomorpha,Soricidae,6.38,0.00638,44.66,0.24935167,7000,39.083333,PanTHERIA_WR05
Ctenomys fulvus,Rodentia,Ctenomyidae,300,0.3,189,1.05525,630,3.5175,PanTHERIA_WR05
Ctenomys maulinus,Rodentia,Ctenomyidae,215,0.215,187.05,1.0443625,870,4.8575,PanTHERIA_WR05
Ctenomys peruanus,Rodentia,Ctenomyidae,490,0.49,220.5,1.231125,450,2.5125,PanTHERIA_WR05
Cuniculus paca,Rodentia,Cuniculidae,9156,9.156,2746.8,15.3363,300,1.675,PanTHERIA_WR05
Cyclopes didactylus,Pilosa,Cyclopedidae,240,0.24,114.48,0.63918,477,2.66325,PanTHERIA_WR05
Cynomys ludovicianus,Rodentia,Sciuridae,1112.3,1.1123,422.67,2.3599075,379.9964,2.1216466,PanTHERIA_WR05
Cynopterus brachyotis,Chiroptera,Pteropodidae,37.4,0.0374,47.49,0.2651525,1269.7861,7.089639,PanTHERIA_WR05
Cystophora cristata,Carnivora,Phocidae,282840.91,282.84091,62991,351.69975,222.70824,1.2434543,PanTHERIA_WR05
Dasycercus cristicauda,Dasyuromorphia,Dasyuridae,91,0.091,46.62,0.260295,512.30769,2.8603846,PanTHERIA_WR05
Dasyuroides byrnei,Dasyuromorphia,Dasyuridae,102.75,0.10275,79.64,0.44465667,775.08516,4.3275588,PanTHERIA_WR05
Dasyurus geoffroii,Dasyuromorphia,Dasyuridae,1227,1.227,507.09,2.8312525,413.27628,2.3074593,PanTHERIA_WR05
Dasyurus hallucatus,Dasyuromorphia,Dasyuridae,584,0.584,297.84,1.66294,510,2.8475,PanTHERIA_WR05
Dasyurus maculatus,Dasyuromorphia,Dasyuridae,1782,1.782,588.06,3.283335,330,1.8425,PanTHERIA_WR05
Dasyurus viverrinus,Dasyuromorphia,Dasyuridae,910,0.91,409.5,2.286375,450,2.5125,PanTHERIA_WR05
Dipodomys agilis,Rodentia,Heteromyidae,61,0.061,64.05,0.3576125,1050,5.8625,PanTHERIA_WR05
Dipodomys deserti,Rodentia,Heteromyidae,104.9,0.1049,93.99,0.5247775,895.99619,5.0026454,PanTHERIA_WR05
Dipodomys heermanni,Rodentia,Heteromyidae,63.3,0.0633,73.17,0.4085325,1155.9242,6.45391,PanTHERIA_WR05
Dipodomys merriami,Rodentia,Heteromyidae,37,0.037,43.64,0.24365667,1179.4595,6.5853153,PanTHERIA_WR05
Dipodomys microps,Rodentia,Heteromyidae,55.7,0.0557,60.15,0.3358375,1079.8923,6.0293986,PanTHERIA_WR05
Dipodomys nitratoides,Rodentia,Heteromyidae,37.8,0.0378,46.11,0.2574475,1219.8413,6.8107804,PanTHERIA_WR05
Dipodomys ordii,Rodentia,Heteromyidae,48.8,0.0488,63.97,0.35716583,1310.8607,7.318972,PanTHERIA_WR05
Dipodomys panamintinus,Rodentia,Heteromyidae,56.9,0.0569,68.28,0.38123,1200,6.7,PanTHERIA_WR05
Dobsonia minor,Chiroptera,Pteropodidae,80.35,0.08035,92.01,0.5137225,1145.1151,6.3935594,PanTHERIA_WR05
Dobsonia moluccensis,Chiroptera,Pteropodidae,463.8,0.4638,394.2,2.20095,849.93532,4.7454722,PanTHERIA_WR05
Dobsonia pannietensis,Chiroptera,Pteropodidae,241.4,0.2414,173.8,0.97038333,719.96686,4.019815,PanTHERIA_WR05
Dobsonia praedatrix,Chiroptera,Pteropodidae,179.5,0.1795,141.8,0.79171667,789.97214,4.4106778,PanTHERIA_WR05
Dolichotis salinicola,Rodentia,Caviidae,1613,1.613,725.85,4.0526625,450,2.5125,PanTHERIA_WR05
Echinops telfairi,Afrosoricida,Tenrecidae,116.4,0.1164,133.86,0.747385,1150,6.4208333,PanTHERIA_WR05
Echinosorex gymnura,Erinaceomorpha,Erinaceidae,721.2,0.7212,504.84,2.81869,700,3.9083333,PanTHERIA_WR05
Echymipera kalubu,Peramelemorphia,Peramelidae,697.5,0.6975,343.51,1.9179308,492.48746,2.7497216,PanTHERIA_WR05
Echymipera rufescens,Peramelemorphia,Peramelidae,836,0.836,392.92,2.1938033,470,2.6241667,PanTHERIA_WR05
Eira barbara,Carnivora,Mustelidae,4135,4.135,1711.8,9.55755,413.97823,2.3113785,PanTHERIA_WR05
Elephantulus brachyrhynchus,Macroscelidea,Macroscelididae,45.3,0.0453,43.57,0.24326583,961.81015,5.3701067,PanTHERIA_WR05
Elephantulus edwardii,Macroscelidea,Macroscelididae,49.9,0.0499,54.39,0.3036775,1089.98,6.0857214,PanTHERIA_WR05
Enhydra lutris,Carnivora,Mustelidae,18000,18,12060,67.335,670,3.7408333,PanTHERIA_WR05
Eonycteris spelaea,Chiroptera,Pteropodidae,51.6,0.0516,47.98,0.26788833,929.84496,5.1916344,PanTHERIA_WR05
Epixerus ebii,Rodentia,Sciuridae,460,0.46,241.5,1.348375,525,2.93125,PanTHERIA_WR05
Eptesicus fuscus,Chiroptera,Vespertilionidae,16.9,0.0169,30.42,0.169845,1800,10.05,PanTHERIA_WR05
Genetta tigrina,Carnivora,Viverridae,1879,1.879,826.86,4.616635,440.05322,2.4569638,PanTHERIA_WR05
Geogale aurita,Afrosoricida,Tenrecidae,6.9,0.0069,7.72,0.043103333,1118.8406,6.2468599,PanTHERIA_WR05
Geomys bursarius,Rodentia,Geomyidae,237.5,0.2375,194.05,1.0834458,817.05263,4.5618772,PanTHERIA_WR05
Geomys pinetis,Rodentia,Geomyidae,201.5,0.2015,139,0.77608333,689.8263,3.8515302,PanTHERIA_WR05
Georychus capensis,Rodentia,Bathyergidae,186,0.186,109.74,0.612715,590,3.2941667,PanTHERIA_WR05
Gerbilliscus afra,Rodentia,Muridae,106.5,0.1065,252.67,1.4107408,2372.4883,13.246393,PanTHERIA_WR05
Gerbilliscus leucogaster,Rodentia,Muridae,120,0.12,114.17,0.63744917,951.41667,5.3120764,PanTHERIA_WR05
Gerbillurus paeba,Rodentia,Muridae,33.9,0.0339,27.23,0.15203417,803.24484,4.4847837,PanTHERIA_WR05
Gerbillurus setzeri,Rodentia,Muridae,46.1,0.0461,32.73,0.1827425,709.97831,3.9640456,PanTHERIA_WR05
Gerbillurus tytonis,Rodentia,Muridae,29.9,0.0299,23.74,0.13254833,793.97993,4.4330546,PanTHERIA_WR05
Gerbillurus vallinus,Rodentia,Muridae,38.8,0.0388,28.61,0.15973917,737.37113,4.1169888,PanTHERIA_WR05
Gerbillus andersoni,Rodentia,Muridae,35.3,0.0353,30.83,0.17213417,873.3711,4.876322,PanTHERIA_WR05
Graphiurus ocularis,Rodentia,Gliridae,67.8,0.0678,66.44,0.37095667,979.941,5.4713373,PanTHERIA_WR05
Gulo gulo,Carnivora,Mustelidae,11600,11.6,4906.8,27.3963,423,2.36175,PanTHERIA_WR05
Gymnobelideus leadbeateri,Diprotodontia,Petauridae,166,0.166,102.92,0.57463667,620,3.4616667,PanTHERIA_WR05
Halichoerus grypus,Carnivora,Phocidae,194000,194,38605.8,215.54905,198.99897,1.1110776,PanTHERIA_WR05
Heliophobius argenteocinereus,Rodentia,Bathyergidae,88,0.088,74.8,0.41763333,850,4.7458333,PanTHERIA_WR05
Herpestes javanicus,Carnivora,Herpestidae,780,0.78,585,3.26625,750,4.1875,PanTHERIA_WR05
Felis silvestris,Carnivora,Felidae,4485,4.485,3184.2,17.77845,709.96656,3.9639799,PanTHERIA_WR05
Fossa fossana,Carnivora,Eupleridae,2030,2.03,812.6,4.5370167,400.29557,2.2349836,PanTHERIA_WR05
Funisciurus congicus,Rodentia,Sciuridae,112.3,0.1123,95.45,0.53292917,849.95548,4.7455847,PanTHERIA_WR05
Funisciurus isabella,Rodentia,Sciuridae,60,0.06,102.06,0.569835,1701,9.49725,PanTHERIA_WR05
Funisciurus lemniscatus,Rodentia,Sciuridae,95,0.095,89.58,0.500155,942.94737,5.2647895,PanTHERIA_WR05
Funisciurus pyrropus,Rodentia,Sciuridae,244,0.244,181.29,1.0122025,742.9918,4.1483709,PanTHERIA_WR05
Galago demidoff,Primates,Galagidae,63.8,0.0638,63.2,0.35286667,990.59561,5.5308255,PanTHERIA_WR05
Galago senegalensis,Primates,Galagidae,223.25,0.22325,167.6,0.93576667,750.72788,4.191564,PanTHERIA_WR05
Gerbillus nanus,Rodentia,Muridae,29.85,0.02985,17.44,0.097373333,584.25461,3.2620882,PanTHERIA_WR05
Gerbillus perpallidus,Rodentia,Muridae,54.7,0.0547,46.65,0.2604625,852.83364,4.7616545,PanTHERIA_WR05
Gerbillus pusillus,Rodentia,Muridae,12.6,0.0126,13.48,0.075263333,1069.8413,5.9732804,PanTHERIA_WR05
Gerbillus pyramidum,Rodentia,Muridae,80.9,0.0809,81.37,0.45431583,1005.8096,5.6157705,PanTHERIA_WR05
Glaucomys volans,Rodentia,Sciuridae,73,0.073,67.05,0.3743625,918.49315,5.1282534,PanTHERIA_WR05
Glossophaga longirostris,Chiroptera,Phyllostomidae,13.5,0.0135,26.46,0.147735,1960,10.943333,PanTHERIA_WR05
Glossophaga soricina,Chiroptera,Phyllostomidae,8.75,0.00875,21.07,0.11764083,2408,13.444667,PanTHERIA_WR05
Graomys griseoflavus,Rodentia,Cricetidae,69.4,0.0694,83.97,0.4688325,1209.9424,6.7555115,PanTHERIA_WR05
Gracilinanus microtarsus,Didelphimorphia,Didelphidae,13,0.013,19.6,0.10943333,1507.6923,8.4179487,PanTHERIA_WR05
Isthmomys pirrensis,Rodentia,Cricetidae,137.9,0.1379,121.35,0.6775375,879.9855,4.9132524,PanTHERIA_WR05
Jaculus jaculus,Rodentia,Dipodidae,75,0.075,92.25,0.5150625,1230,6.8675,PanTHERIA_WR05
Jaculus orientalis,Rodentia,Dipodidae,139,0.139,139,0.77608333,1000,5.5833333,PanTHERIA_WR05
Heliosciurus rufobrachium,Rodentia,Sciuridae,230,0.23,133.4,0.74481667,580,3.2383333,PanTHERIA_WR05
Hemicentetes nigriceps,Afrosoricida,Tenrecidae,101.9,0.1019,72.45,0.4045125,710.99117,3.9697007,PanTHERIA_WR05
Hemicentetes semispinosus,Afrosoricida,Tenrecidae,133,0.133,64.1,0.35789167,481.95489,2.6909148,PanTHERIA_WR05
Hemiechinus auritus,Erinaceomorpha,Erinaceidae,398.5,0.3985,151.43,0.84548417,380,2.1216667,PanTHERIA_WR05
Hipposideros galeritus,Chiroptera,Hipposideridae,8.5,0.0085,9.35,0.052204167,1100,6.1416667,PanTHERIA_WR05
Histiotus velatus,Chiroptera,Vespertilionidae,11.2,0.0112,9.96,0.05561,889.28571,4.9651786,PanTHERIA_WR05
Hyaena hyaena,Carnivora,Hyaenidae,26800,26.8,4582.8,25.5873,171,0.95475,PanTHERIA_WR05
Hydrochoerus hydrochaeris,Rodentia,Caviidae,26385,26.385,6596.25,36.829062,250,1.3958333,PanTHERIA_WR05
Hydromys chrysogaster,Rodentia,Muridae,900,0.9,528.3,2.949675,587,3.2774167,PanTHERIA_WR05
Lasiurus borealis,Chiroptera,Vespertilionidae,12.2,0.0122,17.44,0.097373333,1429.5082,7.9814208,PanTHERIA_WR05
Lasiurus cinereus,Chiroptera,Vespertilionidae,19.9,0.0199,16.51,0.092180833,829.64824,4.6322027,PanTHERIA_WR05
Lasiurus intermedius,Chiroptera,Vespertilionidae,22.6,0.0226,18.3,0.102175,809.73451,4.5210177,PanTHERIA_WR05
Lasiurus seminolus,Chiroptera,Vespertilionidae,9.77,0.00977,13.48,0.075263333,1379.7339,7.7035142,PanTHERIA_WR05
Lemmiscus curtatus,Rodentia,Cricetidae,30.3,0.0303,50.29,0.28078583,1659.736,9.2668592,PanTHERIA_WR05
Marmosa robinsoni,Didelphimorphia,Didelphidae,122,0.122,97.6,0.54493333,800,4.4666667,PanTHERIA_WR05
Hystrix africaeaustralis,Rodentia,Hystricidae,11300,11.3,2361.7,13.186158,209,1.1669167,PanTHERIA_WR05
Isoodon auratus,Peramelemorphia,Peramelidae,428,0.428,148.08,0.82678,345.98131,1.931729,PanTHERIA_WR05
Isoodon macrourus,Peramelemorphia,Peramelidae,1550,1.55,573.87,3.2041075,370.23871,2.0671661,PanTHERIA_WR05
Kerodon rupestris,Rodentia,Caviidae,801,0.801,360.45,2.0125125,450,2.5125,PanTHERIA_WR05
Kobus ellipsiprymnus,Artiodactyla,Bovidae,100000,100,26700,149.075,267,1.49075,PanTHERIA_WR05
Lagorchestes conspicillatus,Diprotodontia,Macropodidae,2260,2.26,723.2,4.0378667,320,1.7866667,PanTHERIA_WR05
Manis javanica,Pholidota,Manidae,4220,4.22,1105.64,6.1731567,262,1.4628333,PanTHERIA_WR05
Manis tricuspis,Pholidota,Manidae,2730,2.73,864.04,4.8242233,316.49817,1.7671148,PanTHERIA_WR05
Meriones tristrami,Rodentia,Muridae,112,0.112,184.01,1.0273892,1642.9464,9.1731176,PanTHERIA_WR05
Meriones unguiculatus,Rodentia,Muridae,70,0.07,99.4,0.55498333,1420,7.9283333,PanTHERIA_WR05
Megaloglossus woermanni,Chiroptera,Pteropodidae,12.4,0.0124,21.7,0.12115833,1750,9.7708333,PanTHERIA_WR05
Monodelphis brevicaudata,Didelphimorphia,Didelphidae,93.5,0.0935,68.14,0.38044833,728.77005,4.0689661,PanTHERIA_WR05
Monodelphis domestica,Didelphimorphia,Didelphidae,104,0.104,61.25,0.34197917,588.94231,3.2882612,PanTHERIA_WR05
Meles meles,Carnivora,Mustelidae,11600,11.6,3340.8,18.6528,288,1.608,PanTHERIA_WR05
Molossus molossus,Chiroptera,Molossidae,16.5,0.0165,20.13,0.1123925,1220,6.8116667,PanTHERIA_WR05
Monophyllus redmani,Chiroptera,Phyllostomidae,8.7,0.0087,11.13,0.0621425,1279.3103,7.1428161,PanTHERIA_WR05
Mormoops blainvillei,Chiroptera,Mormoopidae,8.6,0.0086,7.99,0.044610833,929.06977,5.1873062,PanTHERIA_WR05
Mormoops megalophylla,Chiroptera,Mormoopidae,16.5,0.0165,24.42,0.136345,1480,8.2633333,PanTHERIA_WR05
Marmota flaviventris,Rodentia,Sciuridae,4295,4.295,1546.2,8.63295,360,2.01,PanTHERIA_WR05
Marmota marmota,Rodentia,Sciuridae,1868,1.868,1008.72,5.63202,540,3.015,PanTHERIA_WR05
Marmota monax,Rodentia,Sciuridae,2650,2.65,662.5,3.6989583,250,1.3958333,PanTHERIA_WR05
Lemmus lemmus,Rodentia,Cricetidae,80,0.08,192,1.072,2400,13.4,PanTHERIA_WR05
Lemmus sibiricus,Rodentia,Cricetidae,53.3,0.0533,101.47,0.56654083,1903.7523,10.629284,PanTHERIA_WR05
Lasiorhinus latifrons,Diprotodontia,Vombatidae,29920,29.92,3291.2,18.375867,110,0.61416667,PanTHERIA_WR05
Lemniscomys rosalia,Rodentia,Muridae,50.53,0.05053,61.29,0.3422025,1212.9428,6.772264,PanTHERIA_WR05
Leopardus pardalis,Carnivora,Felidae,11880,11.88,3682.8,20.5623,310,1.7308333,PanTHERIA_WR05
Leopardus wiedii,Carnivora,Felidae,3281.67,3.28167,918.6,5.12885,279.91846,1.562878,PanTHERIA_WR05
Lepilemur mustelinus,Primates,Lepilemuridae,693,0.693,225,1.25625,324.67532,1.8127706,PanTHERIA_WR05
Leptailurus serval,Carnivora,Felidae,1012,1.012,258.06,1.440835,255,1.42375,PanTHERIA_WR05
Leptonychotes weddellii,Carnivora,Phocidae,368000,368,113712,634.892,309,1.72525,PanTHERIA_WR05
Leptonycteris curasoae,Chiroptera,Phyllostomidae,24,0.024,34.08,0.19028,1420,7.9283333,PanTHERIA_WR05
Leptonycteris yerbabuenae,Chiroptera,Phyllostomidae,22,0.022,44,0.24566667,2000,11.166667,PanTHERIA_WR05
Lepus alleni,Lagomorpha,Leporidae,3250,3.25,1787.5,9.9802083,550,3.0708333,PanTHERIA_WR05
Lepus americanus,Lagomorpha,Leporidae,1562.8,1.5628,1250.24,6.9805067,800,4.4666667,PanTHERIA_WR05
Lepus californicus,Lagomorpha,Leporidae,2300,2.3,1311,7.31975,570,3.1825,PanTHERIA_WR05
Lepus townsendii,Lagomorpha,Leporidae,2620,2.62,1506.5,8.4112917,575,3.2104167,PanTHERIA_WR05
Limnogale mergulus,Afrosoricida,Tenrecidae,77.7,0.0777,72.31,0.40373083,930.63063,5.196021,PanTHERIA_WR05
Liomys irroratus,Rodentia,Heteromyidae,48.1,0.0481,53.87,0.30077417,1119.9584,6.2531012,PanTHERIA_WR05
Liomys salvini,Rodentia,Heteromyidae,44.5,0.0445,48.37,0.27006583,1086.9663,6.0688951,PanTHERIA_WR05
Loris tardigradus,Primates,Lorisidae,128,0.128,284,1.5856667,2218.75,12.388021,PanTHERIA_WR05
Loxodontomys micropus,Rodentia,Cricetidae,62.3,0.0623,97.81,0.54610583,1569.9839,8.7657437,PanTHERIA_WR05
Lutra lutra,Carnivora,Mustelidae,8900,8.9,4005,22.36125,450,2.5125,PanTHERIA_WR05
Lutreolina crassicaudata,Didelphimorphia,Didelphidae,812,0.812,406,2.2668333,500,2.7916667,PanTHERIA_WR05
Lycaon pictus,Carnivora,Canidae,15375,15.375,10259.65,57.283046,667.29431,3.7257266,PanTHERIA_WR05
Lynx rufus,Carnivora,Felidae,6200,6.2,2665.2,14.8807,429.87097,2.4001129,PanTHERIA_WR05
Macaca mulatta,Primates,Cercopithecidae,6225,6.225,2239,12.501083,359.67871,2.0082062,PanTHERIA_WR05
Macroderma gigas,Chiroptera,Megadermatidae,148,0.148,139.12,0.77675333,940,5.2483333,PanTHERIA_WR05
Meriones hurrianae,Rodentia,Muridae,72.3,0.0723,64.49,0.36006917,891.97787,4.9802098,PanTHERIA_WR05
Macroglossus minimus,Chiroptera,Pteropodidae,16.35,0.01635,22.32,0.12462,1365.1376,7.6220183,PanTHERIA_WR05
Macropus eugenii,Diprotodontia,Macropodidae,4837,4.837,1385.65,7.7365458,286.46889,1.5994513,PanTHERIA_WR05
Macropus parma,Diprotodontia,Macropodidae,3750,3.75,1376.25,7.6840625,367,2.0490833,PanTHERIA_WR05
Macropus robustus,Diprotodontia,Macropodidae,29650,29.65,5453.5,30.448708,183.92917,1.0269379,PanTHERIA_WR05
Macropus rufus,Diprotodontia,Macropodidae,30617.5,30.6175,5568.64,31.091573,181.87768,1.0154837,PanTHERIA_WR05
Macroscelides proboscideus,Macroscelidea,Macroscelididae,38.8,0.0388,52.57,0.29351583,1354.8969,7.5648411,PanTHERIA_WR05
Macrotis lagotis,Peramelemorphia,Thylacomyidae,1138,1.138,400.19,2.2343942,351.66081,1.9634395,PanTHERIA_WR05
Macrotus californicus,Chiroptera,Phyllostomidae,11.7,0.0117,14.62,0.081628333,1249.5726,6.9767806,PanTHERIA_WR05
Madoqua kirkii,Artiodactyla,Bovidae,4290,4.29,2145,11.97625,500,2.7916667,PanTHERIA_WR05
Malacothrix typica,Rodentia,Nesomyidae,21.7,0.0217,20.61,0.1150725,949.76959,5.3028802,PanTHERIA_WR05
Manis crassicaudata,Pholidota,Manidae,15910,15.91,1240.98,6.928805,78,0.4355,PanTHERIA_WR05
Martes americana,Carnivora,Mustelidae,885,0.885,584.85,3.2654125,660.84746,3.6897316,PanTHERIA_WR05
Martes martes,Carnivora,Mustelidae,1185.5,1.1855,948.6,5.29635,800.16871,4.4676086,PanTHERIA_WR05
Mastomys natalensis,Rodentia,Muridae,41.74,0.04174,32.97,0.1840825,789.88979,4.410218,PanTHERIA_WR05
Megadontomys thomasi,Rodentia,Cricetidae,110.9,0.1109,124.2,0.69345,1119.9279,6.2529306,PanTHERIA_WR05
Melonycteris melanops,Chiroptera,Pteropodidae,53.3,0.0533,43.18,0.24108833,810.13133,4.5232333,PanTHERIA_WR05
Melursus ursinus,Carnivora,Ursidae,100747.02,100.74702,12694.2,70.87595,126.00075,0.70350418,PanTHERIA_WR05
Mephitis mephitis,Carnivora,Mephitidae,2400,2.4,638.4,3.5644,266,1.4851667,PanTHERIA_WR05
Microtus mexicanus,Rodentia,Cricetidae,28.8,0.0288,46.94,0.26208167,1629.8611,9.1000579,PanTHERIA_WR05
Microtus montanus,Rodentia,Cricetidae,30.8,0.0308,81.62,0.45571167,2650,14.795833,PanTHERIA_WR05
Microtus ochrogaster,Rodentia,Cricetidae,47.4,0.0474,82.47,0.4604575,1739.8734,9.7142932,PanTHERIA_WR05
Microtus oeconomus,Rodentia,Cricetidae,33.7,0.0337,100.66,0.56201833,2986.9436,16.677102,PanTHERIA_WR05
Microtus pennsylvanicus,Rodentia,Cricetidae,58.1,0.0581,105.57,0.5894325,1817.0396,10.145138,PanTHERIA_WR05
Microtus pinetorum,Rodentia,Cricetidae,24.5,0.0245,55.93,0.31227583,2282.8571,12.745952,PanTHERIA_WR05
Microtus richardsoni,Rodentia,Cricetidae,65.7,0.0657,128.11,0.71528083,1949.9239,10.887075,PanTHERIA_WR05
Microtus subterraneus,Rodentia,Cricetidae,17.8,0.0178,49.48,0.27626333,2779.7753,15.520412,PanTHERIA_WR05
Microtus townsendii,Rodentia,Cricetidae,52.2,0.0522,90.41,0.50478917,1731.9923,9.6702905,PanTHERIA_WR05
Microtus xanthognathus,Rodentia,Cricetidae,68.5,0.0685,98.64,0.55074,1440,8.04,PanTHERIA_WR05
Millardia meltada,Rodentia,Muridae,67.4,0.0674,58.63,0.32735083,869.88131,4.8568373,PanTHERIA_WR05
Metachirus nudicaudatus,Didelphimorphia,Didelphidae,336,0.336,204.96,1.14436,610,3.4058333,PanTHERIA_WR05
Micaelamys namaquensis,Rodentia,Muridae,57.3,0.0573,48.13,0.26872583,839.9651,4.6898051,PanTHERIA_WR05
Microcavia niata,Rodentia,Caviidae,255.2,0.2552,175.83,0.9817175,688.98903,3.8468554,PanTHERIA_WR05
Microcebus murinus,Primates,Cheirogaleidae,101.05,0.10105,125.84,0.70260667,1245.3241,6.9530595,PanTHERIA_WR05
Microdipodops megacephalus,Rodentia,Heteromyidae,11,0.011,30.82,0.17207833,2801.8182,15.643485,PanTHERIA_WR05
Microdipodops pallidus,Rodentia,Heteromyidae,15,0.015,19.5,0.108875,1300,7.2583333,PanTHERIA_WR05
Microgale dobsoni,Afrosoricida,Tenrecidae,44.6,0.0446,41.92,0.23405333,939.91031,5.2478326,PanTHERIA_WR05
Microgale talazaci,Afrosoricida,Tenrecidae,44,0.044,43.56,0.24321,990,5.5275,PanTHERIA_WR05
Micromys minutus,Rodentia,Muridae,7.37,0.00737,21.07,0.11764083,2858.8874,15.962121,PanTHERIA_WR05
Microtus arvalis,Rodentia,Cricetidae,22,0.022,61,0.34058333,2772.7273,15.481061,PanTHERIA_WR05
Microtus californicus,Rodentia,Cricetidae,44,0.044,68.2,0.38078333,1550,8.6541667,PanTHERIA_WR05
Microtus canicaudus,Rodentia,Cricetidae,30.4,0.0304,77.82,0.434495,2559.8684,14.292599,PanTHERIA_WR05
Myotis velifer,Chiroptera,Vespertilionidae,11.9,0.0119,7.7,0.042991667,647.05882,3.6127451,PanTHERIA_WR05
Myotis vivesi,Chiroptera,Vespertilionidae,25,0.025,35.75,0.19960417,1430,7.9841667,PanTHERIA_WR05
Myotis yumanensis,Chiroptera,Vespertilionidae,5,0.005,8.5,0.047458333,1700,9.4916667,PanTHERIA_WR05
Myotomys unisulcatus,Rodentia,Muridae,96,0.096,106.56,0.59496,1110,6.1975,PanTHERIA_WR05
Myrmecobius fasciatus,Dasyuromorphia,Myrmecobiidae,440,0.44,164.8,0.92013333,374.54545,2.0912121,PanTHERIA_WR05
Myrmecophaga tridactyla,Pilosa,Myrmecophagidae,30600,30.6,2601,14.52225,85,0.47458333,PanTHERIA_WR05
Mystromys albicaudatus,Rodentia,Nesomyidae,93.78,0.09378,126.79,0.70791083,1351.994,7.5486333,PanTHERIA_WR05
Nandinia binotata,Carnivora,Nandiniidae,3121.25,3.12125,809.25,4.5183125,259.27113,1.4475971,PanTHERIA_WR05
Microtus longicaudus,Rodentia,Cricetidae,30.2,0.0302,71.82,0.400995,2378.1457,13.27798,PanTHERIA_WR05
Mus minutoides,Rodentia,Muridae,7.92,0.00792,22.19,0.12389417,2801.7677,15.643203,PanTHERIA_WR05
Mus musculus,Rodentia,Muridae,35.7,0.0357,56.76,0.31691,1589.916,8.8770308,PanTHERIA_WR05
Mus spretus,Rodentia,Muridae,21.8,0.0218,61.91,0.34566417,2839.9083,15.856154,PanTHERIA_WR05
Mustela frenata,Carnivora,Mustelidae,204.38,0.20438,206.4,1.1524,1009.8836,5.6385165,PanTHERIA_WR05
Mustela nivalis,Carnivora,Mustelidae,76.46,0.07646,204.6,1.14235,2675.909,14.940492,PanTHERIA_WR05
Mustela putorius,Carnivora,Mustelidae,1030,1.03,847.8,4.73355,823.1068,4.5956796,PanTHERIA_WR05
Myodes californicus,Rodentia,Cricetidae,18.3,0.0183,61.12,0.34125333,3339.8907,18.647723,PanTHERIA_WR05
Myodes gapperi,Rodentia,Cricetidae,22.65,0.02265,54.72,0.30552,2415.894,13.488742,PanTHERIA_WR05
Myodes glareolus,Rodentia,Cricetidae,21.9,0.0219,57.2,0.31936667,2611.8721,14.582953,PanTHERIA_WR05
Myodes rufocanus,Rodentia,Cricetidae,27,0.027,59.4,0.33165,2200,12.283333,PanTHERIA_WR05
Myodes rutilus,Rodentia,Cricetidae,21.5,0.0215,62.87,0.35102417,2924.186,16.326705,PanTHERIA_WR05
Myoprocta acouchy,Rodentia,Dasyproctidae,914,0.914,502.7,2.8067417,550,3.0708333,PanTHERIA_WR05
Myopus schisticolor,Rodentia,Cricetidae,26.4,0.0264,93.45,0.5217625,3539.7727,19.763731,PanTHERIA_WR05
Myotis lucifugus,Chiroptera,Vespertilionidae,6.5,0.0065,9.29,0.051869167,1429.2308,7.9798718,PanTHERIA_WR05
Napaeozapus insignis,Rodentia,Dipodidae,22,0.022,39.6,0.2211,1800,10.05,PanTHERIA_WR05
Nasua narica,Carnivora,Procyonidae,4460,4.46,2305.8,12.87405,516.99552,2.8865583,PanTHERIA_WR05
Nasua nasua,Carnivora,Procyonidae,3780,3.78,1054.97,5.8902492,279.09259,1.558267,PanTHERIA_WR05
Natalus tumidirostris,Chiroptera,Natalidae,5.4,0.0054,8.31,0.0463975,1538.8889,8.5921296,PanTHERIA_WR05
Neofiber alleni,Rodentia,Cricetidae,258.1,0.2581,216.8,1.2104667,839.9845,4.6899135,PanTHERIA_WR05
Neomys anomalus,Soricomorpha,Soricidae,13.1,0.0131,66.81,0.3730225,5100,28.475,PanTHERIA_WR05
Neomys fodiens,Soricomorpha,Soricidae,14.1,0.0141,66.83,0.37313417,4739.7163,26.463416,PanTHERIA_WR05
Neotoma albigula,Rodentia,Cricetidae,183,0.183,134.5,0.75095833,734.97268,4.1035974,PanTHERIA_WR05
Neotoma cinerea,Rodentia,Cricetidae,205.1,0.2051,168.59,0.94129417,821.98927,4.5894401,PanTHERIA_WR05
Neotoma fuscipes,Rodentia,Cricetidae,186.85,0.18685,148.54,0.82934833,794.96923,4.4385782,PanTHERIA_WR05
Neotoma lepida,Rodentia,Cricetidae,119.2,0.1192,90.69,0.5063525,760.82215,4.2479237,PanTHERIA_WR05
Ochotona princeps,Lagomorpha,Ochotonidae,109,0.109,166.77,0.9311325,1530,8.5425,PanTHERIA_WR05
Oligoryzomys longicaudatus,Rodentia,Cricetidae,28.2,0.0282,51.01,0.28480583,1808.8652,10.099498,PanTHERIA_WR05
Ondatra zibethicus,Rodentia,Cricetidae,1067.3,1.0673,841.27,4.6970908,788.22262,4.4009096,PanTHERIA_WR05
Ningaui yvonnae,Dasyuromorphia,Dasyuridae,11.6,0.0116,15.66,0.087435,1350,7.5375,PanTHERIA_WR05
Noctilio albiventris,Chiroptera,Noctilionidae,33.5,0.0335,27.54,0.153765,822.08955,4.59,PanTHERIA_WR05
Notiosorex crawfordi,Soricomorpha,Soricidae,4,0.004,13.08,0.07303,3270,18.2575,PanTHERIA_WR05
Notomys alexis,Rodentia,Muridae,32.3,0.0323,45.22,0.25247833,1400,7.8166667,PanTHERIA_WR05
Notomys cervinus,Rodentia,Muridae,33.2,0.0332,44.15,0.24650417,1329.8193,7.4248243,PanTHERIA_WR05
Nyctereutes procyonoides,Carnivora,Canidae,4215,4.215,1739.4,9.71165,412.66904,2.3040688,PanTHERIA_WR05
Nycticebus coucang,Primates,Lorisidae,960,0.96,240,1.34,250,1.3958333,PanTHERIA_WR05
Nycticeius humeralis,Chiroptera,Vespertilionidae,9.01,0.00901,10.72,0.059853333,1189.7891,6.6429893,PanTHERIA_WR05
Nyctimene albiventer,Chiroptera,Pteropodidae,29.55,0.02955,33.31,0.18598083,1127.242,6.2937676,PanTHERIA_WR05
Nyctinomops laticaudatus,Chiroptera,Molossidae,14,0.014,11.06,0.061751667,790,4.4108333,PanTHERIA_WR05
Nyctophilus gouldi,Chiroptera,Vespertilionidae,9.3,0.0093,20.46,0.114235,2200,12.283333,PanTHERIA_WR05
Ochrotomys nuttalli,Rodentia,Cricetidae,19.5,0.0195,27.1,0.15130833,1389.7436,7.7594017,PanTHERIA_WR05
Octodon bridgesi,Rodentia,Octodontidae,176.1,0.1761,183.32,1.0235367,1040.9994,5.8122468,PanTHERIA_WR05
Octodon degus,Rodentia,Octodontidae,200.7,0.2007,177.25,0.98964583,883.15894,4.9309708,PanTHERIA_WR05
Octodon lunatus,Rodentia,Octodontidae,173.2,0.1732,171.46,0.95731833,989.95381,5.5272421,PanTHERIA_WR05
Octodontomys gliroides,Rodentia,Octodontidae,156.3,0.1563,125.82,0.702495,804.9904,4.4945298,PanTHERIA_WR05
Octomys mimax,Rodentia,Octodontidae,118.6,0.1186,115.04,0.64230667,969.98314,5.4157392,PanTHERIA_WR05
Onychomys torridus,Rodentia,Cricetidae,19.1,0.0191,29.6,0.16526667,1549.7382,8.6527051,PanTHERIA_WR05
Oreamnos americanus,Artiodactyla,Bovidae,32000,32,8320,46.453333,260,1.4516667,PanTHERIA_WR05
Ornithorhynchus anatinus,Monotremata,Ornithorhynchidae,1315,1.315,477.34,2.6651483,362.9962,2.0267288,PanTHERIA_WR05
Orycteropus afer,Tubulidentata,Orycteropodidae,48000,48,6144,34.304,128,0.71466667,PanTHERIA_WR05
Oryzorictes hova,Afrosoricida,Tenrecidae,44.4,0.0444,68.7,0.383575,1547.2973,8.6390766,PanTHERIA_WR05
Otolemur crassicaudatus,Primates,Galagidae,977,0.977,457.15,2.5524208,467.91198,2.6125085,PanTHERIA_WR05
Otomys irroratus,Rodentia,Muridae,102,0.102,84.86,0.47380167,831.96078,4.6451144,PanTHERIA_WR05
Ovis canadensis,Artiodactyla,Bovidae,65000,65,22100,123.39167,340,1.8983333,PanTHERIA_WR05
Oxymycterus roberti,Rodentia,Cricetidae,84,0.084,91.56,0.51121,1090,6.0858333,PanTHERIA_WR05
Pagophilus groenlandicus,Carnivora,Phocidae,132250,132.25,24601.2,137.3567,186.02042,1.038614,PanTHERIA_WR05
Pan troglodytes,Primates,Hominidae,34150,34.15,9000,50.25,263.54319,1.4714495,PanTHERIA_WR05
Panthera leo,Carnivora,Felidae,155800,155.8,27420.6,153.09835,175.99872,0.9826595,PanTHERIA_WR05
Panthera onca,Carnivora,Felidae,86200,86.2,15861,88.55725,184.00232,1.0273463,PanTHERIA_WR05
Panthera tigris,Carnivora,Felidae,161000,161,28497,159.10825,177,0.98825,PanTHERIA_WR05
Phodopus campbelli,Rodentia,Cricetidae,31.4,0.0314,59.03,0.32958417,1879.9363,10.496311,PanTHERIA_WR05
Phodopus sungorus,Rodentia,Cricetidae,35.9,0.0359,76.1,0.42489167,2119.7772,11.835422,PanTHERIA_WR05
Paradoxurus hermaphroditus,Carnivora,Viverridae,3205,3.205,695.85,3.8851625,217.11388,1.2122192,PanTHERIA_WR05
Paraechinus aethiopicus,Erinaceomorpha,Erinaceidae,451.5,0.4515,112.5,0.628125,249.16944,1.391196,PanTHERIA_WR05
Paranyctimene raptor,Chiroptera,Pteropodidae,22.45,0.02245,32.54,0.18168167,1449.4432,8.0927246,PanTHERIA_WR05
Paraxerus cepapi,Rodentia,Sciuridae,223.6,0.2236,145.34,0.81148167,650,3.6291667,PanTHERIA_WR05
Paraxerus palliatus,Rodentia,Sciuridae,286.3,0.2863,217.69,1.2154358,760.35627,4.2453225,PanTHERIA_WR05
Parotomys brantsii,Rodentia,Muridae,86.5,0.0865,83.9,0.46844167,969.9422,5.4155106,PanTHERIA_WR05
Pedetes capensis,Rodentia,Pedetidae,2300,2.3,793.5,4.430375,345,1.92625,PanTHERIA_WR05
Perameles nasuta,Peramelemorphia,Peramelidae,650,0.65,318.5,1.7782917,490,2.7358333,PanTHERIA_WR05
Perodicticus potto,Primates,Lorisidae,964,0.964,347.82,1.941995,360.80913,2.0145176,PanTHERIA_WR05
Perognathus flavus,Rodentia,Heteromyidae,8.3,0.0083,17.3,0.096591667,2084.3373,11.63755,PanTHERIA_WR05
Perognathus longimembris,Rodentia,Heteromyidae,8.2,0.0082,12.58,0.070238333,1534.1463,8.5656504,PanTHERIA_WR05
Peromyscus boylii,Rodentia,Cricetidae,23.2,0.0232,54.28,0.30306333,2339.6552,13.063075,PanTHERIA_WR05
Peromyscus californicus,Rodentia,Cricetidae,47.8,0.0478,49.71,0.2775475,1039.9582,5.8064331,PanTHERIA_WR05
Peromyscus crinitus,Rodentia,Cricetidae,19.75,0.01975,28.02,0.156445,1418.7342,7.9212658,PanTHERIA_WR05
Peromyscus eremicus,Rodentia,Cricetidae,21.5,0.0215,29.61,0.1653225,1377.2093,7.6894186,PanTHERIA_WR05
Peromyscus gossypinus,Rodentia,Cricetidae,21.5,0.0215,36.98,0.20647167,1720,9.6033333,PanTHERIA_WR05
Peromyscus keeni,Rodentia,Cricetidae,28.3,0.0283,46.69,0.26068583,1649.8233,9.2115135,PanTHERIA_WR05
Peromyscus leucopus,Rodentia,Cricetidae,21.4,0.0214,33.91,0.18933083,1584.5794,8.8472352,PanTHERIA_WR05
Pteronotus parnellii,Chiroptera,Mormoopidae,19.2,0.0192,30.72,0.17152,1600,8.9333333,PanTHERIA_WR05
Pteronotus personatus,Chiroptera,Mormoopidae,14,0.014,22.96,0.12819333,1640,9.1566667,PanTHERIA_WR05
Pteronotus quadridens,Chiroptera,Mormoopidae,4.9,0.0049,6.12,0.03417,1248.9796,6.9734694,PanTHERIA_WR05
Peromyscus maniculatus,Rodentia,Cricetidae,19.2,0.0192,36.46,0.20356833,1898.9583,10.602517,PanTHERIA_WR05
Peromyscus megalops,Rodentia,Cricetidae,66.2,0.0662,90.69,0.5063525,1369.9396,7.6488293,PanTHERIA_WR05
Peromyscus polionotus,Rodentia,Cricetidae,12,0.012,21.48,0.11993,1790,9.9941667,PanTHERIA_WR05
Peromyscus truei,Rodentia,Cricetidae,33,0.033,44.05,0.24594583,1334.8485,7.452904,PanTHERIA_WR05
Peropteryx macrotis,Chiroptera,Emballonuridae,5,0.005,12.38,0.069121667,2476,13.824333,PanTHERIA_WR05
Petauroides volans,Diprotodontia,Pseudocheiridae,1070,1.07,493.5,2.755375,461.21495,2.5751168,PanTHERIA_WR05
Petaurus breviceps,Diprotodontia,Petauridae,129,0.129,91.08,0.50853,706.04651,3.942093,PanTHERIA_WR05
Petrodromus tetradactylus,Macroscelidea,Macroscelididae,208,0.208,153.92,0.85938667,740,4.1316667,PanTHERIA_WR05
Phascogale tapoatafa,Dasyuromorphia,Dasyuridae,152,0.152,123.12,0.68742,810,4.5225,PanTHERIA_WR05
Phascolarctos cinereus,Diprotodontia,Phascolarctidae,4732.5,4.7325,1034.1,5.773725,218.5103,1.2200158,PanTHERIA_WR05
Phenacomys intermedius,Rodentia,Cricetidae,21.5,0.0215,67.29,0.3757025,3129.7674,17.474535,PanTHERIA_WR05
Philander opossum,Didelphimorphia,Didelphidae,751,0.751,337.95,1.8868875,450,2.5125,PanTHERIA_WR05
Philantomba monticola,Artiodactyla,Bovidae,4200,4.2,1806,10.0835,430,2.4008333,PanTHERIA_WR05
Phoca largha,Carnivora,Phocidae,91500,91.5,35845.2,200.1357,391.75082,2.1872754,PanTHERIA_WR05
Phoca vitulina,Carnivora,Phocidae,87316.67,87.31667,32350.8,180.6253,370.4997,2.0686233,PanTHERIA_WR05
Phyllostomus discolor,Chiroptera,Phyllostomidae,33.5,0.0335,34.5,0.192625,1029.8507,5.75,PanTHERIA_WR05
Phyllostomus elongatus,Chiroptera,Phyllostomidae,35.6,0.0356,38.8,0.21663333,1089.8876,6.085206,PanTHERIA_WR05
Phyllostomus hastatus,Chiroptera,Phyllostomidae,84.2,0.0842,70.72,0.39485333,839.90499,4.6894695,PanTHERIA_WR05
Proechimys semispinosus,Rodentia,Echimyidae,498,0.498,313.74,1.751715,630,3.5175,PanTHERIA_WR05
Propithecus verreauxi,Primates,Indriidae,3350,3.35,670,3.7408333,200,1.1166667,PanTHERIA_WR05
Pteronotus davyi,Chiroptera,Mormoopidae,9.4,0.0094,15.32,0.085536667,1629.7872,9.0996454,PanTHERIA_WR05
Pteropus giganteus,Chiroptera,Pteropodidae,739.2,0.7392,377,2.1049167,510.01082,2.8475604,PanTHERIA_WR05
Rousettus aegyptiacus,Chiroptera,Pteropodidae,126,0.126,122.64,0.68474,973.33333,5.4344444,PanTHERIA_WR05
Rousettus amplexicaudatus,Chiroptera,Pteropodidae,91.5,0.0915,102.5,0.57229167,1120.2186,6.2545537,PanTHERIA_WR05
Sorex minutus,Soricomorpha,Soricidae,4.2,0.0042,32.84,0.18335667,7819.0476,43.656349,PanTHERIA_WR05
Sorex ornatus,Soricomorpha,Soricidae,9.7,0.0097,52.28,0.29189667,5389.6907,30.09244,PanTHERIA_WR05
Phyllotis darwini,Rodentia,Cricetidae,59,0.059,71.39,0.39859417,1210,6.7558333,PanTHERIA_WR05
Phyllotis xanthopygus,Rodentia,Cricetidae,42.5,0.0425,55.51,0.30993083,1306.1176,7.2924902,PanTHERIA_WR05
Pteropus hypomelanus,Chiroptera,Pteropodidae,470.1,0.4701,216.2,1.2071167,459.90215,2.567787,PanTHERIA_WR05
Planigale gilesi,Dasyuromorphia,Dasyuridae,9.45,0.00945,13.1,0.073141667,1386.2434,7.7398589,PanTHERIA_WR05
Planigale ingrami,Dasyuromorphia,Dasyuridae,7.05,0.00705,13.09,0.073085833,1856.7376,10.366785,PanTHERIA_WR05
Planigale maculata,Dasyuromorphia,Dasyuridae,12.05,0.01205,12.85,0.071745833,1066.39,5.9540111,PanTHERIA_WR05
Platyrrhinus lineatus,Chiroptera,Phyllostomidae,21.9,0.0219,32.19,0.1797275,1469.863,8.2067352,PanTHERIA_WR05
Podomys floridanus,Rodentia,Cricetidae,30.8,0.0308,51.74,0.28888167,1679.8701,9.3792749,PanTHERIA_WR05
Potorous tridactylus,Diprotodontia,Potoroidae,1077.5,1.0775,487.46,2.7216517,452.39907,2.5258948,PanTHERIA_WR05
Potos flavus,Carnivora,Procyonidae,2157.5,2.1575,731.33,4.0832592,338.97103,1.8925883,PanTHERIA_WR05
Priodontes maximus,Cingulata,Dasypodidae,45190,45.19,3027.73,16.904826,67,0.37408333,PanTHERIA_WR05
Procavia capensis,Hyracoidea,Procaviidae,2325,2.325,780,4.355,335.48387,1.8731183,PanTHERIA_WR05
Procyon cancrivorus,Carnivora,Procyonidae,6950,6.95,2779.8,15.52055,399.97122,2.2331727,PanTHERIA_WR05
Procyon lotor,Carnivora,Procyonidae,5496.86,5.49686,2096.43,11.705067,381.38683,2.1294098,PanTHERIA_WR05
Proteles cristata,Carnivora,Hyaenidae,8025,8.025,2038.47,11.381457,254.01495,1.4182502,PanTHERIA_WR05
Pseudantechinus macdonnellensis,Dasyuromorphia,Dasyuridae,43,0.043,27.09,0.1512525,630,3.5175,PanTHERIA_WR05
Pseudocheirus peregrinus,Diprotodontia,Pseudocheiridae,916,0.916,434.65,2.4267958,474.50873,2.6493404,PanTHERIA_WR05
Pseudomys gracilicaudatus,Rodentia,Muridae,79.8,0.0798,83.79,0.4678275,1050,5.8625,PanTHERIA_WR05
Pseudomys hermannsburgensis,Rodentia,Muridae,12.2,0.0122,23.3,0.13009167,1909.8361,10.663251,PanTHERIA_WR05
Pteropus poliocephalus,Chiroptera,Pteropodidae,598,0.598,316.94,1.7695817,530,2.9591667,PanTHERIA_WR05
Pteropus pumilus,Chiroptera,Pteropodidae,194.2,0.1942,126.2,0.70461667,649.84552,3.6283042,PanTHERIA_WR05
Pteropus rodricensis,Chiroptera,Pteropodidae,254.5,0.2545,134.9,0.75319167,530.05894,2.9594957,PanTHERIA_WR05
Pteropus scapulatus,Chiroptera,Pteropodidae,362,0.362,242.54,1.3541817,670,3.7408333,PanTHERIA_WR05
Ptilocercus lowii,Scandentia,Ptilocercidae,58,0.058,43.5,0.242875,750,4.1875,PanTHERIA_WR05
Puma concolor,Carnivora,Felidae,51800,51.8,13300.8,74.2628,256.7722,1.4336448,PanTHERIA_WR05
Pusa hispida,Carnivora,Phocidae,69083.33,69.08333,12813,71.53925,185.47166,1.0355501,PanTHERIA_WR05
Saccopteryx bilineata,Chiroptera,Emballonuridae,8.05,0.00805,14.97,0.0835825,1859.6273,10.382919,PanTHERIA_WR05
Saccostomus campestris,Rodentia,Nesomyidae,61.3,0.0613,51.49,0.28748583,839.96737,4.6898178,PanTHERIA_WR05
Raphicerus campestris,Artiodactyla,Bovidae,9600,9.6,3696,20.636,385,2.1495833,PanTHERIA_WR05
Rattus colletti,Rodentia,Muridae,165.7,0.1657,122.94,0.686415,741.94327,4.1425166,PanTHERIA_WR05
Rattus fuscipes,Rodentia,Muridae,76,0.076,84.36,0.47101,1110,6.1975,PanTHERIA_WR05
Rattus lutreolus,Rodentia,Muridae,109,0.109,63.22,0.35297833,580,3.2383333,PanTHERIA_WR05
Rattus sordidus,Rodentia,Muridae,187,0.187,106.59,0.5951275,570,3.1825,PanTHERIA_WR05
Rattus villosissimus,Rodentia,Muridae,250.6,0.2506,145.84,0.81427333,581.96329,3.249295,PanTHERIA_WR05
Reithrodon auritus,Rodentia,Cricetidae,78.7,0.0787,76.81,0.42885583,975.98475,5.4492482,PanTHERIA_WR05
Reithrodontomys megalotis,Rodentia,Cricetidae,9,0.009,22.5,0.125625,2500,13.958333,PanTHERIA_WR05
Rhabdomys pumilio,Rodentia,Muridae,39.62,0.03962,32.09,0.17916917,809.94447,4.52219,PanTHERIA_WR05
Rhinophylla fischerae,Chiroptera,Phyllostomidae,9.5,0.0095,16.24,0.090673333,1709.4737,9.5445614,PanTHERIA_WR05
Rhinophylla pumilio,Chiroptera,Phyllostomidae,9.5,0.0095,16.24,0.090673333,1709.4737,9.5445614,PanTHERIA_WR05
Saguinus geoffroyi,Primates,Cebidae,225,0.225,234,1.3065,1040,5.8066667,PanTHERIA_WR05
Spalax leucodon,Rodentia,Spalacidae,151.9,0.1519,127.74,0.713215,840.94799,4.695293,PanTHERIA_WR05
Spermophilus armatus,Rodentia,Sciuridae,307,0.307,190.34,1.0627317,620,3.4616667,PanTHERIA_WR05
Spermophilus beecheyi,Rodentia,Sciuridae,599.6,0.5996,317.78,1.7742717,529.98666,2.9590922,PanTHERIA_WR05
Spermophilus beldingi,Rodentia,Sciuridae,289.8,0.2898,182,1.0161667,628.01932,3.5064412,PanTHERIA_WR05
Saimiri sciureus,Primates,Cebidae,850,0.85,738.81,4.1250225,869.18824,4.8529676,PanTHERIA_WR05
Sarcophilus harrisii,Dasyuromorphia,Dasyuridae,5775,5.775,1617,9.02825,280,1.5633333,PanTHERIA_WR05
Scapanus latimanus,Soricomorpha,Talpidae,61,0.061,76.25,0.42572917,1250,6.9791667,PanTHERIA_WR05
Scapanus orarius,Soricomorpha,Talpidae,61.2,0.0612,64.07,0.35772417,1046.8954,5.8451661,PanTHERIA_WR05
Sciurus aberti,Rodentia,Sciuridae,624,0.624,430.56,2.40396,690,3.8525,PanTHERIA_WR05
Sciurus carolinensis,Rodentia,Sciuridae,440,0.44,391,2.1830833,888.63636,4.961553,PanTHERIA_WR05
Scotinomys teguina,Rodentia,Cricetidae,12,0.012,31.2,0.1742,2600,14.516667,PanTHERIA_WR05
Scotinomys xerampelinus,Rodentia,Cricetidae,15.2,0.0152,31.92,0.17822,2100,11.725,PanTHERIA_WR05
Sekeetamys calurus,Rodentia,Muridae,58.2,0.0582,44.05,0.24594583,756.87285,4.2258734,PanTHERIA_WR05
Setifer setosus,Afrosoricida,Tenrecidae,352.5,0.3525,94.59,0.5281275,268.34043,1.498234,PanTHERIA_WR05
Setonix brachyurus,Diprotodontia,Macropodidae,2600,2.6,784.52,4.3802367,301.73846,1.6847064,PanTHERIA_WR05
Sicista betulina,Rodentia,Dipodidae,10,0.01,32,0.17866667,3200,17.866667,PanTHERIA_WR05
Sigmodon alleni,Rodentia,Cricetidae,137.8,0.1378,203.25,1.1348125,1474.9637,8.2352141,PanTHERIA_WR05
Sigmodon fulviventer,Rodentia,Cricetidae,137.8,0.1378,207.38,1.1578717,1504.9347,8.402552,PanTHERIA_WR05
Sigmodon hispidus,Rodentia,Cricetidae,110.05,0.11005,159.64,0.89132333,1450.6134,8.0992579,PanTHERIA_WR05
Sigmodon leucotis,Rodentia,Cricetidae,128.6,0.1286,186.47,1.0411242,1450,8.0958333,PanTHERIA_WR05
Sigmodon ochrognathus,Rodentia,Cricetidae,115.1,0.1151,154.23,0.8611175,1339.9652,7.4814726,PanTHERIA_WR05
Sminthopsis crassicaudata,Dasyuromorphia,Dasyuridae,14.95,0.01495,19.56,0.10921,1308.3612,7.3050167,PanTHERIA_WR05
Sminthopsis macroura,Dasyuromorphia,Dasyuridae,22,0.022,23.54,0.13143167,1070,5.9741667,PanTHERIA_WR05
Sminthopsis murina,Dasyuromorphia,Dasyuridae,12.9,0.0129,20.51,0.11451417,1589.9225,8.8770672,PanTHERIA_WR05
Sorex alpinus,Soricomorpha,Soricidae,7.8,0.0078,47.58,0.265655,6100,34.058333,PanTHERIA_WR05
Sorex araneus,Soricomorpha,Soricidae,8.05,0.00805,60.23,0.33628417,7481.9876,41.774431,PanTHERIA_WR05
Sorex cinereus,Soricomorpha,Soricidae,5,0.005,44.6,0.24901667,8920,49.803333,PanTHERIA_WR05
Sorex coronatus,Soricomorpha,Soricidae,9,0.009,51.3,0.286425,5700,31.825,PanTHERIA_WR05
Spalacopus cyanus,Rodentia,Octodontidae,106.25,0.10625,185.12,1.0335867,1742.3059,9.7278745,PanTHERIA_WR05
Spalax ehrenbergi,Rodentia,Spalacidae,123.25,0.12325,101.55,0.5669875,823.93509,4.6003043,PanTHERIA_WR05
Aepyprymnus rufescens,Diprotodontia,Potoroidae,2845,2.845,1111.23,6.2043675,390.59051,2.180797,PanTHERIA_WR05
Spermophilus lateralis,Rodentia,Sciuridae,224.3,0.2243,204.67,1.1427408,912.48328,5.0946983,PanTHERIA_WR05
Spermophilus mohavensis,Rodentia,Sciuridae,240,0.24,112.8,0.6298,470,2.6241667,PanTHERIA_WR05
Spermophilus richardsonii,Rodentia,Sciuridae,252.3,0.2523,161.47,0.90154083,639.99207,3.5732891,PanTHERIA_WR05
Spermophilus spilosoma,Rodentia,Sciuridae,180.3,0.1803,111.78,0.624105,619.96672,3.4614809,PanTHERIA_WR05
Spermophilus tereticaudus,Rodentia,Sciuridae,167,0.167,93.52,0.52215333,560,3.1266667,PanTHERIA_WR05
Spermophilus townsendii,Rodentia,Sciuridae,231,0.231,129.36,0.72226,560,3.1266667,PanTHERIA_WR05
Spermophilus tridecemlineatus,Rodentia,Sciuridae,182,0.182,103.74,0.579215,570,3.1825,PanTHERIA_WR05
Spermophilus undulatus,Rodentia,Sciuridae,680,0.68,667.08,3.72453,981,5.47725,PanTHERIA_WR05
Ailurus fulgens,Carnivora,Ailuridae,5345,5.345,838.36,4.6808433,156.84939,0.87574244,PanTHERIA_WR05
Spilocuscus maculatus,Diprotodontia,Phalangeridae,4250,4.25,1062.5,5.9322917,250,1.3958333,PanTHERIA_WR05
Spilogale putorius,Carnivora,Mephitidae,550,0.55,261,1.45725,474.54545,2.6495455,PanTHERIA_WR05
Steatomys pratensis,Rodentia,Nesomyidae,37.54,0.03754,18.77,0.10479917,500,2.7916667,PanTHERIA_WR05
Stochomys longicaudatus,Rodentia,Muridae,84.2,0.0842,97.5,0.544375,1157.9572,6.4652613,PanTHERIA_WR05
Sturnira lilium,Chiroptera,Phyllostomidae,21.9,0.0219,39.2,0.21886667,1789.9543,9.9939117,PanTHERIA_WR05
Sturnira tildae,Chiroptera,Phyllostomidae,20.5,0.0205,39.97,0.22316583,1949.7561,10.886138,PanTHERIA_WR05
Tragulus javanicus,Artiodactyla,Tragulidae,1618,1.618,872.1,4.869225,538.99876,3.0094098,PanTHERIA_WR05
Trichechus inunguis,Sirenia,Trichechidae,165223,165.223,11565.61,64.574656,70,0.39083333,PanTHERIA_WR05
Trichosurus vulpecula,Diprotodontia,Phalangeridae,1982,1.982,624.33,3.4858425,315,1.75875,PanTHERIA_WR05
Tarsipes rostratus,Diprotodontia,Tarsipedidae,10,0.01,29,0.16191667,2900,16.191667,PanTHERIA_WR05
Acomys spinosissimus,Rodentia,Muridae,27.02,0.02702,44.12,0.24633667,1632.8645,9.116827,PanTHERIA_WR05
Acomys subspinosus,Rodentia,Muridae,32.25,0.03225,83.43,0.4658175,2586.9767,14.443953,PanTHERIA_WR05
Aconaemys fuscus,Rodentia,Octodontidae,112,0.112,120.96,0.67536,1080,6.03,PanTHERIA_WR05
Acrobates pygmaeus,Diprotodontia,Acrobatidae,14,0.014,14938,83.403833,1067000,5957.4167,PanTHERIA_WR05
Suricata suricatta,Carnivora,Herpestidae,790,0.79,290.12,1.6198367,367.24051,2.0504262,PanTHERIA_WR05
Syconycteris australis,Chiroptera,Pteropodidae,17,0.017,24.76,0.13824333,1456.4706,8.1319608,PanTHERIA_WR05
Sylvilagus audubonii,Lagomorpha,Leporidae,672.4,0.6724,437.73,2.4439925,650.99643,3.6347301,PanTHERIA_WR05
Tachyglossus aculeatus,Monotremata,Tachyglossidae,2860,2.86,414.04,2.3117233,144.76923,0.80829487,PanTHERIA_WR05
Tachyoryctes splendens,Rodentia,Spalacidae,196.5,0.1965,154.22,0.86106167,784.83461,4.3819932,PanTHERIA_WR05
Tadarida brasiliensis,Chiroptera,Molossidae,11.2,0.0112,13.44,0.07504,1200,6.7,PanTHERIA_WR05
Tamandua mexicana,Pilosa,Myrmecophagidae,4210,4.21,910,5.0808333,216.15202,1.2068488,PanTHERIA_WR05
Tamandua tetradactyla,Pilosa,Myrmecophagidae,3500,3.5,897.75,5.0124375,256.5,1.432125,PanTHERIA_WR05
Tamias amoenus,Rodentia,Sciuridae,57.1,0.0571,96.27,0.5375075,1685.9895,9.4134413,PanTHERIA_WR05
Tamias merriami,Rodentia,Sciuridae,75,0.075,78.75,0.4396875,1050,5.8625,PanTHERIA_WR05
Tamias minimus,Rodentia,Sciuridae,45.8,0.0458,72.73,0.40607583,1587.9913,8.8662846,PanTHERIA_WR05
Tamias palmeri,Rodentia,Sciuridae,69.4,0.0694,113.12,0.63158667,1629.9712,9.1006724,PanTHERIA_WR05
Tamiasciurus hudsonicus,Rodentia,Sciuridae,209.15,0.20915,233.67,1.3046575,1117.2364,6.2379034,PanTHERIA_WR05
Tarsius syrichta,Primates,Tarsiidae,113,0.113,76.7,0.42824167,678.76106,3.7897493,PanTHERIA_WR05
Abrothrix andinus,Rodentia,Cricetidae,34.6,0.0346,64.8,0.3618,1872.8324,10.456647,PanTHERIA_WR05
Abrothrix lanosus,Rodentia,Cricetidae,24,0.024,45.6,0.2546,1900,10.608333,PanTHERIA_WR05
Abrothrix longipilis,Rodentia,Cricetidae,42.3,0.0423,57.61,0.32165583,1361.9385,7.6041568,PanTHERIA_WR05
Abrothrix olivaceus,Rodentia,Cricetidae,27,0.027,49.19,0.27464417,1821.8519,10.172006,PanTHERIA_WR05
Acinonyx jubatus,Carnivora,Felidae,48900,48.9,17115,95.55875,350,1.9541667,PanTHERIA_WR05
Akodon albiventer,Rodentia,Cricetidae,31,0.031,46.5,0.259625,1500,8.375,PanTHERIA_WR05
Akodon azarae,Rodentia,Cricetidae,23.5,0.0235,39.95,0.22305417,1700,9.4916667,PanTHERIA_WR05
Alouatta palliata,Primates,Atelidae,4670,4.67,2027.4,11.31965,434.13276,2.4239079,PanTHERIA_WR05
Amblysomus hottentotus,Afrosoricida,Chrysochloridae,70,0.07,84.7,0.47290833,1210,6.7558333,PanTHERIA_WR05
Ammospermophilus leucurus,Rodentia,Sciuridae,95.7,0.0957,93.88,0.52416333,980.98224,5.4771508,PanTHERIA_WR05
Anoura caudifer,Chiroptera,Phyllostomidae,11.5,0.0115,35.07,0.1958075,3049.5652,17.026739,PanTHERIA_WR05
Antechinomys laniger,Dasyuromorphia,Dasyuridae,24.9,0.0249,24.4,0.13623333,979.91968,5.4712182,PanTHERIA_WR05
Antechinus flavipes,Dasyuromorphia,Dasyuridae,46.5,0.0465,45.1,0.25180833,969.89247,5.415233,PanTHERIA_WR05
Antechinus stuartii,Dasyuromorphia,Dasyuridae,28.1,0.0281,34.81,0.19435583,1238.79,6.9165777,PanTHERIA_WR05
Antilocapra americana,Artiodactyla,Antilocapridae,32000,32,8960,50.026667,280,1.5633333,PanTHERIA_WR05
Antrozous pallidus,Chiroptera,Vespertilionidae,22,0.022,18.7,0.10440833,850,4.7458333,PanTHERIA_WR05
Aotus trivirgatus,Primates,Aotidae,972.5,0.9725,459.45,2.5652625,472.44216,2.6378021,PanTHERIA_WR05
Aplodontia rufa,Rodentia,Aplodontiidae,793,0.793,414.73,2.3155758,522.98865,2.92002,PanTHERIA_WR05
Apodemus flavicollis,Rodentia,Muridae,40.5,0.0405,152.28,0.85023,3760,20.993333,PanTHERIA_WR05
Apodemus mystacinus,Rodentia,Muridae,42.3,0.0423,70.64,0.39440667,1669.9764,9.3240347,PanTHERIA_WR05
Apodemus sylvaticus,Rodentia,Muridae,22,0.022,56.98,0.31813833,2590,14.460833,PanTHERIA_WR05
Apodemus witherbyi,Rodentia,Muridae,20.7,0.0207,50.5,0.28195833,2439.6135,13.621176,PanTHERIA_WR05
Arborimus longicaudus,Rodentia,Cricetidae,21.8,0.0218,58.86,0.328635,2700,15.075,PanTHERIA_WR05
Arctictis binturong,Carnivora,Viverridae,13640,13.64,1877.64,10.48349,137.65689,0.76858431,PanTHERIA_WR05
Arctocebus calabarensis,Primates,Lorisidae,208,0.208,87.55,0.48882083,420.91346,2.3501002,PanTHERIA_WR05
Arctocephalus galapagoensis,Carnivora,Otariidae,45950,45.95,12433.8,69.42205,270.59412,1.5108172,PanTHERIA_WR05
Arctogalidia trivirgata,Carnivora,Viverridae,2400,2.4,690,3.8525,287.5,1.6052083,PanTHERIA_WR05
Artibeus concolor,Chiroptera,Phyllostomidae,19.7,0.0197,32.89,0.18363583,1669.5431,9.3216159,PanTHERIA_WR05
Artibeus fimbriatus,Chiroptera,Phyllostomidae,63.9,0.0639,77.95,0.43522083,1219.8748,6.8109677,PanTHERIA_WR05
Artibeus jamaicensis,Chiroptera,Phyllostomidae,45.2,0.0452,56.5,0.31545833,1250,6.9791667,PanTHERIA_WR05
Artibeus lituratus,Chiroptera,Phyllostomidae,70.1,0.0701,84.82,0.47357833,1209.9857,6.7557537,PanTHERIA_WR05
Arvicola amphibius,Rodentia,Cricetidae,97.5,0.0975,113.1,0.631475,1160,6.4766667,PanTHERIA_WR05
Atelerix albiventris,Erinaceomorpha,Erinaceidae,450,0.45,146.7,0.819075,326,1.8201667,PanTHERIA_WR05
Tarsius tarsier,Primates,Tarsiidae,173,0.173,149,0.83191667,861.27168,4.8087669,PanTHERIA_WR05
Tatera indica,Rodentia,Muridae,86.9,0.0869,92.48,0.51634667,1064.2117,5.9418489,PanTHERIA_WR05
Taurotragus oryx,Artiodactyla,Bovidae,150000,150,36000,201,240,1.34,PanTHERIA_WR05
Taxidea taxus,Carnivora,Mustelidae,6525,6.525,1998,11.1555,306.2069,1.7096552,PanTHERIA_WR05
Tenrec ecaudatus,Afrosoricida,Tenrecidae,1325,1.325,287.32,1.6042033,216.84528,1.2107195,PanTHERIA_WR05
Thallomys nigricauda,Rodentia,Muridae,124.7,0.1247,68.46,0.382235,548.99759,3.0652366,PanTHERIA_WR05
Thomomys bottae,Rodentia,Geomyidae,143,0.143,120.12,0.67067,840,4.69,PanTHERIA_WR05
Thomomys talpoides,Rodentia,Geomyidae,105,0.105,128.1,0.715225,1220,6.8116667,PanTHERIA_WR05
Thomomys umbrinus,Rodentia,Geomyidae,95.3,0.0953,81,0.45225,849.94753,4.7455404,PanTHERIA_WR05
Thrichomys apereoides,Rodentia,Echimyidae,323,0.323,206.72,1.1541867,640,3.5733333,PanTHERIA_WR05
Thylogale thetis,Diprotodontia,Macropodidae,4400,4.4,1399.2,7.8122,318,1.7755,PanTHERIA_WR05
Tolypeutes matacus,Cingulata,Dasypodidae,1160,1.16,209.96,1.1722767,181,1.0105833,PanTHERIA_WR05
Tonatia bidens,Chiroptera,Phyllostomidae,27.4,0.0274,39.18,0.218755,1429.927,7.9837591,PanTHERIA_WR05
Tupaia glis,Scandentia,Tupaiidae,123,0.123,93.48,0.52193,760,4.2433333,PanTHERIA_WR05
Tympanoctomys barrerae,Rodentia,Octodontidae,71.4,0.0714,73.18,0.40858833,1024.93,5.7225257,PanTHERIA_WR05
Uroderma bilobatum,Chiroptera,Phyllostomidae,16.2,0.0162,26.56,0.14829333,1639.5062,9.1539095,PanTHERIA_WR05
Urogale everetti,Scandentia,Tupaiidae,260.6,0.2606,224.11,1.2512808,859.97698,4.8015381,PanTHERIA_WR05
Uromys caudimaculatus,Rodentia,Muridae,812,0.812,570.83,3.1871342,702.99261,3.9250421,PanTHERIA_WR05
Ursus americanus,Carnivora,Ursidae,110500,110.5,24365.4,136.04015,220.50136,1.2311326,PanTHERIA_WR05
Ursus arctos,Carnivora,Ursidae,162428.57,162.42857,20790.6,116.08085,127.99842,0.71465783,PanTHERIA_WR05
Ursus maritimus,Carnivora,Ursidae,365000,365,44346,247.5985,121.49589,0.67835205,PanTHERIA_WR05
Vampyressa pusilla,Chiroptera,Phyllostomidae,8.8,0.0088,20.5,0.11445833,2329.5455,13.006629,PanTHERIA_WR05
Vulpes lagopus,Carnivora,Canidae,3200,3.2,1627.2,9.0852,508.5,2.839125,PanTHERIA_WR05
Vulpes velox,Carnivora,Canidae,2088,2.088,1114.2,6.22095,533.62069,2.9793822,PanTHERIA_WR05
Vulpes vulpes,Carnivora,Canidae,4100,4.1,2152.8,12.0198,525.07317,2.9316585,PanTHERIA_WR05
Vulpes zerda,Carnivora,Canidae,1303,1.303,467.97,2.6128325,359.14812,2.0052437,PanTHERIA_WR05
Xerus inauris,Rodentia,Sciuridae,515.3,0.5153,310.21,1.7320058,601.99884,3.3611602,PanTHERIA_WR05
Xerus princeps,Rodentia,Sciuridae,627,0.627,354.25,1.9778958,564.99203,3.1545388,PanTHERIA_WR05
Zaedyus pichiy,Cingulata,Dasypodidae,1740,1.74,396.72,2.21502,228,1.273,PanTHERIA_WR05
Zaglossus bruijni,Monotremata,Tachyglossidae,10700,10.7,1215.4,6.7859833,113.58879,0.63420405,PanTHERIA_WR05
Zapus hudsonius,Rodentia,Dipodidae,30,0.03,45,0.25125,1500,8.375,PanTHERIA_WR05
