species,order,family,mass_g,mass_kg,max_longevity_months,max_longevity_years,source
Camelus dromedarius,Artiodactyla,Camelidae,492714.47,492.71447,480,40,PanTHERIA_WR05
Canis adustus,Carnivora,Canidae,10392.49,10.39249,137,11.416667,PanTHERIA_WR05
Canis aureus,Carnivora,Canidae,9658.7,9.6587,192,16,PanTHERIA_WR05
Canis latrans,Carnivora,Canidae,11989.1,11.9891,262,21.833333,PanTHERIA_WR05
Canis lupus,Carnivora,Canidae,31756.51,31.75651,354,29.5,PanTHERIA_WR05
Bos frontalis,Artiodactyla,Bovidae,800143.05,800.14305,314.4,26.2,PanTHERIA_WR05
Bos grunniens,Artiodactyla,Bovidae,500000,500,267,22.25,PanTHERIA_WR05
Bos javanicus,Artiodactyla,Bovidae,635974.34,635.97434,318.96,26.58,PanTHERIA_WR05
Caluromys derbianus,Didelphimorphia,Didelphidae,326.72,0.32672,60,5,PanTHERIA_WR05
Caluromys lanatus,Didelphimorphia,Didelphidae,350.33,0.35033,60,5,PanTHERIA_WR05
Caluromys philander,Didelphimorphia,Didelphidae,246.47,0.24647,76,6.3333333,PanTHERIA_WR05
Caluromysiops irrupta,Didelphimorphia,Didelphidae,257.48,0.25748,94,7.8333333,PanTHERIA_WR05
Calyptophractus retusus,Cingulata,Dasypodidae,129.99,0.12999,144,12,PanTHERIA_WR05
Camelus bactrianus,Artiodactyla,Camelidae,554515.91,554.51591,480,40,PanTHERIA_WR05
Bos taurus,Artiodactyla,Bovidae,618642.42,618.64242,240,20,PanTHERIA_WR05
Boselaphus tragocamelus,Artiodactyla,Bovidae,182253.04,182.25304,260.4,21.7,PanTHERIA_WR05
Canis mesomelas,Carnivora,Canidae,8247.3,8.2473,168,14,PanTHERIA_WR05
Cannomys badius,Rodentia,Spalacidae,472.07,0.47207,48,4,PanTHERIA_WR05
Capra caucasica,Artiodactyla,Bovidae,58149.52,58.14952,264,22,PanTHERIA_WR05
Capra falconeri,Artiodactyla,Bovidae,54303.37,54.30337,168,14,PanTHERIA_WR05
Capra hircus,Artiodactyla,Bovidae,47386.47,47.38647,249.6,20.8,PanTHERIA_WR05
Capra ibex,Artiodactyla,Bovidae,69546.83,69.54683,267.6,22.3,PanTHERIA_WR05
Atelerix algirus,Erinaceomorpha,Erinaceidae,903.98,0.90398,84,7,PanTHERIA_WR05
Ateles belzebuth,Primates,Atelidae,6692.42,6.69242,336,28,PanTHERIA_WR05
Ateles fusciceps,Primates,Atelidae,9067.94,9.06794,288,24,PanTHERIA_WR05
Ateles geoffroyi,Primates,Atelidae,7582.4,7.5824,327.6,27.3,PanTHERIA_WR05
Ateles paniscus,Primates,Atelidae,8697.25,8.69725,453.6,37.8,PanTHERIA_WR05
Callicebus moloch,Primates,Pitheciidae,958.13,0.95813,303.6,25.3,PanTHERIA_WR05
Callimico goeldii,Primates,Cebidae,558,0.558,214.8,17.9,PanTHERIA_WR05
Callithrix argentata,Primates,Cebidae,382.92,0.38292,201.6,16.8,PanTHERIA_WR05
Callithrix humeralifera,Primates,Cebidae,374.99,0.37499,180,15,PanTHERIA_WR05
Callithrix jacchus,Primates,Cebidae,290.21,0.29021,201.6,16.8,PanTHERIA_WR05
Callithrix pygmaea,Primates,Cebidae,123.94,0.12394,181.2,15.1,PanTHERIA_WR05
Callorhinus ursinus,Carnivora,Otariidae,55464.82,55.46482,420,35,PanTHERIA_WR05
Callosciurus caniceps,Rodentia,Sciuridae,264.91,0.26491,114,9.5,PanTHERIA_WR05
Callosciurus erythraeus,Rodentia,Sciuridae,283.23,0.28323,193.2,16.1,PanTHERIA_WR05
Callosciurus notatus,Rodentia,Sciuridae,209.49,0.20949,115.2,9.6,PanTHERIA_WR05
Callosciurus prevostii,Rodentia,Sciuridae,400,0.4,68,5.6666667,PanTHERIA_WR05
Caloprymnus campestris,Diprotodontia,Potoroidae,927.57,0.92757,156,13,PanTHERIA_WR05
Atelocynus microtis,Carnivora,Canidae,8363.22,8.36322,132,11,PanTHERIA_WR05
Atherurus africanus,Rodentia,Hystricidae,2875.65,2.87565,274.8,22.9,PanTHERIA_WR05
Atilax paludinosus,Carnivora,Herpestidae,3600.16,3.60016,209,17.416667,PanTHERIA_WR05
Atlantoxerus getulus,Rodentia,Sciuridae,250.57,0.25057,108,9,PanTHERIA_WR05
Axis axis,Artiodactyla,Cervidae,69499.99,69.49999,249.6,20.8,PanTHERIA_WR05
Axis porcinus,Artiodactyla,Cervidae,37448.29,37.44829,240,20,PanTHERIA_WR05
Babyrousa babyrussa,Artiodactyla,Suidae,92950.09,92.95009,288,24,PanTHERIA_WR05
Balaenoptera musculus,Cetacea,Balaenopteridae,1.543213e+08,154321.3,1320,110,PanTHERIA_WR05
Balaenoptera physalus,Cetacea,Balaenopteridae,47506008,47506.008,1392,116,PanTHERIA_WR05
Cephalophus niger,Artiodactyla,Bovidae,19094.32,19.09432,122.04,10.17,PanTHERIA_WR05
Cephalophus nigrifrons,Artiodactyla,Bovidae,14676.33,14.67633,236.4,19.7,PanTHERIA_WR05
Cephalophus rufilatus,Artiodactyla,Bovidae,12114.57,12.11457,114,9.5,PanTHERIA_WR05
Cephalophus silvicultor,Artiodactyla,Bovidae,62006.6,62.0066,207.96,17.33,PanTHERIA_WR05
Cephalophus spadix,Artiodactyla,Bovidae,56857.02,56.85702,65.04,5.42,PanTHERIA_WR05
Cephalophus zebra,Artiodactyla,Bovidae,15654.75,15.65475,146.04,12.17,PanTHERIA_WR05
Cephalorhynchus commersonii,Cetacea,Delphinidae,72400,72.4,216,18,PanTHERIA_WR05
Cephalorhynchus hectori,Cetacea,Delphinidae,49999.99,49.99999,240,20,PanTHERIA_WR05
Ceratotherium simum,Perissodactyla,Rhinocerotidae,2285939.4,2285.9394,600,50,PanTHERIA_WR05
Cercartetus caudatus,Diprotodontia,Burramyidae,23.05,0.02305,38.4,3.2,PanTHERIA_WR05
Cercartetus nanus,Diprotodontia,Burramyidae,26.85,0.02685,96,8,PanTHERIA_WR05
Cercocebus atys,Primates,Cercopithecidae,6941.24,6.94124,321.6,26.8,PanTHERIA_WR05
Cercocebus galeritus,Primates,Cercopithecidae,7077.66,7.07766,252,21,PanTHERIA_WR05
Cercocebus torquatus,Primates,Cercopithecidae,7293.07,7.29307,360,30,PanTHERIA_WR05
Cercopithecus ascanius,Primates,Cercopithecidae,3540.24,3.54024,339.6,28.3,PanTHERIA_WR05
Cercopithecus campbelli,Primates,Cercopithecidae,3627.73,3.62773,396,33,PanTHERIA_WR05
Cercopithecus cephus,Primates,Cercopithecidae,3444.88,3.44488,276,23,PanTHERIA_WR05
Cercopithecus diana,Primates,Cercopithecidae,4358.91,4.35891,447.6,37.3,PanTHERIA_WR05
Cercopithecus lhoesti,Primates,Cercopithecidae,5307.47,5.30747,192,16,PanTHERIA_WR05
Cercopithecus mitis,Primates,Cercopithecidae,5041.29,5.04129,325.2,27.1,PanTHERIA_WR05
Cercopithecus mona,Primates,Cercopithecidae,3980.17,3.98017,360,30,PanTHERIA_WR05
Cercopithecus neglectus,Primates,Cercopithecidae,5324.52,5.32452,315.6,26.3,PanTHERIA_WR05
Cercopithecus nictitans,Primates,Cercopithecidae,5256.91,5.25691,276,23,PanTHERIA_WR05
Cercopithecus petaurista,Primates,Cercopithecidae,3233.67,3.23367,228,19,PanTHERIA_WR05
Cercopithecus pogonias,Primates,Cercopithecidae,3578.27,3.57827,289.2,24.1,PanTHERIA_WR05
Cerdocyon thous,Carnivora,Canidae,5741.66,5.74166,138,11.5,PanTHERIA_WR05
Cervus elaphus,Artiodactyla,Cervidae,240867.13,240.86713,321.6,26.8,PanTHERIA_WR05
Cervus nippon,Artiodactyla,Cervidae,52999.99,52.99999,305.04,25.42,PanTHERIA_WR05
Chaerephon pumilus,Chiroptera,Molossidae,10.98,0.01098,60,5,PanTHERIA_WR05
Chaetodipus fallax,Rodentia,Heteromyidae,19.19,0.01919,99.6,8.3,PanTHERIA_WR05
Chaetodipus formosus,Rodentia,Heteromyidae,20.02,0.02002,60,5,PanTHERIA_WR05
Cricetus cricetus,Rodentia,Cricetidae,428.95,0.42895,48,4,PanTHERIA_WR05
Crocidura russula,Soricomorpha,Soricidae,9.89,0.00989,38.4,3.2,PanTHERIA_WR05
Crocidura suaveolens,Soricomorpha,Soricidae,7.35,0.00735,32.4,2.7,PanTHERIA_WR05
Eptesicus nilssonii,Chiroptera,Vespertilionidae,10.72,0.01072,186,15.5,PanTHERIA_WR05
Equus quagga,Perissodactyla,Equidae,400000,400,240,20,PanTHERIA_WR05
Equus zebra,Perissodactyla,Equidae,282462.13,282.46213,288,24,PanTHERIA_WR05
Eremitalpa granti,Afrosoricida,Chrysochloridae,22.04,0.02204,24,2,PanTHERIA_WR05
Erethizon dorsatum,Rodentia,Erethizontidae,7419.46,7.41946,216,18,PanTHERIA_WR05
Erignathus barbatus,Carnivora,Phocidae,279999.99,279.99999,377.43,31.4525,PanTHERIA_WR05
Erinaceus europaeus,Erinaceomorpha,Erinaceidae,777.95,0.77795,168,14,PanTHERIA_WR05
Erythrocebus patas,Primates,Cercopithecidae,7966.3,7.9663,286.8,23.9,PanTHERIA_WR05
Eptesicus serotinus,Chiroptera,Vespertilionidae,23.09,0.02309,72,6,PanTHERIA_WR05
Equus asinus,Perissodactyla,Equidae,164998.49,164.99849,564,47,PanTHERIA_WR05
Equus burchellii,Perissodactyla,Equidae,279160.65,279.16065,480,40,PanTHERIA_WR05
Equus caballus,Perissodactyla,Equidae,403598.53,403.59853,744,62,PanTHERIA_WR05
Equus grevyi,Perissodactyla,Equidae,408000.35,408.00035,312,26,PanTHERIA_WR05
Equus hemionus,Perissodactyla,Equidae,235248.07,235.24807,465.6,38.8,PanTHERIA_WR05
Genetta cristata,Carnivora,Viverridae,1863.23,1.86323,408,34,PanTHERIA_WR05
Genetta genetta,Carnivora,Viverridae,1756.17,1.75617,408,34,PanTHERIA_WR05
Delphinapterus leucas,Cetacea,Monodontidae,1381640.7,1381.6407,480,40,PanTHERIA_WR05
Delphinus delphis,Cetacea,Delphinidae,79271.69,79.27169,240,20,PanTHERIA_WR05
Dendrohyrax arboreus,Hyracoidea,Procaviidae,2981.11,2.98111,147.6,12.3,PanTHERIA_WR05
Dendrohyrax dorsalis,Hyracoidea,Procaviidae,3174.99,3.17499,120,10,PanTHERIA_WR05
Dendrolagus bennettianus,Diprotodontia,Macropodidae,10458.82,10.45882,240,20,PanTHERIA_WR05
Dendrolagus dorianus,Diprotodontia,Macropodidae,8976.58,8.97658,96,8,PanTHERIA_WR05
Dendrolagus goodfellowi,Diprotodontia,Macropodidae,7948.78,7.94878,252,21,PanTHERIA_WR05
Bison bison,Artiodactyla,Bovidae,624577.07,624.57707,396,33,PanTHERIA_WR05
Bison bonasus,Artiodactyla,Bovidae,675876.7,675.8767,324,27,PanTHERIA_WR05
Blarina brevicauda,Soricomorpha,Soricidae,18.56,0.01856,33,2.75,PanTHERIA_WR05
Baiomys taylori,Rodentia,Cricetidae,7.43,0.00743,39.12,3.26,PanTHERIA_WR05
Balaena mysticetus,Cetacea,Balaenidae,79691179,79691.179,480,40,PanTHERIA_WR05
Balaenoptera acutorostrata,Cetacea,Balaenopteridae,5587093.6,5587.0936,600,50,PanTHERIA_WR05
Balaenoptera borealis,Cetacea,Balaenopteridae,22106252,22106.252,888,74,PanTHERIA_WR05
Balaenoptera edeni,Cetacea,Balaenopteridae,20000000,20000,864,72,PanTHERIA_WR05
Cephalophus dorsalis,Artiodactyla,Bovidae,20000,20,204.96,17.08,PanTHERIA_WR05
Cephalophus jentinki,Artiodactyla,Bovidae,68489.54,68.48954,210,17.5,PanTHERIA_WR05
Cephalophus leucogaster,Artiodactyla,Bovidae,13208.69,13.20869,63.96,5.33,PanTHERIA_WR05
Cephalophus natalensis,Artiodactyla,Bovidae,12724.51,12.72451,180,15,PanTHERIA_WR05
Chaetophractus villosus,Cingulata,Dasypodidae,4372.8,4.3728,240,20,PanTHERIA_WR05
Dendrolagus inustus,Diprotodontia,Macropodidae,12625,12.625,240,20,PanTHERIA_WR05
Dendrolagus matschiei,Diprotodontia,Macropodidae,8293.4,8.2934,286,23.833333,PanTHERIA_WR05
Dendrolagus ursinus,Diprotodontia,Macropodidae,13249.99,13.24999,242.4,20.2,PanTHERIA_WR05
Dendromus mesomelas,Rodentia,Nesomyidae,10.2,0.0102,39.6,3.3,PanTHERIA_WR05
Desmodus rotundus,Chiroptera,Phyllostomidae,33.16,0.03316,234,19.5,PanTHERIA_WR05
Dicerorhinus sumatrensis,Perissodactyla,Rhinocerotidae,1046156,1046.156,420,35,PanTHERIA_WR05
Diceros bicornis,Perissodactyla,Rhinocerotidae,995940.54,995.94054,564,47,PanTHERIA_WR05
Dicrostonyx torquatus,Rodentia,Cricetidae,78.77,0.07877,45.6,3.8,PanTHERIA_WR05
Didelphis albiventris,Didelphimorphia,Didelphidae,1030.47,1.03047,20.4,1.7,PanTHERIA_WR05
Didelphis marsupialis,Didelphimorphia,Didelphidae,1134.75,1.13475,32.4,2.7,PanTHERIA_WR05
Didelphis virginiana,Didelphimorphia,Didelphidae,2442.08,2.44208,60,5,PanTHERIA_WR05
Dinomys branickii,Rodentia,Dinomyidae,12500,12.5,112.8,9.4,PanTHERIA_WR05
Elephantulus intufi,Macroscelidea,Macroscelididae,48.9,0.0489,105.6,8.8,PanTHERIA_WR05
Elephantulus myurus,Macroscelidea,Macroscelididae,59.51,0.05951,13.2,1.1,PanTHERIA_WR05
Elephantulus rozeti,Macroscelidea,Macroscelididae,43.07,0.04307,36,3,PanTHERIA_WR05
Elephantulus rufescens,Macroscelidea,Macroscelididae,52.78,0.05278,72,6,PanTHERIA_WR05
Elephas maximus,Proboscidea,Elephantidae,3269794.3,3269.7943,960,80,PanTHERIA_WR05
Eligmodontia typus,Rodentia,Cricetidae,17.37,0.01737,9.6,0.8,PanTHERIA_WR05
Eliomys quercinus,Rodentia,Gliridae,114.61,0.11461,66,5.5,PanTHERIA_WR05
Heterocephalus glaber,Rodentia,Bathyergidae,39.36,0.03936,120,10,PanTHERIA_WR05
Heterohyrax brucei,Hyracoidea,Procaviidae,2453.66,2.45366,168,14,PanTHERIA_WR05
Lagostomus maximus,Rodentia,Chinchillidae,4660.94,4.66094,112.8,9.4,PanTHERIA_WR05
Lagostrophus fasciatus,Diprotodontia,Macropodidae,1933.48,1.93348,48,4,PanTHERIA_WR05
Lagothrix lagotricha,Primates,Atelidae,6263.69,6.26369,360,30,PanTHERIA_WR05
Lama glama,Artiodactyla,Camelidae,78322.67,78.32267,339.6,28.3,PanTHERIA_WR05
Eudorcas thomsonii,Artiodactyla,Bovidae,22907.43,22.90743,182.04,15.17,PanTHERIA_WR05
Eulemur coronatus,Primates,Lemuridae,1699.85,1.69985,220.8,18.4,PanTHERIA_WR05
Eulemur fulvus,Primates,Lemuridae,2376.99,2.37699,444,37,PanTHERIA_WR05
Eulemur macaco,Primates,Lemuridae,2470.43,2.47043,360,30,PanTHERIA_WR05
Eulemur mongoz,Primates,Lemuridae,1771.13,1.77113,360,30,PanTHERIA_WR05
Eumetopias jubatus,Carnivora,Otariidae,382466.74,382.46674,360,30,PanTHERIA_WR05
Galea musteloides,Rodentia,Caviidae,386.64,0.38664,21.6,1.8,PanTHERIA_WR05
Galea spixii,Rodentia,Caviidae,360.61,0.36061,55.2,4.6,PanTHERIA_WR05
Galemys pyrenaicus,Soricomorpha,Talpidae,60.17,0.06017,60,5,PanTHERIA_WR05
Galeopterus variegates,Dermoptera,Cynocephalidae,1112.2,1.1122,3.45,0.2875,PanTHERIA_WR05
Galerella pulverulenta,Carnivora,Herpestidae,791.4,0.7914,104.5,8.7083333,PanTHERIA_WR05
Galerella sanguinea,Carnivora,Herpestidae,543.83,0.54383,72,6,PanTHERIA_WR05
Galictis cuja,Carnivora,Mustelidae,1000,1,87,7.25,PanTHERIA_WR05
Galidia elegans,Carnivora,Eupleridae,810,0.81,158.4,13.2,PanTHERIA_WR05
Gazella arabica,Artiodactyla,Bovidae,24124.67,24.12467,135.96,11.33,PanTHERIA_WR05
Gazella dorcas,Artiodactyla,Bovidae,15635.95,15.63595,209.04,17.42,PanTHERIA_WR05
Gazella gazella,Artiodactyla,Bovidae,21306.83,21.30683,219,18.25,PanTHERIA_WR05
Gazella leptoceros,Artiodactyla,Bovidae,24645.75,24.64575,168,14,PanTHERIA_WR05
Gazella spekei,Artiodactyla,Bovidae,20000,20,152.04,12.67,PanTHERIA_WR05
Gazella subgutturosa,Artiodactyla,Bovidae,26981.37,26.98137,240,20,PanTHERIA_WR05
Barbastella barbastellus,Chiroptera,Vespertilionidae,8.31,0.00831,252,21,PanTHERIA_WR05
Bassaricyon gabbii,Carnivora,Procyonidae,1250,1.25,300,25,PanTHERIA_WR05
Bassariscus astutus,Carnivora,Procyonidae,1010.37,1.01037,198,16.5,PanTHERIA_WR05
Bassariscus sumichrasti,Carnivora,Procyonidae,906,0.906,276,23,PanTHERIA_WR05
Bdeogale nigripes,Carnivora,Herpestidae,2623.01,2.62301,190,15.833333,PanTHERIA_WR05
Beatragus hunteri,Artiodactyla,Bovidae,79132.17,79.13217,182.04,15.17,PanTHERIA_WR05
Berardius bairdii,Cetacea,Ziphiidae,11380000,11380,852,71,PanTHERIA_WR05
Berylmys bowersi,Rodentia,Muridae,358.68,0.35868,34.8,2.9,PanTHERIA_WR05
Bettongia gaimardi,Diprotodontia,Potoroidae,1667.55,1.66755,141.6,11.8,PanTHERIA_WR05
Bettongia lesueur,Diprotodontia,Potoroidae,1447.27,1.44727,120,10,PanTHERIA_WR05
Bettongia penicillata,Diprotodontia,Potoroidae,1184.35,1.18435,72,6,PanTHERIA_WR05
Bettongia tropica,Diprotodontia,Potoroidae,1256.58,1.25658,84,7,PanTHERIA_WR05
Bradypus torquatus,Pilosa,Bradypodidae,4468.42,4.46842,144,12,PanTHERIA_WR05
Bubalus bubalis,Artiodactyla,Bovidae,929500.97,929.50097,339,28.25,PanTHERIA_WR05
Bubalus depressicornis,Artiodactyla,Bovidae,256989.27,256.98927,432.96,36.08,PanTHERIA_WR05
Bubalus mindorensis,Artiodactyla,Bovidae,254389.74,254.38974,336,28,PanTHERIA_WR05
Bubalus quarlesi,Artiodactyla,Bovidae,181718.86,181.71886,270,22.5,PanTHERIA_WR05
Budorcas taxicolor,Artiodactyla,Bovidae,294515.33,294.51533,234.96,19.58,PanTHERIA_WR05
Chinchilla chinchilla,Rodentia,Chinchillidae,499.99,0.49999,120,10,PanTHERIA_WR05
Chinchilla lanigera,Rodentia,Chinchillidae,480.28,0.48028,135.6,11.3,PanTHERIA_WR05
Chironectes minimus,Didelphimorphia,Didelphidae,974.33,0.97433,36,3,PanTHERIA_WR05
Chiropotes albinasus,Primates,Pitheciidae,2793.21,2.79321,204,17,PanTHERIA_WR05
Chiropotes satanas,Primates,Pitheciidae,2967.27,2.96727,216,18,PanTHERIA_WR05
Chlorocebus aethiops,Primates,Cercopithecidae,3695.99,3.69599,379.2,31.6,PanTHERIA_WR05
Burramys parvus,Diprotodontia,Burramyidae,44.27,0.04427,144,12,PanTHERIA_WR05
Cacajao calvus,Primates,Pitheciidae,3421.04,3.42104,324,27,PanTHERIA_WR05
Cacajao melanocephalus,Primates,Pitheciidae,3121.58,3.12158,216,18,PanTHERIA_WR05
Capra nubiana,Artiodactyla,Bovidae,47763.72,47.76372,204,17,PanTHERIA_WR05
Capra pyrenaica,Artiodactyla,Bovidae,60898.77,60.89877,192,16,PanTHERIA_WR05
Capra sibirica,Artiodactyla,Bovidae,130000,130,267,22.25,PanTHERIA_WR05
Capreolus capreolus,Artiodactyla,Cervidae,22502.01,22.50201,204,17,PanTHERIA_WR05
Capricornis crispus,Artiodactyla,Bovidae,43030.64,43.03064,222.96,18.58,PanTHERIA_WR05
Capricornis sumatraensis,Artiodactyla,Bovidae,110942.22,110.94222,252,21,PanTHERIA_WR05
Capromys pilorides,Rodentia,Capromyidae,5200,5.2,136,11.333333,PanTHERIA_WR05
Caracal caracal,Carnivora,Felidae,11964.38,11.96438,204,17,PanTHERIA_WR05
Carollia perspicillata,Chiroptera,Phyllostomidae,19.23,0.01923,148.8,12.4,PanTHERIA_WR05
Castor canadensis,Rodentia,Castoridae,18124.41,18.12441,180,15,PanTHERIA_WR05
Castor fiber,Rodentia,Castoridae,19000,19,300,25,PanTHERIA_WR05
Catagonus wagneri,Artiodactyla,Tayassuidae,35566.4,35.5664,108,9,PanTHERIA_WR05
Catopuma temminckii,Carnivora,Felidae,7726.46,7.72646,216,18,PanTHERIA_WR05
Cavia porcellus,Rodentia,Caviidae,727.99,0.72799,177.6,14.8,PanTHERIA_WR05
Cebus albifrons,Primates,Cebidae,2509.68,2.50968,528,44,PanTHERIA_WR05
Cebus apella,Primates,Cebidae,2758.38,2.75838,541.2,45.1,PanTHERIA_WR05
Cebus capucinus,Primates,Cebidae,3005.99,3.00599,657.6,54.8,PanTHERIA_WR05
Cebus olivaceus,Primates,Cebidae,2787.64,2.78764,492,41,PanTHERIA_WR05
Cephalophus adersi,Artiodactyla,Bovidae,9249.95,9.24995,48.96,4.08,PanTHERIA_WR05
Crocidura leucodon,Soricomorpha,Soricidae,10.88,0.01088,36,3,PanTHERIA_WR05
Cheirogaleus major,Primates,Cheirogaleidae,446.02,0.44602,180,15,PanTHERIA_WR05
Cheirogaleus medius,Primates,Cheirogaleidae,196.76,0.19676,231.6,19.3,PanTHERIA_WR05
Choloepus didactylus,Pilosa,Megalonychidae,6646.5,6.6465,333.6,27.8,PanTHERIA_WR05
Choloepus hoffmanni,Pilosa,Megalonychidae,5893.5,5.8935,385.2,32.1,PanTHERIA_WR05
Chrysocyon brachyurus,Carnivora,Canidae,23325,23.325,180,15,PanTHERIA_WR05
Chrysospalax trevelyani,Afrosoricida,Chrysochloridae,434.04,0.43404,48,4,PanTHERIA_WR05
Civettictis civetta,Carnivora,Viverridae,12075.58,12.07558,336,28,PanTHERIA_WR05
Coendou prehensilis,Rodentia,Erethizontidae,4116.2,4.1162,207.6,17.3,PanTHERIA_WR05
Colobus guereza,Primates,Cercopithecidae,9925.88,9.92588,294,24.5,PanTHERIA_WR05
Colobus polykomos,Primates,Cercopithecidae,8797.29,8.79729,366,30.5,PanTHERIA_WR05
Colomys goslingi,Rodentia,Muridae,62.5,0.0625,36,3,PanTHERIA_WR05
Condylura cristata,Soricomorpha,Talpidae,48.15,0.04815,36,3,PanTHERIA_WR05
Conepatus leuconotus,Carnivora,Mephitidae,3293.91,3.29391,84,7,PanTHERIA_WR05
Connochaetes gnou,Artiodactyla,Bovidae,156547.53,156.54753,240,20,PanTHERIA_WR05
Dasyprocta leporina,Rodentia,Dasyproctidae,3009.99,3.00999,213.6,17.8,PanTHERIA_WR05
Dasyprocta punctata,Rodentia,Dasyproctidae,2309.12,2.30912,120,10,PanTHERIA_WR05
Dasypus novemcinctus,Cingulata,Dasypodidae,3949.01,3.94901,180,15,PanTHERIA_WR05
Euoticus elegantulus,Primates,Galagidae,295.48,0.29548,180,15,PanTHERIA_WR05
Euphractus sexcinctus,Cingulata,Dasypodidae,4731.16,4.73116,225.96,18.83,PanTHERIA_WR05
Euroscaptor micrura,Soricomorpha,Talpidae,60.46,0.06046,36,3,PanTHERIA_WR05
Euroscaptor mizura,Soricomorpha,Talpidae,25.05,0.02505,36,3,PanTHERIA_WR05
Connochaetes taurinus,Artiodactyla,Bovidae,198619.68,198.61968,258,21.5,PanTHERIA_WR05
Corynorhinus rafinesquii,Chiroptera,Vespertilionidae,9.15,0.00915,121.2,10.1,PanTHERIA_WR05
Corynorhinus townsendii,Chiroptera,Vespertilionidae,10.3,0.0103,254,21.166667,PanTHERIA_WR05
Cratogeomys castanops,Rodentia,Geomyidae,266.83,0.26683,56.4,4.7,PanTHERIA_WR05
Crocuta crocuta,Carnivora,Hyaenidae,63369.98,63.36998,493.2,41.1,PanTHERIA_WR05
Crossarchus obscurus,Carnivora,Herpestidae,1395.09,1.39509,108,9,PanTHERIA_WR05
Cryptoprocta ferox,Carnivora,Eupleridae,9500,9.5,240,20,PanTHERIA_WR05
Cryptotis parva,Soricomorpha,Soricidae,4.97,0.00497,21,1.75,PanTHERIA_WR05
Ctenodactylus vali,Rodentia,Ctenodactylidae,173.6,0.1736,60,5,PanTHERIA_WR05
Ctenomys talarum,Rodentia,Ctenomyidae,140.84,0.14084,36,3,PanTHERIA_WR05
Cuniculus paca,Rodentia,Cuniculidae,8172.55,8.17255,192,16,PanTHERIA_WR05
Cuon alpinus,Carnivora,Canidae,15800,15.8,192,16,PanTHERIA_WR05
Cyclopes didactylus,Pilosa,Cyclopedidae,263.95,0.26395,27.6,2.3,PanTHERIA_WR05
Cynictis penicillata,Carnivora,Herpestidae,694.41,0.69441,182.4,15.2,PanTHERIA_WR05
Cynogale bennettii,Carnivora,Viverridae,4246.57,4.24657,60,5,PanTHERIA_WR05
Cynomys ludovicianus,Rodentia,Sciuridae,797.05,0.79705,102,8.5,PanTHERIA_WR05
Cynopterus brachyotis,Chiroptera,Pteropodidae,33.87,0.03387,96,8,PanTHERIA_WR05
Cystophora cristata,Carnivora,Phocidae,278896.81,278.89681,420,35,PanTHERIA_WR05
Dactylopsila trivirgata,Diprotodontia,Petauridae,413.41,0.41341,115,9.5833333,PanTHERIA_WR05
Dama dama,Artiodactyla,Cervidae,57224.61,57.22461,300,25,PanTHERIA_WR05
Damaliscus korrigum,Artiodactyla,Bovidae,127194.87,127.19487,150.96,12.58,PanTHERIA_WR05
Damaliscus lunatus,Artiodactyla,Bovidae,136000.33,136.00033,216,18,PanTHERIA_WR05
Damaliscus pygargus,Artiodactyla,Bovidae,77784.55,77.78455,260.04,21.67,PanTHERIA_WR05
Dasycercus cristicauda,Dasyuromorphia,Dasyuridae,99.54,0.09954,84,7,PanTHERIA_WR05
Dasykaluta rosamondae,Dasyuromorphia,Dasyuridae,32.17,0.03217,36,3,PanTHERIA_WR05
Dasyuroides byrnei,Dasyuromorphia,Dasyuridae,109.47,0.10947,84,7,PanTHERIA_WR05
Dasyurus albopunctatus,Dasyuromorphia,Dasyuridae,603.48,0.60348,36,3,PanTHERIA_WR05
Dasyurus geoffroii,Dasyuromorphia,Dasyuridae,1106.62,1.10662,60,5,PanTHERIA_WR05
Dasyurus hallucatus,Dasyuromorphia,Dasyuridae,470.92,0.47092,34.8,2.9,PanTHERIA_WR05
Dasyurus maculatus,Dasyuromorphia,Dasyuridae,3284.15,3.28415,60,5,PanTHERIA_WR05
Dasyurus viverrinus,Dasyuromorphia,Dasyuridae,1101.49,1.10149,81.6,6.8,PanTHERIA_WR05
Daubentonia madagascariensis,Primates,Daubentoniidae,2731.37,2.73137,291.6,24.3,PanTHERIA_WR05
Delanymys brooksi,Rodentia,Nesomyidae,4.99,0.00499,24,2,PanTHERIA_WR05
Dipodomys heermanni,Rodentia,Heteromyidae,63.08,0.06308,28.8,2.4,PanTHERIA_WR05
Dipodomys merriami,Rodentia,Heteromyidae,37.91,0.03791,24,2,PanTHERIA_WR05
Dipodomys ordii,Rodentia,Heteromyidae,50.4,0.0504,117.6,9.8,PanTHERIA_WR05
Dipodomys spectabilis,Rodentia,Heteromyidae,124.61,0.12461,36,3,PanTHERIA_WR05
Distoechurus pennatus,Diprotodontia,Acrobatidae,52.74,0.05274,24,2,PanTHERIA_WR05
Dolichotis patagonum,Rodentia,Caviidae,8000,8,168,14,PanTHERIA_WR05
Dorcatragus megalotis,Artiodactyla,Bovidae,10918.12,10.91812,168,14,PanTHERIA_WR05
Dorcopsis atrata,Diprotodontia,Macropodidae,6198.87,6.19887,96,8,PanTHERIA_WR05
Dorcopsis luctuosa,Diprotodontia,Macropodidae,4939.56,4.93956,96,8,PanTHERIA_WR05
Dorcopsis muelleri,Diprotodontia,Macropodidae,5370.79,5.37079,91.2,7.6,PanTHERIA_WR05
Dremomys lokriah,Rodentia,Sciuridae,226.99,0.22699,85.2,7.1,PanTHERIA_WR05
Dromiciops gliroides,Microbiotheria,Microbiotheriidae,25,0.025,38.4,3.2,PanTHERIA_WR05
Dryomys nitedula,Rodentia,Gliridae,29.5,0.0295,48,4,PanTHERIA_WR05
Dugong dugon,Sirenia,Dugongidae,295000,295,840,70,PanTHERIA_WR05
Echinops telfairi,Afrosoricida,Tenrecidae,152.25,0.15225,156,13,PanTHERIA_WR05
Echinosorex gymnura,Erinaceomorpha,Erinaceidae,756.53,0.75653,84,7,PanTHERIA_WR05
Echymipera rufescens,Peramelemorphia,Peramelidae,1051.48,1.05148,34.8,2.9,PanTHERIA_WR05
Eidolon dupreanum,Chiroptera,Pteropodidae,297.58,0.29758,240,20,PanTHERIA_WR05
Eidolon helvum,Chiroptera,Pteropodidae,254.61,0.25461,261.99,21.8325,PanTHERIA_WR05
Eira barbara,Carnivora,Mustelidae,4134.99,4.13499,216,18,PanTHERIA_WR05
Elaphurus davidianus,Artiodactyla,Cervidae,165989.17,165.98917,279.6,23.3,PanTHERIA_WR05
Enhydra lutris,Carnivora,Mustelidae,27410.93,27.41093,360,30,PanTHERIA_WR05
Eonycteris spelaea,Chiroptera,Pteropodidae,58.7,0.0587,60,5,PanTHERIA_WR05
Eptesicus fuscus,Chiroptera,Vespertilionidae,17.49,0.01749,240,20,PanTHERIA_WR05
Genetta tigrina,Carnivora,Viverridae,2066.57,2.06657,180,15,PanTHERIA_WR05
Geocapromys brownii,Rodentia,Capromyidae,1497.48,1.49748,99.6,8.3,PanTHERIA_WR05
Geocapromys ingrahami,Rodentia,Capromyidae,733.52,0.73352,72,6,PanTHERIA_WR05
Geomys bursarius,Rodentia,Geomyidae,203.75,0.20375,86.4,7.2,PanTHERIA_WR05
Geomys tropicalis,Rodentia,Geomyidae,349.99,0.34999,84,7,PanTHERIA_WR05
Georychus capensis,Rodentia,Bathyergidae,188.36,0.18836,36,3,PanTHERIA_WR05
Eschrichtius robustus,Cetacea,Eschrichtiidae,27324024,27324.024,924,77,PanTHERIA_WR05
Eudorcas rufifrons,Artiodactyla,Bovidae,26999.77,26.99977,162,13.5,PanTHERIA_WR05
Felis catus,Carnivora,Felidae,2884.8,2.8848,408,34,PanTHERIA_WR05
Felis chaus,Carnivora,Felidae,7157.99,7.15799,144,12,PanTHERIA_WR05
Felis nigripes,Carnivora,Felidae,1362.77,1.36277,144,12,PanTHERIA_WR05
Gulo gulo,Carnivora,Mustelidae,12792.49,12.79249,216,18,PanTHERIA_WR05
Gymnobelideus leadbeateri,Diprotodontia,Petauridae,137.32,0.13732,132,11,PanTHERIA_WR05
Halichoerus grypus,Carnivora,Phocidae,197570.01,197.57001,560.07,46.6725,PanTHERIA_WR05
Hapalemur griseus,Primates,Lemuridae,916,0.916,205.2,17.1,PanTHERIA_WR05
Haplonycteris fischeri,Chiroptera,Pteropodidae,18.25,0.01825,120,10,PanTHERIA_WR05
Helarctos malayanus,Carnivora,Ursidae,57075.78,57.07578,297.6,24.8,PanTHERIA_WR05
Heliophobius argenteocinereus,Rodentia,Bathyergidae,159.46,0.15946,37.2,3.1,PanTHERIA_WR05
Herpestes ichneumon,Carnivora,Herpestidae,2980.02,2.98002,240,20,PanTHERIA_WR05
Herpestes javanicus,Carnivora,Herpestidae,750,0.75,120,10,PanTHERIA_WR05
Herpestes urva,Carnivora,Herpestidae,2384.19,2.38419,160,13.333333,PanTHERIA_WR05
Felis silvestris,Carnivora,Felidae,4573.08,4.57308,336,28,PanTHERIA_WR05
Fossa fossana,Carnivora,Eupleridae,1853.98,1.85398,132,11,PanTHERIA_WR05
Funisciurus congicus,Rodentia,Sciuridae,112,0.112,114,9.5,PanTHERIA_WR05
Galago alleni,Primates,Galagidae,266.03,0.26603,144,12,PanTHERIA_WR05
Galago demidoff,Primates,Galagidae,66.04,0.06604,168,14,PanTHERIA_WR05
Galago moholi,Primates,Galagidae,191.96,0.19196,198,16.5,PanTHERIA_WR05
Galago senegalensis,Primates,Galagidae,215.2,0.2152,204,17,PanTHERIA_WR05
Gerbillus pyramidum,Rodentia,Muridae,42.8,0.0428,98.4,8.2,PanTHERIA_WR05
Giraffa camelopardalis,Artiodactyla,Giraffidae,964654.73,964.65473,435.6,36.3,PanTHERIA_WR05
Glaucomys sabrinus,Rodentia,Sciuridae,137.53,0.13753,156,13,PanTHERIA_WR05
Glaucomys volans,Rodentia,Sciuridae,71.9,0.0719,144,12,PanTHERIA_WR05
Glis glis,Rodentia,Gliridae,128.09,0.12809,108,9,PanTHERIA_WR05
Globicephala macrorhynchus,Cetacea,Delphinidae,725999.99,725.99999,756,63,PanTHERIA_WR05
Globicephala melas,Cetacea,Delphinidae,800000,800,540,45,PanTHERIA_WR05
Glossophaga soricina,Chiroptera,Phyllostomidae,9.97,0.00997,120,10,PanTHERIA_WR05
Gorilla gorilla,Primates,Hominidae,112588.99,112.58899,648,54,PanTHERIA_WR05
Grampus griseus,Cetacea,Delphinidae,387500,387.5,240,20,PanTHERIA_WR05
Graphiurus murinus,Rodentia,Gliridae,20.07,0.02007,69.6,5.8,PanTHERIA_WR05
Grammomys dolichurus,Rodentia,Muridae,41.85,0.04185,52.8,4.4,PanTHERIA_WR05
Jaculus jaculus,Rodentia,Dipodidae,59.8,0.0598,72,6,PanTHERIA_WR05
Kannabateomys amblyonyx,Rodentia,Echimyidae,599.99,0.59999,19.2,1.6,PanTHERIA_WR05
Heliosciurus rufobrachium,Rodentia,Sciuridae,332.88,0.33288,106.8,8.9,PanTHERIA_WR05
Helogale parvula,Carnivora,Herpestidae,281.83,0.28183,131,10.916667,PanTHERIA_WR05
Hemibelideus lemuroides,Diprotodontia,Pseudocheiridae,993.59,0.99359,48,4,PanTHERIA_WR05
Hemicentetes nigriceps,Afrosoricida,Tenrecidae,102.99,0.10299,31.2,2.6,PanTHERIA_WR05
Hemicentetes semispinosus,Afrosoricida,Tenrecidae,134,0.134,32.4,2.7,PanTHERIA_WR05
Hemiechinus auritus,Erinaceomorpha,Erinaceidae,322.04,0.32204,81.6,6.8,PanTHERIA_WR05
Hemigalus derbyanus,Carnivora,Viverridae,1262.7,1.2627,144,12,PanTHERIA_WR05
Hemitragus hylocrius,Artiodactyla,Bovidae,74186.41,74.18641,207,17.25,PanTHERIA_WR05
Hemitragus jayakari,Artiodactyla,Bovidae,22210.18,22.21018,168,14,PanTHERIA_WR05
Hemitragus jemlahicus,Artiodactyla,Bovidae,68616.43,68.61643,261.6,21.8,PanTHERIA_WR05
Hexaprotodon liberiensis,Artiodactyla,Hippopotamidae,235001.16,235.00116,525.6,43.8,PanTHERIA_WR05
Hippocamelus antisensis,Artiodactyla,Cervidae,68599.35,68.59935,127.2,10.6,PanTHERIA_WR05
Hippopotamus amphibius,Artiodactyla,Hippopotamidae,1536310.4,1536.3104,654,54.5,PanTHERIA_WR05
Hipposideros fulvus,Chiroptera,Hipposideridae,8.83,0.00883,144,12,PanTHERIA_WR05
Hippotragus equinus,Artiodactyla,Bovidae,264173.96,264.17396,240,20,PanTHERIA_WR05
Hippotragus niger,Artiodactyla,Bovidae,236405.9,236.4059,267,22.25,PanTHERIA_WR05
Histriophoca fasciata,Carnivora,Phocidae,90000,90,372,31,PanTHERIA_WR05
Homo sapiens,Primates,Hominidae,58540.63,58.54063,1470,122.5,PanTHERIA_WR05
Hyaena brunnea,Carnivora,Hyaenidae,42977.93,42.97793,204,17,PanTHERIA_WR05
Hyaena hyaena,Carnivora,Hyaenidae,35070.51,35.07051,288,24,PanTHERIA_WR05
Hydrochoerus hydrochaeris,Rodentia,Caviidae,48144.91,48.14491,144,12,PanTHERIA_WR05
Hydromys chrysogaster,Rodentia,Muridae,626.17,0.62617,74,6.1666667,PanTHERIA_WR05
Hydropotes inermis,Artiodactyla,Cervidae,12760.04,12.76004,144,12,PanTHERIA_WR05
Hydrurga leptonyx,Carnivora,Phocidae,352675.48,352.67548,312,26,PanTHERIA_WR05
Hyemoschus aquaticus,Artiodactyla,Tragulidae,10850,10.85,168,14,PanTHERIA_WR05
Hylobates agilis,Primates,Hylobatidae,5829.08,5.82908,528,44,PanTHERIA_WR05
Hylobates lar,Primates,Hylobatidae,5578.61,5.57861,480,40,PanTHERIA_WR05
Lasionycteris noctivagans,Chiroptera,Vespertilionidae,11.02,0.01102,144,12,PanTHERIA_WR05
Lasiurus cinereus,Chiroptera,Vespertilionidae,27.06,0.02706,25.2,2.1,PanTHERIA_WR05
Marmosa mexicana,Didelphimorphia,Didelphidae,49.06,0.04906,84,7,PanTHERIA_WR05
Marmosa robinsoni,Didelphimorphia,Didelphidae,60.57,0.06057,24,2,PanTHERIA_WR05
Hylobates pileatus,Primates,Hylobatidae,5542.37,5.54237,432,36,PanTHERIA_WR05
Hylochoerus meinertzhageni,Artiodactyla,Suidae,198130.47,198.13047,216,18,PanTHERIA_WR05
Hyperoodon ampullatus,Cetacea,Ziphiidae,3393361.1,3393.3611,444,37,PanTHERIA_WR05
Hypsiprymnodon moschatus,Diprotodontia,Hypsiprymnodontidae,534.25,0.53425,72,6,PanTHERIA_WR05
Hystrix africaeaustralis,Rodentia,Hystricidae,14936.02,14.93602,240,20,PanTHERIA_WR05
Hystrix brachyura,Rodentia,Hystricidae,8000,8,327.6,27.3,PanTHERIA_WR05
Hystrix pumila,Rodentia,Hystricidae,3544.26,3.54426,114,9.5,PanTHERIA_WR05
Ichneumia albicauda,Carnivora,Herpestidae,3628.4,3.6284,144,12,PanTHERIA_WR05
Ictonyx libyca,Carnivora,Mustelidae,225.18,0.22518,60,5,PanTHERIA_WR05
Ictonyx striatus,Carnivora,Mustelidae,811.02,0.81102,160,13.333333,PanTHERIA_WR05
Idionycteris phyllotis,Chiroptera,Vespertilionidae,12.13,0.01213,38,3.1666667,PanTHERIA_WR05
Inia geoffrensis,Cetacea,Iniidae,121430.76,121.43076,360,30,PanTHERIA_WR05
Isoodon macrourus,Peramelemorphia,Peramelidae,1505.77,1.50577,36,3,PanTHERIA_WR05
Isoodon obesulus,Peramelemorphia,Peramelidae,824.76,0.82476,45,3.75,PanTHERIA_WR05
Kerodon rupestris,Rodentia,Caviidae,799.15,0.79915,132,11,PanTHERIA_WR05
Kobus ellipsiprymnus,Artiodactyla,Bovidae,204393.48,204.39348,239.04,19.92,PanTHERIA_WR05
Kobus kob,Artiodactyla,Bovidae,80035.21,80.03521,263.04,21.92,PanTHERIA_WR05
Kobus leche,Artiodactyla,Bovidae,88645.04,88.64504,222.96,18.58,PanTHERIA_WR05
Kobus megaceros,Artiodactyla,Bovidae,85805.93,85.80593,224.04,18.67,PanTHERIA_WR05
Kogia breviceps,Cetacea,Physeteridae,431500,431.5,204,17,PanTHERIA_WR05
Lagenorhynchus acutus,Cetacea,Delphinidae,186517.55,186.51755,324,27,PanTHERIA_WR05
Lagenorhynchus obliquidens,Cetacea,Delphinidae,109694.46,109.69446,300,25,PanTHERIA_WR05
Lagidium peruanum,Rodentia,Chinchillidae,1220,1.22,234,19.5,PanTHERIA_WR05
Lagorchestes conspicillatus,Diprotodontia,Macropodidae,2821.01,2.82101,72,6,PanTHERIA_WR05
Lagorchestes hirsutus,Diprotodontia,Macropodidae,1407.14,1.40714,96,8,PanTHERIA_WR05
Meriones unguiculatus,Rodentia,Muridae,57.75,0.05775,24,2,PanTHERIA_WR05
Meriones vinogradovi,Rodentia,Muridae,117,0.117,40,3.3333333,PanTHERIA_WR05
Mesembriomys gouldii,Rodentia,Muridae,716.49,0.71649,46.8,3.9,PanTHERIA_WR05
Monachus monachus,Carnivora,Phocidae,294881.33,294.88133,284.4,23.7,PanTHERIA_WR05
Monachus schauinslandi,Carnivora,Phocidae,222999.99,222.99999,360,30,PanTHERIA_WR05
Monodelphis brevicaudata,Didelphimorphia,Didelphidae,78.84,0.07884,12,1,PanTHERIA_WR05
Monodelphis dimidiata,Didelphimorphia,Didelphidae,44.56,0.04456,12,1,PanTHERIA_WR05
Monodelphis domestica,Didelphimorphia,Didelphidae,93.45,0.09345,72,6,PanTHERIA_WR05
Megaptera novaeangliae,Cetacea,Balaenopteridae,30000000,30000,1140,95,PanTHERIA_WR05
Meles meles,Carnivora,Mustelidae,11884.03,11.88403,194.4,16.2,PanTHERIA_WR05
Mellivora capensis,Carnivora,Mustelidae,8999.99,8.99999,318,26.5,PanTHERIA_WR05
Miopithecus talapoin,Primates,Cercopithecidae,1248.86,1.24886,370.8,30.9,PanTHERIA_WR05
Mirounga angustirostris,Carnivora,Phocidae,1112390.8,1112.3908,243.5,20.291667,PanTHERIA_WR05
Mirounga leonina,Carnivora,Phocidae,1600000,1600,276,23,PanTHERIA_WR05
Mirza coquereli,Primates,Cheirogaleidae,326.5,0.3265,183.6,15.3,PanTHERIA_WR05
Mogera imaizumii,Soricomorpha,Talpidae,65.53,0.06553,42,3.5,PanTHERIA_WR05
Mogera wogura,Soricomorpha,Talpidae,96.88,0.09688,42,3.5,PanTHERIA_WR05
Monodon monoceros,Cetacea,Monodontidae,938126.44,938.12644,480,40,PanTHERIA_WR05
Mungos mungo,Carnivora,Herpestidae,1260,1.26,144,12,PanTHERIA_WR05
Marmota flaviventris,Rodentia,Sciuridae,3709.73,3.70973,96,8,PanTHERIA_WR05
Marmota marmota,Rodentia,Sciuridae,4059.15,4.05915,216,18,PanTHERIA_WR05
Marmota monax,Rodentia,Sciuridae,3880.93,3.88093,120,10,PanTHERIA_WR05
Lemmus lemmus,Rodentia,Cricetidae,67.62,0.06762,24,2,PanTHERIA_WR05
Lasiorhinus krefftii,Diprotodontia,Vombatidae,31849.99,31.84999,360,30,PanTHERIA_WR05
Lasiorhinus latifrons,Diprotodontia,Vombatidae,26163.8,26.1638,294,24.5,PanTHERIA_WR05
Lemniscomys striatus,Rodentia,Muridae,43.65,0.04365,30,2.5,PanTHERIA_WR05
Lemur catta,Primates,Lemuridae,2626.48,2.62648,360,30,PanTHERIA_WR05
Lenothrix canus,Rodentia,Muridae,150,0.15,45.6,3.8,PanTHERIA_WR05
Leontopithecus rosalia,Primates,Cebidae,592.52,0.59252,297.6,24.8,PanTHERIA_WR05
Leopardus pardalis,Carnivora,Felidae,11880,11.88,243.6,20.3,PanTHERIA_WR05
Leopardus wiedii,Carnivora,Felidae,3270.81,3.27081,240,20,PanTHERIA_WR05
Leopoldamys sabanus,Rodentia,Muridae,347.61,0.34761,24,2,PanTHERIA_WR05
Lepilemur leucopus,Primates,Lepilemuridae,599.99,0.59999,103,8.5833333,PanTHERIA_WR05
Lepilemur mustelinus,Primates,Lepilemuridae,669.03,0.66903,144,12,PanTHERIA_WR05
Leptailurus serval,Carnivora,Felidae,11999.96,11.99996,276,23,PanTHERIA_WR05
Leptonychotes weddellii,Carnivora,Phocidae,400000,400,300,25,PanTHERIA_WR05
Leptonycteris yerbabuenae,Chiroptera,Phyllostomidae,22.24,0.02224,120,10,PanTHERIA_WR05
Lepus americanus,Lagomorpha,Leporidae,1568.42,1.56842,96,8,PanTHERIA_WR05
Lepus arcticus,Lagomorpha,Leporidae,4412.73,4.41273,84,7,PanTHERIA_WR05
Lepus californicus,Lagomorpha,Leporidae,2422.48,2.42248,81.6,6.8,PanTHERIA_WR05
Lepus europaeus,Lagomorpha,Leporidae,3816.43,3.81643,144,12,PanTHERIA_WR05
Lepus townsendii,Lagomorpha,Leporidae,3371.64,3.37164,96,8,PanTHERIA_WR05
Liomys adspersus,Rodentia,Heteromyidae,50.99,0.05099,21,1.75,PanTHERIA_WR05
Litocranius walleri,Artiodactyla,Bovidae,38804.37,38.80437,156,13,PanTHERIA_WR05
Lobodon carcinophaga,Carnivora,Phocidae,224999.99,224.99999,468,39,PanTHERIA_WR05
Lontra canadensis,Carnivora,Mustelidae,8087.42,8.08742,300,25,PanTHERIA_WR05
Lophiomys imhausi,Rodentia,Cricetidae,755,0.755,90,7.5,PanTHERIA_WR05
Lophocebus albigena,Primates,Cercopithecidae,7418.71,7.41871,392.4,32.7,PanTHERIA_WR05
Lophocebus aterrimus,Primates,Cercopithecidae,6510.37,6.51037,321.6,26.8,PanTHERIA_WR05
Loris tardigradus,Primates,Lorisidae,249.22,0.24922,196.8,16.4,PanTHERIA_WR05
Loxodonta africana,Proboscidea,Elephantidae,3824539.9,3824.5399,960,80,PanTHERIA_WR05
Lutra lutra,Carnivora,Mustelidae,8868.69,8.86869,264,22,PanTHERIA_WR05
Lutreolina crassicaudata,Didelphimorphia,Didelphidae,554.77,0.55477,36,3,PanTHERIA_WR05
Lutrogale perspicillata,Carnivora,Mustelidae,8912.49,8.91249,180,15,PanTHERIA_WR05
Lycalopex gymnocercus,Carnivora,Canidae,4542.67,4.54267,164.4,13.7,PanTHERIA_WR05
Lycaon pictus,Carnivora,Canidae,21999.99,21.99999,132,11,PanTHERIA_WR05
Lynx canadensis,Carnivora,Felidae,9682.82,9.68282,321,26.75,PanTHERIA_WR05
Lynx lynx,Carnivora,Felidae,19300,19.3,321.6,26.8,PanTHERIA_WR05
Lynx rufus,Carnivora,Felidae,6374.47,6.37447,388,32.333333,PanTHERIA_WR05
Macaca arctoides,Primates,Cercopithecidae,9358.04,9.35804,360,30,PanTHERIA_WR05
Macaca fascicularis,Primates,Cercopithecidae,4569.32,4.56932,456,38,PanTHERIA_WR05
Macaca fuscata,Primates,Cercopithecidae,10114.76,10.11476,396,33,PanTHERIA_WR05
Macaca mulatta,Primates,Cercopithecidae,6455.19,6.45519,432,36,PanTHERIA_WR05
Macaca nemestrina,Primates,Cercopithecidae,7820.78,7.82078,411.6,34.3,PanTHERIA_WR05
Macaca nigra,Primates,Cercopithecidae,7359.39,7.35939,216,18,PanTHERIA_WR05
Macaca pagensis,Primates,Cercopithecidae,4534.66,4.53466,360,30,PanTHERIA_WR05
Macaca radiata,Primates,Cercopithecidae,4999.99,4.99999,360,30,PanTHERIA_WR05
Macaca silenus,Primates,Cercopithecidae,5995.25,5.99525,480,40,PanTHERIA_WR05
Macaca sinica,Primates,Cercopithecidae,4655.99,4.65599,420,35,PanTHERIA_WR05
Macaca sylvanus,Primates,Cercopithecidae,11471.53,11.47153,264,22,PanTHERIA_WR05
Mesocricetus auratus,Rodentia,Cricetidae,98.6,0.0986,120,10,PanTHERIA_WR05
Mesoplodon densirostris,Cetacea,Ziphiidae,2300000,2300,324,27,PanTHERIA_WR05
Macropus agilis,Diprotodontia,Macropodidae,11815.75,11.81575,144,12,PanTHERIA_WR05
Macropus antilopinus,Diprotodontia,Macropodidae,27250.1,27.2501,192,16,PanTHERIA_WR05
Macropus dorsalis,Diprotodontia,Macropodidae,11249.96,11.24996,180,15,PanTHERIA_WR05
Macropus eugenii,Diprotodontia,Macropodidae,5278.48,5.27848,168,14,PanTHERIA_WR05
Macropus fuliginosus,Diprotodontia,Macropodidae,25564.7,25.5647,240,20,PanTHERIA_WR05
Macropus giganteus,Diprotodontia,Macropodidae,33409.89,33.40989,288,24,PanTHERIA_WR05
Macropus parma,Diprotodontia,Macropodidae,4156.62,4.15662,120,10,PanTHERIA_WR05
Macropus parryi,Diprotodontia,Macropodidae,12629.83,12.62983,168,14,PanTHERIA_WR05
Macropus robustus,Diprotodontia,Macropodidae,25978.92,25.97892,288,24,PanTHERIA_WR05
Macropus rufogriseus,Diprotodontia,Macropodidae,16850,16.85,228,19,PanTHERIA_WR05
Macropus rufus,Diprotodontia,Macropodidae,38968.39,38.96839,360,30,PanTHERIA_WR05
Macrotis lagotis,Peramelemorphia,Thylacomyidae,1229.58,1.22958,120,10,PanTHERIA_WR05
Macrotus californicus,Chiroptera,Phyllostomidae,11.83,0.01183,124.8,10.4,PanTHERIA_WR05
Macrotus waterhousii,Chiroptera,Phyllostomidae,16.27,0.01627,125,10.416667,PanTHERIA_WR05
Madoqua guentheri,Artiodactyla,Bovidae,4623.7,4.6237,168,14,PanTHERIA_WR05
Madoqua kirkii,Artiodactyla,Bovidae,4833.4,4.8334,198,16.5,PanTHERIA_WR05
Madoqua piacentinii,Artiodactyla,Bovidae,2500,2.5,168,14,PanTHERIA_WR05
Madoqua saltiana,Artiodactyla,Bovidae,3424.47,3.42447,168,14,PanTHERIA_WR05
Makalata didelphoides,Rodentia,Echimyidae,398.66,0.39866,37.2,3.1,PanTHERIA_WR05
Mandrillus leucophaeus,Primates,Cercopithecidae,14253.3,14.2533,400.8,33.4,PanTHERIA_WR05
Mandrillus sphinx,Primates,Cercopithecidae,16685.06,16.68506,555.96,46.33,PanTHERIA_WR05
Manis crassicaudata,Pholidota,Manidae,8017.56,8.01756,162,13.5,PanTHERIA_WR05
Martes americana,Carnivora,Mustelidae,873.69,0.87369,228,19,PanTHERIA_WR05
Martes flavigula,Carnivora,Mustelidae,2504.64,2.50464,168,14,PanTHERIA_WR05
Martes foina,Carnivora,Mustelidae,1675,1.675,217.2,18.1,PanTHERIA_WR05
Martes martes,Carnivora,Mustelidae,1299.99,1.29999,204,17,PanTHERIA_WR05
Martes pennanti,Carnivora,Mustelidae,3750,3.75,121.76,10.146667,PanTHERIA_WR05
Martes zibellina,Carnivora,Mustelidae,1173.91,1.17391,180,15,PanTHERIA_WR05
Mazama americana,Artiodactyla,Cervidae,20546.86,20.54686,165.6,13.8,PanTHERIA_WR05
Mazama gouazoubira,Artiodactyla,Cervidae,16633.17,16.63317,144,12,PanTHERIA_WR05
Megaderma lyra,Chiroptera,Megadermatidae,39.27,0.03927,168,14,PanTHERIA_WR05
Melogale moschata,Carnivora,Mustelidae,938.5,0.9385,126,10.5,PanTHERIA_WR05
Melursus ursinus,Carnivora,Ursidae,99999.99,99.99999,480,40,PanTHERIA_WR05
Mephitis mephitis,Carnivora,Mephitidae,2399.99,2.39999,155,12.916667,PanTHERIA_WR05
Meriones crassus,Rodentia,Muridae,69.94,0.06994,67.2,5.6,PanTHERIA_WR05
Microtus oeconomus,Rodentia,Cricetidae,33.1,0.0331,21.6,1.8,PanTHERIA_WR05
Microtus oregoni,Rodentia,Cricetidae,20.35,0.02035,15,1.25,PanTHERIA_WR05
Microtus pennsylvanicus,Rodentia,Cricetidae,42.53,0.04253,11,0.91666667,PanTHERIA_WR05
Microtus pinetorum,Rodentia,Cricetidae,25.95,0.02595,33.6,2.8,PanTHERIA_WR05
Microtus richardsoni,Rodentia,Cricetidae,85.5,0.0855,18,1.5,PanTHERIA_WR05
Miniopterus schreibersii,Chiroptera,Vespertilionidae,11.46,0.01146,168,14,PanTHERIA_WR05
Muntiacus muntjak,Artiodactyla,Cervidae,17611.59,17.61159,211.2,17.6,PanTHERIA_WR05
Metachirus nudicaudatus,Didelphimorphia,Didelphidae,363.77,0.36377,48,4,PanTHERIA_WR05
Microcebus murinus,Primates,Cheirogaleidae,69,0.069,186,15.5,PanTHERIA_WR05
Microcebus rufus,Primates,Cheirogaleidae,48.39,0.04839,144,12,PanTHERIA_WR05
Microdipodops megacephalus,Rodentia,Heteromyidae,12.3,0.0123,65,5.4166667,PanTHERIA_WR05
Microgale dobsoni,Afrosoricida,Tenrecidae,36.66,0.03666,67.2,5.6,PanTHERIA_WR05
Microgale talazaci,Afrosoricida,Tenrecidae,43.07,0.04307,70,5.8333333,PanTHERIA_WR05
Micromys minutus,Rodentia,Muridae,6.99,0.00699,60,5,PanTHERIA_WR05
Microtus agrestis,Rodentia,Cricetidae,35.87,0.03587,39.6,3.3,PanTHERIA_WR05
Microtus arvalis,Rodentia,Cricetidae,26.9,0.0269,36,3,PanTHERIA_WR05
Myotis sodalis,Chiroptera,Vespertilionidae,7.15,0.00715,240,20,PanTHERIA_WR05
Myotis thysanodes,Chiroptera,Vespertilionidae,8.49,0.00849,219.6,18.3,PanTHERIA_WR05
Myotis velifer,Chiroptera,Vespertilionidae,9.82,0.00982,135.96,11.33,PanTHERIA_WR05
Myotis vivesi,Chiroptera,Vespertilionidae,25.63,0.02563,120,10,PanTHERIA_WR05
Myotis volans,Chiroptera,Vespertilionidae,8.71,0.00871,51,4.25,PanTHERIA_WR05
Myotis yumanensis,Chiroptera,Vespertilionidae,5.15,0.00515,105.96,8.83,PanTHERIA_WR05
Myrmecobius fasciatus,Dasyuromorphia,Myrmecobiidae,511.44,0.51144,72,6,PanTHERIA_WR05
Myrmecophaga tridactyla,Pilosa,Myrmecophagidae,29531.83,29.53183,312,26,PanTHERIA_WR05
Mystromys albicaudatus,Rodentia,Nesomyidae,86.85,0.08685,72,6,PanTHERIA_WR05
Naemorhedus baileyi,Artiodactyla,Bovidae,28863.45,28.86345,219,18.25,PanTHERIA_WR05
Naemorhedus caudatus,Artiodactyla,Bovidae,26999.99,26.99999,108.96,9.08,PanTHERIA_WR05
Naemorhedus goral,Artiodactyla,Bovidae,28796.51,28.79651,211.2,17.6,PanTHERIA_WR05
Nandinia binotata,Carnivora,Nandiniidae,2167.2,2.1672,222,18.5,PanTHERIA_WR05
Microtus guentheri,Rodentia,Cricetidae,49.99,0.04999,46.8,3.9,PanTHERIA_WR05
Mus minutoides,Rodentia,Muridae,6.43,0.00643,37.2,3.1,PanTHERIA_WR05
Mus musculus,Rodentia,Muridae,19.3,0.0193,72,6,PanTHERIA_WR05
Muscardinus avellanarius,Rodentia,Gliridae,29.19,0.02919,72,6,PanTHERIA_WR05
Mustela erminea,Carnivora,Mustelidae,284.5,0.2845,85.23,7.1025,PanTHERIA_WR05
Mustela frenata,Carnivora,Mustelidae,190.03,0.19003,85.23,7.1025,PanTHERIA_WR05
Mustela lutreola,Carnivora,Mustelidae,566.44,0.56644,120,10,PanTHERIA_WR05
Mustela nigripes,Carnivora,Mustelidae,907.1,0.9071,144,12,PanTHERIA_WR05
Mustela nivalis,Carnivora,Mustelidae,78.45,0.07845,120,10,PanTHERIA_WR05
Mustela putorius,Carnivora,Mustelidae,975.55,0.97555,168,14,PanTHERIA_WR05
Mustela sibirica,Carnivora,Mustelidae,530.85,0.53085,106,8.8333333,PanTHERIA_WR05
Myocastor coypus,Rodentia,Myocastoridae,6361.55,6.36155,144,12,PanTHERIA_WR05
Myodes gapperi,Rodentia,Cricetidae,19.83,0.01983,20,1.6666667,PanTHERIA_WR05
Myodes glareolus,Rodentia,Cricetidae,20.73,0.02073,58.8,4.9,PanTHERIA_WR05
Myodes smithii,Rodentia,Cricetidae,34.94,0.03494,42,3.5,PanTHERIA_WR05
Myoprocta acouchy,Rodentia,Dasyproctidae,954.87,0.95487,120,10,PanTHERIA_WR05
Myopus schisticolor,Rodentia,Cricetidae,29.99,0.02999,12,1,PanTHERIA_WR05
Myosorex varius,Soricomorpha,Soricidae,11.68,0.01168,12,1,PanTHERIA_WR05
Myotis auriculus,Chiroptera,Vespertilionidae,38.04,0.03804,38,3.1666667,PanTHERIA_WR05
Myotis austroriparius,Chiroptera,Vespertilionidae,7.35,0.00735,72,6,PanTHERIA_WR05
Myotis bechsteinii,Chiroptera,Vespertilionidae,9.47,0.00947,252,21,PanTHERIA_WR05
Myotis blythii,Chiroptera,Vespertilionidae,23.82,0.02382,237.99,19.8325,PanTHERIA_WR05
Myotis californicus,Chiroptera,Vespertilionidae,4.39,0.00439,180,15,PanTHERIA_WR05
Myotis dasycneme,Chiroptera,Vespertilionidae,15.16,0.01516,234,19.5,PanTHERIA_WR05
Myotis daubentonii,Chiroptera,Vespertilionidae,7.63,0.00763,336,28,PanTHERIA_WR05
Myotis emarginatus,Chiroptera,Vespertilionidae,7.56,0.00756,216,18,PanTHERIA_WR05
Myotis grisescens,Chiroptera,Vespertilionidae,10.84,0.01084,471.24,39.27,PanTHERIA_WR05
Myotis keenii,Chiroptera,Vespertilionidae,6.51,0.00651,222,18.5,PanTHERIA_WR05
Myotis lucifugus,Chiroptera,Vespertilionidae,7.8,0.0078,408,34,PanTHERIA_WR05
Myotis myotis,Chiroptera,Vespertilionidae,25.59,0.02559,264,22,PanTHERIA_WR05
Myotis nattereri,Chiroptera,Vespertilionidae,7.25,0.00725,180,15,PanTHERIA_WR05
Nanger dama,Artiodactyla,Bovidae,71424.81,71.42481,207.96,17.33,PanTHERIA_WR05
Nanger granti,Artiodactyla,Bovidae,55464.46,55.46446,152.04,12.67,PanTHERIA_WR05
Nanger soemmerringii,Artiodactyla,Bovidae,41582.93,41.58293,186,15.5,PanTHERIA_WR05
Napaeozapus insignis,Rodentia,Dipodidae,22.25,0.02225,48,4,PanTHERIA_WR05
Nasalis larvatus,Primates,Cercopithecidae,12265.65,12.26565,252,21,PanTHERIA_WR05
Nasua narica,Carnivora,Procyonidae,4578.43,4.57843,212,17.666667,PanTHERIA_WR05
Nasua nasua,Carnivora,Procyonidae,3775.5,3.7755,212.4,17.7,PanTHERIA_WR05
Natalus stramineus,Chiroptera,Natalidae,5.68,0.00568,57.96,4.83,PanTHERIA_WR05
Neofelis nebulosa,Carnivora,Felidae,14945.05,14.94505,204,17,PanTHERIA_WR05
Neomys anomalus,Soricomorpha,Soricidae,13.19,0.01319,24,2,PanTHERIA_WR05
Neomys fodiens,Soricomorpha,Soricidae,15.26,0.01526,36,3,PanTHERIA_WR05
Neophoca cinerea,Carnivora,Otariidae,189274.99,189.27499,192,16,PanTHERIA_WR05
Neophocaena phocaenoides,Cetacea,Phocoenidae,32500,32.5,276,23,PanTHERIA_WR05
Neotoma albigula,Rodentia,Cricetidae,208.18,0.20818,92.4,7.7,PanTHERIA_WR05
Neotoma floridana,Rodentia,Cricetidae,249.16,0.24916,36,3,PanTHERIA_WR05
Ochotona alpina,Lagomorpha,Ochotonidae,150,0.15,36,3,PanTHERIA_WR05
Ochotona cansus,Lagomorpha,Ochotonidae,68.75,0.06875,60,5,PanTHERIA_WR05
Ochotona collaris,Lagomorpha,Ochotonidae,129,0.129,72,6,PanTHERIA_WR05
Ochotona princeps,Lagomorpha,Ochotonidae,157.63,0.15763,84,7,PanTHERIA_WR05
Ochotona pusilla,Lagomorpha,Ochotonidae,142.5,0.1425,48,4,PanTHERIA_WR05
Pelea capreolus,Artiodactyla,Bovidae,22731.33,22.73133,147.96,12.33,PanTHERIA_WR05
Okapia johnstoni,Artiodactyla,Giraffidae,230001.14,230.00114,396,33,PanTHERIA_WR05
Ommatophoca rossii,Carnivora,Phocidae,208252.12,208.25212,252,21,PanTHERIA_WR05
Ondatra zibethicus,Rodentia,Cricetidae,991.31,0.99131,120,10,PanTHERIA_WR05
Onychogalea fraenata,Diprotodontia,Macropodidae,4952.05,4.95205,60,5,PanTHERIA_WR05
Oryzomys galapagoensis,Rodentia,Cricetidae,63.51,0.06351,20,1.6666667,PanTHERIA_WR05
Oryzomys megacephalus,Rodentia,Cricetidae,57,0.057,45,3.75,PanTHERIA_WR05
Oryzomys palustris,Rodentia,Cricetidae,53.26,0.05326,28.5,2.375,PanTHERIA_WR05
Neotoma micropus,Rodentia,Cricetidae,255.14,0.25514,27,2.25,PanTHERIA_WR05
Neotragus batesi,Artiodactyla,Bovidae,2967.45,2.96745,168,14,PanTHERIA_WR05
Neotragus moschatus,Artiodactyla,Bovidae,5639.01,5.63901,168,14,PanTHERIA_WR05
Neotragus pygmaeus,Artiodactyla,Bovidae,3913.68,3.91368,168,14,PanTHERIA_WR05
Ningaui ridei,Dasyuromorphia,Dasyuridae,9.42,0.00942,24,2,PanTHERIA_WR05
Ningaui timealeyi,Dasyuromorphia,Dasyuridae,6.37,0.00637,24,2,PanTHERIA_WR05
Nomascus concolor,Primates,Hylobatidae,6410.47,6.41047,529.2,44.1,PanTHERIA_WR05
Notiosorex crawfordi,Soricomorpha,Soricidae,4.79,0.00479,15,1.25,PanTHERIA_WR05
Notomys alexis,Rodentia,Muridae,32.34,0.03234,62.4,5.2,PanTHERIA_WR05
Notoryctes typhlops,Notoryctemorphia,Notoryctidae,55,0.055,18,1.5,PanTHERIA_WR05
Nyctalus noctula,Chiroptera,Vespertilionidae,28.48,0.02848,144,12,PanTHERIA_WR05
Nyctereutes procyonoides,Carnivora,Canidae,4214.99,4.21499,168,14,PanTHERIA_WR05
Nycticebus coucang,Primates,Lorisidae,924.55,0.92455,318,26.5,PanTHERIA_WR05
Nycticeius humeralis,Chiroptera,Vespertilionidae,9.12,0.00912,60,5,PanTHERIA_WR05
Nyctomys sumichrasti,Rodentia,Cricetidae,59.99,0.05999,62.4,5.2,PanTHERIA_WR05
Ochrotomys nuttalli,Rodentia,Cricetidae,22.81,0.02281,30,2.5,PanTHERIA_WR05
Octodon degus,Rodentia,Octodontidae,203.27,0.20327,85.2,7.1,PanTHERIA_WR05
Octodontomys gliroides,Rodentia,Octodontidae,155.77,0.15577,88,7.3333333,PanTHERIA_WR05
Odobenus rosmarus,Carnivora,Odobenidae,1042996.2,1042.9962,480,40,PanTHERIA_WR05
Odocoileus hemionus,Artiodactyla,Cervidae,84560.57,84.56057,264,22,PanTHERIA_WR05
Odocoileus virginianus,Artiodactyla,Cervidae,75901.25,75.90125,276,23,PanTHERIA_WR05
Onychomys leucogaster,Rodentia,Cricetidae,27.92,0.02792,60,5,PanTHERIA_WR05
Onychomys torridus,Rodentia,Cricetidae,21.68,0.02168,55.2,4.6,PanTHERIA_WR05
Orcinus orca,Cetacea,Delphinidae,5628758.7,5628.7587,1200,100,PanTHERIA_WR05
Oreamnos americanus,Artiodactyla,Bovidae,72105.4,72.1054,230.04,19.17,PanTHERIA_WR05
Oreotragus oreotragus,Artiodactyla,Bovidae,13486.55,13.48655,213.96,17.83,PanTHERIA_WR05
Ornithorhynchus anatinus,Monotremata,Ornithorhynchidae,1484.25,1.48425,264,22,PanTHERIA_WR05
Orycteropus afer,Tubulidentata,Orycteropodidae,56175.2,56.1752,288,24,PanTHERIA_WR05
Oryctolagus cuniculus,Lagomorpha,Leporidae,1590.57,1.59057,216,18,PanTHERIA_WR05
Oryx beisa,Artiodactyla,Bovidae,200576.52,200.57652,240,20,PanTHERIA_WR05
Oryx dammah,Artiodactyla,Bovidae,199798.95,199.79895,245.04,20.42,PanTHERIA_WR05
Oryx gazella,Artiodactyla,Bovidae,188404.45,188.40445,240,20,PanTHERIA_WR05
Oryx leucoryx,Artiodactyla,Bovidae,75788.24,75.78824,240,20,PanTHERIA_WR05
Otaria flavescens,Carnivora,Otariidae,193670.53,193.67053,297.6,24.8,PanTHERIA_WR05
Otocyon megalotis,Carnivora,Canidae,4098.12,4.09812,165.6,13.8,PanTHERIA_WR05
Otolemur crassicaudatus,Primates,Galagidae,1206.61,1.20661,225.6,18.8,PanTHERIA_WR05
Otolemur garnettii,Primates,Galagidae,811.17,0.81117,204,17,PanTHERIA_WR05
Ourebia ourebi,Artiodactyla,Bovidae,17186.09,17.18609,189.96,15.83,PanTHERIA_WR05
Ovibos moschatus,Artiodactyla,Bovidae,312500,312.5,288,24,PanTHERIA_WR05
Ovis ammon,Artiodactyla,Bovidae,113998.72,113.99872,180.96,15.08,PanTHERIA_WR05
Ovis aries,Artiodactyla,Bovidae,39097.89,39.09789,230.04,19.17,PanTHERIA_WR05
Ovis canadensis,Artiodactyla,Bovidae,74644.87,74.64487,288,24,PanTHERIA_WR05
Ovis dalli,Artiodactyla,Bovidae,70194.13,70.19413,192,16,PanTHERIA_WR05
Oxymycterus rufus,Rodentia,Cricetidae,82.01,0.08201,31.2,2.6,PanTHERIA_WR05
Pachyuromys duprasi,Rodentia,Muridae,47.5,0.0475,52.8,4.4,PanTHERIA_WR05
Pagophilus groenlandicus,Carnivora,Phocidae,132250,132.25,504,42,PanTHERIA_WR05
Paguma larvata,Carnivora,Viverridae,4300,4.3,216,18,PanTHERIA_WR05
Pan paniscus,Primates,Hominidae,35119.95,35.11995,576,48,PanTHERIA_WR05
Pan troglodytes,Primates,Hominidae,45000,45,720,60,PanTHERIA_WR05
Panthera leo,Carnivora,Felidae,158623.93,158.62393,360,30,PanTHERIA_WR05
Panthera onca,Carnivora,Felidae,83943.09,83.94309,276,23,PanTHERIA_WR05
Panthera pardus,Carnivora,Felidae,52399.99,52.39999,276,23,PanTHERIA_WR05
Panthera tigris,Carnivora,Felidae,161914.66,161.91466,315.6,26.3,PanTHERIA_WR05
Phocoena phocoena,Cetacea,Phocoenidae,52730.93,52.73093,180,15,PanTHERIA_WR05
Phocoenoides dalli,Cetacea,Phocoenidae,106042.53,106.04253,264,22,PanTHERIA_WR05
Phodopus campbelli,Rodentia,Cricetidae,27.06,0.02706,21.5,1.7916667,PanTHERIA_WR05
Phodopus sungorus,Rodentia,Cricetidae,30.43,0.03043,38.4,3.2,PanTHERIA_WR05
Papio anubis,Primates,Cercopithecidae,17728.56,17.72856,302.4,25.2,PanTHERIA_WR05
Papio cynocephalus,Primates,Cercopithecidae,15822.15,15.82215,540,45,PanTHERIA_WR05
Papio hamadryas,Primates,Cercopithecidae,14007.08,14.00708,450,37.5,PanTHERIA_WR05
Papio papio,Primates,Cercopithecidae,18026.05,18.02605,480,40,PanTHERIA_WR05
Papio ursinus,Primates,Cercopithecidae,17729.44,17.72944,540,45,PanTHERIA_WR05
Paradoxurus hermaphroditus,Carnivora,Viverridae,3200,3.2,269,22.416667,PanTHERIA_WR05
Paradoxurus jerdoni,Carnivora,Viverridae,3530.33,3.53033,144,12,PanTHERIA_WR05
Paraechinus aethiopicus,Erinaceomorpha,Erinaceidae,352.4,0.3524,54,4.5,PanTHERIA_WR05
Parantechinus apicalis,Dasyuromorphia,Dasyuridae,71.31,0.07131,36,3,PanTHERIA_WR05
Parascalops breweri,Soricomorpha,Talpidae,51.11,0.05111,60,5,PanTHERIA_WR05
Pecari tajacu,Artiodactyla,Tayassuidae,21133.69,21.13369,296.4,24.7,PanTHERIA_WR05
Pectinator spekei,Rodentia,Ctenodactylidae,169.7,0.1697,120,10,PanTHERIA_WR05
Pedetes capensis,Rodentia,Pedetidae,2549.25,2.54925,174,14.5,PanTHERIA_WR05
Peponocephala electra,Cetacea,Delphinidae,206000,206,564,47,PanTHERIA_WR05
Perameles gunnii,Peramelemorphia,Peramelidae,903.46,0.90346,66,5.5,PanTHERIA_WR05
Perodicticus potto,Primates,Lorisidae,1081.81,1.08181,312,26,PanTHERIA_WR05
Perognathus flavus,Rodentia,Heteromyidae,7.97,0.00797,60,5,PanTHERIA_WR05
Perognathus longimembris,Rodentia,Heteromyidae,8.07,0.00807,99.6,8.3,PanTHERIA_WR05
Perognathus merriami,Rodentia,Heteromyidae,6.94,0.00694,30,2.5,PanTHERIA_WR05
Perognathus parvus,Rodentia,Heteromyidae,21.56,0.02156,48,4,PanTHERIA_WR05
Peromyscus attwateri,Rodentia,Cricetidae,27.9,0.0279,18,1.5,PanTHERIA_WR05
Peromyscus boylii,Rodentia,Cricetidae,23.9,0.0239,18,1.5,PanTHERIA_WR05
Peromyscus gossypinus,Rodentia,Cricetidae,27.68,0.02768,15.5,1.2916667,PanTHERIA_WR05
Peromyscus leucopus,Rodentia,Cricetidae,18.07,0.01807,38,3.1666667,PanTHERIA_WR05
Pteronura brasiliensis,Carnivora,Mustelidae,26000,26,154,12.833333,PanTHERIA_WR05
Peroryctes raffrayana,Peramelemorphia,Peramelidae,905.63,0.90563,39.6,3.3,PanTHERIA_WR05
Petaurista petaurista,Rodentia,Sciuridae,1533.84,1.53384,192,16,PanTHERIA_WR05
Petauroides volans,Diprotodontia,Pseudocheiridae,1257.17,1.25717,180,15,PanTHERIA_WR05
Petaurus australis,Diprotodontia,Petauridae,567.15,0.56715,192,16,PanTHERIA_WR05
Petaurus breviceps,Diprotodontia,Petauridae,120.76,0.12076,168,14,PanTHERIA_WR05
Petaurus norfolcensis,Diprotodontia,Petauridae,230,0.23,144,12,PanTHERIA_WR05
Petrogale assimilis,Diprotodontia,Macropodidae,4618.88,4.61888,156,13,PanTHERIA_WR05
Petrogale concinna,Diprotodontia,Macropodidae,1398.2,1.3982,204,17,PanTHERIA_WR05
Petrogale lateralis,Diprotodontia,Macropodidae,4567.88,4.56788,144,12,PanTHERIA_WR05
Petrogale penicillata,Diprotodontia,Macropodidae,6931.6,6.9316,172.8,14.4,PanTHERIA_WR05
Petrogale xanthopus,Diprotodontia,Macropodidae,8499.99,8.49999,144,12,PanTHERIA_WR05
Phacochoerus aethiopicus,Artiodactyla,Suidae,75607.52,75.60752,225.6,18.8,PanTHERIA_WR05
Phacochoerus africanus,Artiodactyla,Suidae,82499.99,82.49999,180,15,PanTHERIA_WR05
Phalanger gymnotis,Diprotodontia,Phalangeridae,2597.89,2.59789,144,12,PanTHERIA_WR05
Phalanger orientalis,Diprotodontia,Phalangeridae,2487.5,2.4875,48,4,PanTHERIA_WR05
Phaner furcifer,Primates,Cheirogaleidae,409.87,0.40987,144,12,PanTHERIA_WR05
Phascogale calura,Dasyuromorphia,Dasyuridae,43.03,0.04303,36,3,PanTHERIA_WR05
Phascogale tapoatafa,Dasyuromorphia,Dasyuridae,192.65,0.19265,60,5,PanTHERIA_WR05
Phascolarctos cinereus,Diprotodontia,Phascolarctidae,6528.74,6.52874,240,20,PanTHERIA_WR05
Philander opossum,Didelphimorphia,Didelphidae,425.81,0.42581,42,3.5,PanTHERIA_WR05
Philantomba maxwellii,Artiodactyla,Bovidae,8557.69,8.55769,147,12.25,PanTHERIA_WR05
Philantomba monticola,Artiodactyla,Bovidae,4896.05,4.89605,144,12,PanTHERIA_WR05
Phoca largha,Carnivora,Phocidae,98879.18,98.87918,426.13,35.510833,PanTHERIA_WR05
Phoca vitulina,Carnivora,Phocidae,87316.66,87.31666,480,40,PanTHERIA_WR05
Phyllostomus hastatus,Chiroptera,Phyllostomidae,91.44,0.09144,120,10,PanTHERIA_WR05
Proechimys guyannensis,Rodentia,Echimyidae,314.03,0.31403,57.6,4.8,PanTHERIA_WR05
Proechimys semispinosus,Rodentia,Echimyidae,353.32,0.35332,31,2.5833333,PanTHERIA_WR05
Prolemur simus,Primates,Lemuridae,2030.41,2.03041,144,12,PanTHERIA_WR05
Propithecus verreauxi,Primates,Indriidae,3588.26,3.58826,247.2,20.6,PanTHERIA_WR05
Ptenochirus jagori,Chiroptera,Pteropodidae,79.18,0.07918,96,8,PanTHERIA_WR05
Pteromys volans,Rodentia,Sciuridae,143.09,0.14309,45.6,3.8,PanTHERIA_WR05
Pteropus dasymallus,Chiroptera,Pteropodidae,491.86,0.49186,372,31,PanTHERIA_WR05
Pteropus giganteus,Chiroptera,Pteropodidae,824.85,0.82485,376.8,31.4,PanTHERIA_WR05
Rhynchocyon chrysopygus,Macroscelidea,Macroscelididae,535.2,0.5352,48,4,PanTHERIA_WR05
Rousettus aegyptiacus,Chiroptera,Pteropodidae,134,0.134,274.8,22.9,PanTHERIA_WR05
Sorex minutus,Soricomorpha,Soricidae,4.32,0.00432,24,2,PanTHERIA_WR05
Sorex monticolus,Soricomorpha,Soricidae,6.92,0.00692,16,1.3333333,PanTHERIA_WR05
Sorex ornatus,Soricomorpha,Soricidae,5.31,0.00531,17,1.4166667,PanTHERIA_WR05
Physeter catodon,Cetacea,Physeteridae,14540960,14540.96,924,77,PanTHERIA_WR05
Pseudorca crassidens,Cetacea,Delphinidae,1360000,1360,264,22,PanTHERIA_WR05
Pipistrellus hesperus,Chiroptera,Vespertilionidae,3.56,0.00356,72.99,6.0825,PanTHERIA_WR05
Pipistrellus nathusii,Chiroptera,Vespertilionidae,7.44,0.00744,96,8,PanTHERIA_WR05
Pipistrellus pipistrellus,Chiroptera,Vespertilionidae,5.3,0.0053,200.4,16.7,PanTHERIA_WR05
Pipistrellus subflavus,Chiroptera,Vespertilionidae,5.74,0.00574,180,15,PanTHERIA_WR05
Pithecia aequatorialis,Primates,Pitheciidae,2375.91,2.37591,178.8,14.9,PanTHERIA_WR05
Pithecia monachus,Primates,Pitheciidae,2109.55,2.10955,295.2,24.6,PanTHERIA_WR05
Pithecia pithecia,Primates,Pitheciidae,1667.19,1.66719,248.4,20.7,PanTHERIA_WR05
Plagiodontia aedium,Rodentia,Capromyidae,1268.86,1.26886,118.8,9.9,PanTHERIA_WR05
Planigale gilesi,Dasyuromorphia,Dasyuridae,9.34,0.00934,60,5,PanTHERIA_WR05
Planigale ingrami,Dasyuromorphia,Dasyuridae,6.27,0.00627,15.6,1.3,PanTHERIA_WR05
Planigale maculata,Dasyuromorphia,Dasyuridae,12,0.012,48,4,PanTHERIA_WR05
Planigale tenuirostris,Dasyuromorphia,Dasyuridae,6.27,0.00627,36,3,PanTHERIA_WR05
Platanista gangetica,Cetacea,Platanistidae,93481.96,93.48196,336,28,PanTHERIA_WR05
Platanista minor,Cetacea,Platanistidae,75990.24,75.99024,336,28,PanTHERIA_WR05
Platyrrhinus lineatus,Chiroptera,Phyllostomidae,24.34,0.02434,122.4,10.2,PanTHERIA_WR05
Plecotus auritus,Chiroptera,Vespertilionidae,8.19,0.00819,360,30,PanTHERIA_WR05
Plecotus austriacus,Chiroptera,Vespertilionidae,6.75,0.00675,180,15,PanTHERIA_WR05
Podomys floridanus,Rodentia,Cricetidae,30.74,0.03074,88,7.3333333,PanTHERIA_WR05
Poecilogale albinucha,Carnivora,Mustelidae,308.16,0.30816,62.4,5.2,PanTHERIA_WR05
Pogonomys macrourus,Rodentia,Muridae,46.98,0.04698,29,2.4166667,PanTHERIA_WR05
Poiana richardsonii,Carnivora,Viverridae,570.08,0.57008,64,5.3333333,PanTHERIA_WR05
Pongo pygmaeus,Primates,Hominidae,53408.29,53.40829,720,60,PanTHERIA_WR05
Pontoporia blainvillei,Cetacea,Iniidae,40499.99,40.49999,192,16,PanTHERIA_WR05
Potamochoerus porcus,Artiodactyla,Suidae,70000.31,70.00031,240,20,PanTHERIA_WR05
Potorous longipes,Diprotodontia,Potoroidae,1835.06,1.83506,120,10,PanTHERIA_WR05
Potorous tridactylus,Diprotodontia,Potoroidae,1054.67,1.05467,144,12,PanTHERIA_WR05
Potos flavus,Carnivora,Procyonidae,2441.81,2.44181,348,29,PanTHERIA_WR05
Praomys tullbergi,Rodentia,Muridae,37.1,0.0371,62.4,5.2,PanTHERIA_WR05
Presbytis melalophos,Primates,Cercopithecidae,6439.12,6.43912,192,16,PanTHERIA_WR05
Priodontes maximus,Cingulata,Dasypodidae,40641.89,40.64189,180,15,PanTHERIA_WR05
Prionailurus bengalensis,Carnivora,Felidae,2780.97,2.78097,180,15,PanTHERIA_WR05
Prionailurus viverrinus,Carnivora,Felidae,8826.46,8.82646,120,10,PanTHERIA_WR05
Prionodon linsang,Carnivora,Viverridae,684.83,0.68483,128.4,10.7,PanTHERIA_WR05
Procapra gutturosa,Artiodactyla,Bovidae,28274.27,28.27427,84,7,PanTHERIA_WR05
Procavia capensis,Hyracoidea,Procaviidae,2952.48,2.95248,168,14,PanTHERIA_WR05
Procyon cancrivorus,Carnivora,Procyonidae,6931.72,6.93172,168,14,PanTHERIA_WR05
Procyon lotor,Carnivora,Procyonidae,6373.72,6.37372,252,21,PanTHERIA_WR05
Proteles cristata,Carnivora,Hyaenidae,8139.39,8.13939,300,25,PanTHERIA_WR05
Protoxerus stangeri,Rodentia,Sciuridae,630.43,0.63043,61.2,5.1,PanTHERIA_WR05
Przewalskium albirostris,Artiodactyla,Cervidae,161681.9,161.6819,216,18,PanTHERIA_WR05
Pseudantechinus bilarni,Dasyuromorphia,Dasyuridae,23.05,0.02305,36,3,PanTHERIA_WR05
Pseudantechinus macdonnellensis,Dasyuromorphia,Dasyuridae,36.88,0.03688,36,3,PanTHERIA_WR05
Pseudantechinus ningbing,Dasyuromorphia,Dasyuridae,20.74,0.02074,24,2,PanTHERIA_WR05
Pseudantechinus woolleyae,Dasyuromorphia,Dasyuridae,43.23,0.04323,48,4,PanTHERIA_WR05
Pseudocheirus peregrinus,Diprotodontia,Pseudocheiridae,895.22,0.89522,96,8,PanTHERIA_WR05
Pseudois nayaur,Artiodactyla,Bovidae,52334.57,52.33457,288,24,PanTHERIA_WR05
Pseudomys australis,Rodentia,Muridae,52.97,0.05297,67.2,5.6,PanTHERIA_WR05
Pteropus rodricensis,Chiroptera,Pteropodidae,256.17,0.25617,360,30,PanTHERIA_WR05
Ptilocercus lowii,Scandentia,Ptilocercidae,42.5,0.0425,32.4,2.7,PanTHERIA_WR05
Pudu mephistophiles,Artiodactyla,Cervidae,9599.96,9.59996,120,10,PanTHERIA_WR05
Pudu puda,Artiodactyla,Cervidae,9642.62,9.64262,150,12.5,PanTHERIA_WR05
Puma concolor,Carnivora,Felidae,53954.05,53.95405,240,20,PanTHERIA_WR05
Puma yagouaroundi,Carnivora,Felidae,6875,6.875,127.83,10.6525,PanTHERIA_WR05
Pusa caspica,Carnivora,Phocidae,62326.2,62.3262,600,50,PanTHERIA_WR05
Pusa hispida,Carnivora,Phocidae,70963.6,70.9636,552,46,PanTHERIA_WR05
Rusa unicolor,Artiodactyla,Cervidae,177522.9,177.5229,317.04,26.42,PanTHERIA_WR05
Pusa sibirica,Carnivora,Phocidae,89499.99,89.49999,672,56,PanTHERIA_WR05
Pygathrix nemaeus,Primates,Cercopithecidae,9411.1,9.4111,300,25,PanTHERIA_WR05
Rucervus eldii,Artiodactyla,Cervidae,95471.61,95.47161,232.8,19.4,PanTHERIA_WR05
Rupicapra rupicapra,Artiodactyla,Bovidae,33266.35,33.26635,264,22,PanTHERIA_WR05
Saccostomus campestris,Rodentia,Nesomyidae,50.33,0.05033,33.6,2.8,PanTHERIA_WR05
Saguinus fuscicollis,Primates,Cebidae,393.99,0.39399,294,24.5,PanTHERIA_WR05
Rangifer tarandus,Artiodactyla,Cervidae,109088.5,109.0885,242.4,20.2,PanTHERIA_WR05
Raphicerus campestris,Artiodactyla,Bovidae,11661.53,11.66153,168,14,PanTHERIA_WR05
Raphicerus melanotis,Artiodactyla,Bovidae,10503.14,10.50314,168,14,PanTHERIA_WR05
Raphicerus sharpei,Artiodactyla,Bovidae,9396.9,9.3969,168,14,PanTHERIA_WR05
Rattus fuscipes,Rodentia,Muridae,124.58,0.12458,41,3.4166667,PanTHERIA_WR05
Rattus lutreolus,Rodentia,Muridae,106,0.106,29,2.4166667,PanTHERIA_WR05
Rattus rattus,Rodentia,Muridae,142.68,0.14268,50.4,4.2,PanTHERIA_WR05
Ratufa bicolor,Rodentia,Sciuridae,1609.08,1.60908,121,10.083333,PanTHERIA_WR05
Redunca arundinum,Artiodactyla,Bovidae,58059.24,58.05924,201,16.75,PanTHERIA_WR05
Redunca fulvorufula,Artiodactyla,Bovidae,29352.66,29.35266,147.96,12.33,PanTHERIA_WR05
Redunca redunca,Artiodactyla,Bovidae,43288.95,43.28895,216,18,PanTHERIA_WR05
Reithrodon auritus,Rodentia,Cricetidae,79.73,0.07973,66,5.5,PanTHERIA_WR05
Reithrodontomys humulis,Rodentia,Cricetidae,8.25,0.00825,26.89,2.2408333,PanTHERIA_WR05
Reithrodontomys megalotis,Rodentia,Cricetidae,10.72,0.01072,18,1.5,PanTHERIA_WR05
Reithrodontomys raviventris,Rodentia,Cricetidae,10.95,0.01095,31,2.5833333,PanTHERIA_WR05
Rhabdomys pumilio,Rodentia,Muridae,40.73,0.04073,34.8,2.9,PanTHERIA_WR05
Rhinoceros sondaicus,Perissodactyla,Rhinocerotidae,1750000,1750,480,40,PanTHERIA_WR05
Rhinoceros unicornis,Perissodactyla,Rhinocerotidae,1843655.8,1843.6558,588,49,PanTHERIA_WR05
Rhinolophus ferrumequinum,Chiroptera,Rhinolophidae,22.59,0.02259,360,30,PanTHERIA_WR05
Rhinolophus hipposideros,Chiroptera,Rhinolophidae,4.57,0.00457,252,21,PanTHERIA_WR05
Rhinolophus rouxii,Chiroptera,Rhinolophidae,12.25,0.01225,60,5,PanTHERIA_WR05
Saguinus imperator,Primates,Cebidae,407.91,0.40791,242.4,20.2,PanTHERIA_WR05
Saguinus midas,Primates,Cebidae,540.56,0.54056,184.8,15.4,PanTHERIA_WR05
Saguinus nigricollis,Primates,Cebidae,450,0.45,182.4,15.2,PanTHERIA_WR05
Saguinus oedipus,Primates,Cebidae,462.04,0.46204,277.2,23.1,PanTHERIA_WR05
Saiga tatarica,Artiodactyla,Bovidae,37734.01,37.73401,144,12,PanTHERIA_WR05
Spalax leucodon,Rodentia,Spalacidae,188.67,0.18867,54,4.5,PanTHERIA_WR05
Speothos venaticus,Carnivora,Canidae,6324.54,6.32454,124,10.333333,PanTHERIA_WR05
Spermophilus armatus,Rodentia,Sciuridae,306.48,0.30648,60,5,PanTHERIA_WR05
Spermophilus beecheyi,Rodentia,Sciuridae,597.82,0.59782,60,5,PanTHERIA_WR05
Sorex trowbridgii,Soricomorpha,Soricidae,5.02,0.00502,18,1.5,PanTHERIA_WR05
Sorex unguiculatus,Soricomorpha,Soricidae,14.11,0.01411,18,1.5,PanTHERIA_WR05
Sorex vagrans,Soricomorpha,Soricidae,5.99,0.00599,25,2.0833333,PanTHERIA_WR05
Saimiri sciureus,Primates,Cebidae,749.47,0.74947,324,27,PanTHERIA_WR05
Salanoia concolor,Carnivora,Eupleridae,711.49,0.71149,57.6,4.8,PanTHERIA_WR05
Sarcophilus harrisii,Dasyuromorphia,Dasyuridae,8202.25,8.20225,98.4,8.2,PanTHERIA_WR05
Scalopus aquaticus,Soricomorpha,Talpidae,87.15,0.08715,74.4,6.2,PanTHERIA_WR05
Scapanus latimanus,Soricomorpha,Talpidae,62.46,0.06246,36,3,PanTHERIA_WR05
Scapanus orarius,Soricomorpha,Talpidae,62.13,0.06213,36,3,PanTHERIA_WR05
Sciurus carolinensis,Rodentia,Sciuridae,545.4,0.5454,288,24,PanTHERIA_WR05
Sciurus vulgaris,Rodentia,Sciuridae,333,0.333,144,12,PanTHERIA_WR05
Sekeetamys calurus,Rodentia,Muridae,56.61,0.05661,64.8,5.4,PanTHERIA_WR05
Semnopithecus entellus,Primates,Cercopithecidae,12679.29,12.67929,300,25,PanTHERIA_WR05
Setifer setosus,Afrosoricida,Tenrecidae,263.22,0.26322,126,10.5,PanTHERIA_WR05
Setonix brachyurus,Diprotodontia,Macropodidae,3027.67,3.02767,144,12,PanTHERIA_WR05
Sicista betulina,Rodentia,Dipodidae,8.92,0.00892,48,4,PanTHERIA_WR05
Sigmodon hispidus,Rodentia,Cricetidae,110.65,0.11065,62.4,5.2,PanTHERIA_WR05
Sminthopsis crassicaudata,Dasyuromorphia,Dasyuridae,15.98,0.01598,51.6,4.3,PanTHERIA_WR05
Sminthopsis dolichura,Dasyuromorphia,Dasyuridae,14.39,0.01439,38.04,3.17,PanTHERIA_WR05
Sminthopsis leucopus,Dasyuromorphia,Dasyuridae,23.36,0.02336,30,2.5,PanTHERIA_WR05
Sminthopsis longicaudata,Dasyuromorphia,Dasyuridae,18,0.018,60,5,PanTHERIA_WR05
Sminthopsis macroura,Dasyuromorphia,Dasyuridae,23.56,0.02356,58.8,4.9,PanTHERIA_WR05
Sminthopsis murina,Dasyuromorphia,Dasyuridae,17,0.017,24,2,PanTHERIA_WR05
Sminthopsis ooldea,Dasyuromorphia,Dasyuridae,12.19,0.01219,36,3,PanTHERIA_WR05
Sminthopsis psammophila,Dasyuromorphia,Dasyuridae,33.5,0.0335,60,5,PanTHERIA_WR05
Sminthopsis virginiae,Dasyuromorphia,Dasyuridae,35.24,0.03524,24,2,PanTHERIA_WR05
Solenodon cubanus,Soricomorpha,Solenodontidae,824.62,0.82462,78,6.5,PanTHERIA_WR05
Solenodon paradoxus,Soricomorpha,Solenodontidae,899.99,0.89999,136,11.333333,PanTHERIA_WR05
Sorex alpinus,Soricomorpha,Soricidae,8.04,0.00804,15.6,1.3,PanTHERIA_WR05
Sorex araneus,Soricomorpha,Soricidae,9.18,0.00918,24,2,PanTHERIA_WR05
Sorex arcticus,Soricomorpha,Soricidae,8.19,0.00819,18,1.5,PanTHERIA_WR05
Sorex caecutiens,Soricomorpha,Soricidae,6.3,0.0063,24,2,PanTHERIA_WR05
Sorex cinereus,Soricomorpha,Soricidae,4.2,0.0042,23,1.9166667,PanTHERIA_WR05
Sorex coronatus,Soricomorpha,Soricidae,9.32,0.00932,13.5,1.125,PanTHERIA_WR05
Sorex fumeus,Soricomorpha,Soricidae,7.83,0.00783,15.5,1.2916667,PanTHERIA_WR05
Sorex palustris,Soricomorpha,Soricidae,13.07,0.01307,18,1.5,PanTHERIA_WR05
Spalacopus cyanus,Rodentia,Octodontidae,100.86,0.10086,72,6,PanTHERIA_WR05
Aepyceros melampus,Artiodactyla,Bovidae,52591.69,52.59169,213,17.75,PanTHERIA_WR05
Aepyprymnus rufescens,Diprotodontia,Potoroidae,2810.31,2.81031,96,8,PanTHERIA_WR05
Addax nasomaculatus,Artiodactyla,Bovidae,96077.36,96.07736,308.04,25.67,PanTHERIA_WR05
Ailuropoda melanoleuca,Carnivora,Ursidae,117999.99,117.99999,360,30,PanTHERIA_WR05
Ailurus fulgens,Carnivora,Ailuridae,5170.08,5.17008,168,14,PanTHERIA_WR05
Spilocuscus maculatus,Diprotodontia,Phalangeridae,4060.46,4.06046,132,11,PanTHERIA_WR05
Spilogale putorius,Carnivora,Mephitidae,566.49,0.56649,120,10,PanTHERIA_WR05
Stenella attenuata,Cetacea,Delphinidae,65733.59,65.73359,552,46,PanTHERIA_WR05
Stenella coeruleoalba,Cetacea,Delphinidae,142102.96,142.10296,600,50,PanTHERIA_WR05
Steno bredanensis,Cetacea,Delphinidae,130000,130,384,32,PanTHERIA_WR05
Suncus etruscus,Soricomorpha,Soricidae,2.26,0.00226,32.4,2.7,PanTHERIA_WR05
Suncus murinus,Soricomorpha,Soricidae,43.76,0.04376,30,2.5,PanTHERIA_WR05
Tragelaphus scriptus,Artiodactyla,Bovidae,43250.39,43.25039,156,13,PanTHERIA_WR05
Tragelaphus spekii,Artiodactyla,Bovidae,75554.25,75.55425,258,21.5,PanTHERIA_WR05
Tragelaphus strepsiceros,Artiodactyla,Bovidae,206056.41,206.05641,276,23,PanTHERIA_WR05
Tragulus javanicus,Artiodactyla,Tragulidae,1889.93,1.88993,144,12,PanTHERIA_WR05
Tragulus napu,Artiodactyla,Tragulidae,5273.67,5.27367,195.96,16.33,PanTHERIA_WR05
Tremarctos ornatus,Carnivora,Ursidae,123176.97,123.17697,437,36.416667,PanTHERIA_WR05
Trichechus inunguis,Sirenia,Trichechidae,418001.19,418.00119,360,30,PanTHERIA_WR05
Trichechus manatus,Sirenia,Trichechidae,467324.83,467.32483,360,30,PanTHERIA_WR05
Trichosurus caninus,Diprotodontia,Phalangeridae,3115.06,3.11506,204,17,PanTHERIA_WR05
Trichosurus vulpecula,Diprotodontia,Phalangeridae,2685.39,2.68539,176.4,14.7,PanTHERIA_WR05
Trichys fasciculata,Rodentia,Hystricidae,1750,1.75,121.2,10.1,PanTHERIA_WR05
Tapirus terrestris,Perissodactyla,Tapiridae,169496.64,169.49664,420,35,PanTHERIA_WR05
Tarsipes rostratus,Diprotodontia,Tarsipedidae,9.66,0.00966,24,2,PanTHERIA_WR05
Tarsius bancanus,Primates,Tarsiidae,114.39,0.11439,144,12,PanTHERIA_WR05
Acomys cahirinus,Rodentia,Muridae,41.16,0.04116,60,5,PanTHERIA_WR05
Acrobates pygmaeus,Diprotodontia,Acrobatidae,13.84,0.01384,86.4,7.2,PanTHERIA_WR05
Sundamys muelleri,Rodentia,Muridae,356.48,0.35648,24,2,PanTHERIA_WR05
Suricata suricatta,Carnivora,Herpestidae,729.99,0.72999,150,12.5,PanTHERIA_WR05
Sus salvanius,Artiodactyla,Suidae,7974.13,7.97413,144,12,PanTHERIA_WR05
Sus scrofa,Artiodactyla,Suidae,84471.54,84.47154,252,21,PanTHERIA_WR05
Sus verrucosus,Artiodactyla,Suidae,89406.23,89.40623,168,14,PanTHERIA_WR05
Sylvicapra grimmia,Artiodactyla,Bovidae,15639.15,15.63915,171.96,14.33,PanTHERIA_WR05
Sylvilagus floridanus,Lagomorpha,Leporidae,1207.19,1.20719,108,9,PanTHERIA_WR05
Symphalangus syndactylus,Primates,Hylobatidae,10839,10.839,456,38,PanTHERIA_WR05
Synaptomys cooperi,Rodentia,Cricetidae,28.01,0.02801,30,2.5,PanTHERIA_WR05
Syncerus caffer,Artiodactyla,Bovidae,592665.98,592.66598,354,29.5,PanTHERIA_WR05
Tachyglossus aculeatus,Monotremata,Tachyglossidae,4499.97,4.49997,600,50,PanTHERIA_WR05
Tadarida brasiliensis,Chiroptera,Molossidae,12.61,0.01261,180,15,PanTHERIA_WR05
Talpa europaea,Soricomorpha,Talpidae,87.53,0.08753,84,7,PanTHERIA_WR05
Tamandua mexicana,Pilosa,Myrmecophagidae,4178.51,4.17851,114,9.5,PanTHERIA_WR05
Tamandua tetradactyla,Pilosa,Myrmecophagidae,4800,4.8,108,9,PanTHERIA_WR05
Tamias amoenus,Rodentia,Sciuridae,50.63,0.05063,62,5.1666667,PanTHERIA_WR05
Tamias minimus,Rodentia,Sciuridae,42.87,0.04287,75.96,6.33,PanTHERIA_WR05
Tamias ruficaudus,Rodentia,Sciuridae,60.06,0.06006,96,8,PanTHERIA_WR05
Tamias townsendii,Rodentia,Sciuridae,79.12,0.07912,84,7,PanTHERIA_WR05
Tamiasciurus hudsonicus,Rodentia,Sciuridae,200.24,0.20024,144,12,PanTHERIA_WR05
Taphozous georgianus,Chiroptera,Emballonuridae,30.52,0.03052,60,5,PanTHERIA_WR05
Tapirus indicus,Perissodactyla,Tapiridae,311209.19,311.20919,360,30,PanTHERIA_WR05
Tarsius syrichta,Primates,Tarsiidae,115.91,0.11591,180,15,PanTHERIA_WR05
Abrocoma bennettii,Rodentia,Abrocomidae,250.5,0.2505,27.6,2.3,PanTHERIA_WR05
Abrothrix olivaceus,Rodentia,Cricetidae,24.52,0.02452,12,1,PanTHERIA_WR05
Acinonyx jubatus,Carnivora,Felidae,50577.92,50.57792,228,19,PanTHERIA_WR05
Alcelaphus buselaphus,Artiodactyla,Bovidae,160937.86,160.93786,240,20,PanTHERIA_WR05
Alcelaphus caama,Artiodactyla,Bovidae,176115.97,176.11597,183.96,15.33,PanTHERIA_WR05
Alces alces,Artiodactyla,Cervidae,461900.76,461.90076,324,27,PanTHERIA_WR05
Alces americanus,Artiodactyla,Cervidae,541460.44,541.46044,300,25,PanTHERIA_WR05
Allactaga euphratica,Rodentia,Dipodidae,232,0.232,50.4,4.2,PanTHERIA_WR05
Allenopithecus nigroviridis,Primates,Cercopithecidae,4749.96,4.74996,276,23,PanTHERIA_WR05
Alouatta caraya,Primates,Atelidae,5576.96,5.57696,243.6,20.3,PanTHERIA_WR05
Alouatta palliata,Primates,Atelidae,6576.99,6.57699,300,25,PanTHERIA_WR05
Alouatta pigra,Primates,Atelidae,7172.06,7.17206,240,20,PanTHERIA_WR05
Alouatta seniculus,Primates,Atelidae,6398.31,6.39831,300,25,PanTHERIA_WR05
Amblysomus hottentotus,Afrosoricida,Chrysochloridae,62.6,0.0626,12,1,PanTHERIA_WR05
Ammodorcas clarkei,Artiodactyla,Bovidae,28049.81,28.04981,36,3,PanTHERIA_WR05
Ammospermophilus leucurus,Rodentia,Sciuridae,103.92,0.10392,69.6,5.8,PanTHERIA_WR05
Ammospermophilus nelsoni,Rodentia,Sciuridae,160.42,0.16042,66,5.5,PanTHERIA_WR05
Ammotragus lervia,Artiodactyla,Bovidae,94202.22,94.20222,252,21,PanTHERIA_WR05
Anoura geoffroyi,Chiroptera,Phyllostomidae,15.15,0.01515,120,10,PanTHERIA_WR05
Antechinomys laniger,Dasyuromorphia,Dasyuridae,25.57,0.02557,39.6,3.3,PanTHERIA_WR05
Antechinus bellus,Dasyuromorphia,Dasyuridae,38.73,0.03873,27.6,2.3,PanTHERIA_WR05
Antechinus flavipes,Dasyuromorphia,Dasyuridae,44.33,0.04433,42,3.5,PanTHERIA_WR05
Antechinus leo,Dasyuromorphia,Dasyuridae,70.09,0.07009,24,2,PanTHERIA_WR05
Antechinus minimus,Dasyuromorphia,Dasyuridae,52.56,0.05256,24,2,PanTHERIA_WR05
Antechinus stuartii,Dasyuromorphia,Dasyuridae,29.01,0.02901,36,3,PanTHERIA_WR05
Antechinus swainsonii,Dasyuromorphia,Dasyuridae,58.69,0.05869,24,2,PanTHERIA_WR05
Antidorcas marsupialis,Artiodactyla,Bovidae,33571.24,33.57124,240,20,PanTHERIA_WR05
Antilocapra americana,Artiodactyla,Antilocapridae,47450.01,47.45001,144,12,PanTHERIA_WR05
Antilope cervicapra,Artiodactyla,Bovidae,36301.1,36.3011,243,20.25,PanTHERIA_WR05
Antrozous pallidus,Chiroptera,Vespertilionidae,22.24,0.02224,109.2,9.1,PanTHERIA_WR05
Aonyx capensis,Carnivora,Mustelidae,19322.22,19.32222,132,11,PanTHERIA_WR05
Aonyx cinerea,Carnivora,Mustelidae,3527.59,3.52759,121,10.083333,PanTHERIA_WR05
Aotus lemurinus,Primates,Aotidae,865.96,0.86596,216,18,PanTHERIA_WR05
Aotus trivirgatus,Primates,Aotidae,912.4,0.9124,303.6,25.3,PanTHERIA_WR05
Aplodontia rufa,Rodentia,Aplodontiidae,806.21,0.80621,120,10,PanTHERIA_WR05
Apodemus agrarius,Rodentia,Muridae,21.11,0.02111,48,4,PanTHERIA_WR05
Apodemus flavicollis,Rodentia,Muridae,31.6,0.0316,48,4,PanTHERIA_WR05
Apodemus sylvaticus,Rodentia,Muridae,21.9,0.0219,52.8,4.4,PanTHERIA_WR05
Arctictis binturong,Carnivora,Viverridae,12999.99,12.99999,272.4,22.7,PanTHERIA_WR05
Arctocebus calabarensis,Primates,Lorisidae,258.01,0.25801,156,13,PanTHERIA_WR05
Arctocephalus australis,Carnivora,Otariidae,67979.43,67.97943,252,21,PanTHERIA_WR05
Arctocephalus forsteri,Carnivora,Otariidae,101249.99,101.24999,180,15,PanTHERIA_WR05
Arctocephalus galapagoensis,Carnivora,Otariidae,39448.04,39.44804,264,22,PanTHERIA_WR05
Arctocephalus gazella,Carnivora,Otariidae,96599.99,96.59999,276,23,PanTHERIA_WR05
Arctocephalus pusillus,Carnivora,Otariidae,178500,178.5,252,21,PanTHERIA_WR05
Arctocephalus townsendi,Carnivora,Otariidae,101063.71,101.06371,288,24,PanTHERIA_WR05
Arctocephalus tropicalis,Carnivora,Otariidae,92222.55,92.22255,276,23,PanTHERIA_WR05
Arctogalidia trivirgata,Carnivora,Viverridae,2323.79,2.32379,190,15.833333,PanTHERIA_WR05
Arctonyx collaris,Carnivora,Mustelidae,8166.52,8.16652,167,13.916667,PanTHERIA_WR05
Artibeus jamaicensis,Chiroptera,Phyllostomidae,43.63,0.04363,120,10,PanTHERIA_WR05
Arvicola amphibius,Rodentia,Cricetidae,120,0.12,60,5,PanTHERIA_WR05
Arvicola sapidus,Rodentia,Cricetidae,219.99,0.21999,42,3.5,PanTHERIA_WR05
Tarsius tarsier,Primates,Tarsiidae,168.04,0.16804,144,12,PanTHERIA_WR05
Tatera indica,Rodentia,Muridae,138.28,0.13828,84,7,PanTHERIA_WR05
Taurotragus derbianus,Artiodactyla,Bovidae,646024.25,646.02425,194.04,16.17,PanTHERIA_WR05
Taurotragus oryx,Artiodactyla,Bovidae,562592.69,562.59269,300,25,PanTHERIA_WR05
Taxidea taxus,Carnivora,Mustelidae,7842.15,7.84215,312,26,PanTHERIA_WR05
Tayassu pecari,Artiodactyla,Tayassuidae,31798.71,31.79871,252,21,PanTHERIA_WR05
Tenrec ecaudatus,Afrosoricida,Tenrecidae,887.59,0.88759,75.6,6.3,PanTHERIA_WR05
Tetracerus quadricornis,Artiodactyla,Bovidae,19282.12,19.28212,129.96,10.83,PanTHERIA_WR05
Thallomys paedulcus,Rodentia,Muridae,77.7,0.0777,42,3.5,PanTHERIA_WR05
Theropithecus gelada,Primates,Cercopithecidae,15964.11,15.96411,336,28,PanTHERIA_WR05
Thomomys bottae,Rodentia,Geomyidae,122.7,0.1227,54,4.5,PanTHERIA_WR05
Thomomys monticola,Rodentia,Geomyidae,80.99,0.08099,60,5,PanTHERIA_WR05
Thomomys talpoides,Rodentia,Geomyidae,104.64,0.10464,45,3.75,PanTHERIA_WR05
Thryonomys swinderianus,Rodentia,Thryonomyidae,3750.85,3.75085,51.6,4.3,PanTHERIA_WR05
Thylacinus cynocephalus,Dasyuromorphia,Thylacinidae,29999.99,29.99999,156,13,PanTHERIA_WR05
Thylogale billardierii,Diprotodontia,Macropodidae,5865.86,5.86586,120,10,PanTHERIA_WR05
Thylogale thetis,Diprotodontia,Macropodidae,5399.95,5.39995,108,9,PanTHERIA_WR05
Trachypithecus cristatus,Primates,Cercopithecidae,7176.81,7.17681,373.2,31.1,PanTHERIA_WR05
Trachypithecus obscurus,Primates,Cercopithecidae,7247.88,7.24788,300,25,PanTHERIA_WR05
Trachypithecus vetulus,Primates,Cercopithecidae,7205.08,7.20508,276,23,PanTHERIA_WR05
Tragelaphus angasii,Artiodactyla,Bovidae,87616.76,87.61676,192,16,PanTHERIA_WR05
Tragelaphus buxtoni,Artiodactyla,Bovidae,215000.75,215.00075,132,11,PanTHERIA_WR05
Tragelaphus eurycerus,Artiodactyla,Bovidae,270998.37,270.99837,233,19.416667,PanTHERIA_WR05
Tragelaphus imberbis,Artiodactyla,Bovidae,94320.39,94.32039,227,18.916667,PanTHERIA_WR05
Tupaia belangeri,Scandentia,Tupaiidae,200,0.2,120,10,PanTHERIA_WR05
Tupaia glis,Scandentia,Tupaiidae,132.43,0.13243,149,12.416667,PanTHERIA_WR05
Tupaia longipes,Scandentia,Tupaiidae,168.05,0.16805,144,12,PanTHERIA_WR05
Tursiops truncatus,Cetacea,Delphinidae,281040.55,281.04055,552,46,PanTHERIA_WR05
Tylomys nudicaudus,Rodentia,Cricetidae,181.65,0.18165,64.8,5.4,PanTHERIA_WR05
Uncia uncia,Carnivora,Felidae,32500,32.5,216,18,PanTHERIA_WR05
Urocyon cinereoargenteus,Carnivora,Canidae,3833.71,3.83371,180,15,PanTHERIA_WR05
Urocyon littoralis,Carnivora,Canidae,1923,1.923,96,8,PanTHERIA_WR05
Urogale everetti,Scandentia,Tupaiidae,300.79,0.30079,138,11.5,PanTHERIA_WR05
Urotrichus talpoides,Soricomorpha,Talpidae,18.2,0.0182,42,3.5,PanTHERIA_WR05
Ursus americanus,Carnivora,Ursidae,110500,110.5,384,32,PanTHERIA_WR05
Ursus arctos,Carnivora,Ursidae,196287.5,196.2875,600,50,PanTHERIA_WR05
Ursus maritimus,Carnivora,Ursidae,371703.81,371.70381,458.4,38.2,PanTHERIA_WR05
Ursus thibetanus,Carnivora,Ursidae,99714.19,99.71419,422,35.166667,PanTHERIA_WR05
Vampyrum spectrum,Chiroptera,Phyllostomidae,171.61,0.17161,78,6.5,PanTHERIA_WR05
Varecia variegata,Primates,Lemuridae,3849.99,3.84999,384,32,PanTHERIA_WR05
Vespertilio murinus,Chiroptera,Vespertilionidae,15.42,0.01542,144,12,PanTHERIA_WR05
Vicugna vicugna,Artiodactyla,Camelidae,47499.61,47.49961,297.6,24.8,PanTHERIA_WR05
Viverra tangalunga,Carnivora,Viverridae,7349.99,7.34999,144,12,PanTHERIA_WR05
Viverra zibetha,Carnivora,Viverridae,9148.77,9.14877,240,20,PanTHERIA_WR05
Viverricula indica,Carnivora,Viverridae,2918.88,2.91888,126,10.5,PanTHERIA_WR05
Vombatus ursinus,Diprotodontia,Vombatidae,26000,26,313.2,26.1,PanTHERIA_WR05
Vormela peregusna,Carnivora,Mustelidae,594.13,0.59413,107,8.9166667,PanTHERIA_WR05
Vulpes bengalensis,Carnivora,Canidae,2514.4,2.5144,120,10,PanTHERIA_WR05
Vulpes cana,Carnivora,Canidae,988.5,0.9885,120,10,PanTHERIA_WR05
Vulpes chama,Carnivora,Canidae,2919.8,2.9198,120,10,PanTHERIA_WR05
Vulpes lagopus,Carnivora,Canidae,3584.37,3.58437,180,15,PanTHERIA_WR05
Vulpes macrotis,Carnivora,Canidae,4499.97,4.49997,240,20,PanTHERIA_WR05
Vulpes pallida,Carnivora,Canidae,2800.01,2.80001,120,10,PanTHERIA_WR05
Vulpes velox,Carnivora,Canidae,2088,2.088,240,20,PanTHERIA_WR05
Vulpes vulpes,Carnivora,Canidae,4820.36,4.82036,180,15,PanTHERIA_WR05
Vulpes zerda,Carnivora,Canidae,1317.13,1.31713,175,14.583333,PanTHERIA_WR05
Wallabia bicolor,Diprotodontia,Macropodidae,14999.95,14.99995,180,15,PanTHERIA_WR05
Wyulda squamicaudata,Diprotodontia,Phalangeridae,1799.21,1.79921,72,6,PanTHERIA_WR05
Xerus erythropus,Rodentia,Sciuridae,602.23,0.60223,72,6,PanTHERIA_WR05
Xerus inauris,Rodentia,Sciuridae,572.6,0.5726,156,13,PanTHERIA_WR05
Zaedyus pichiy,Cingulata,Dasypodidae,1444.76,1.44476,108,9,PanTHERIA_WR05
Zaglossus bruijni,Monotremata,Tachyglossidae,8951.71,8.95171,372,31,PanTHERIA_WR05
Zalophus californianus,Carnivora,Otariidae,137194.86,137.19486,360,30,PanTHERIA_WR05
Zapus hudsonius,Rodentia,Dipodidae,18.43,0.01843,60,5,PanTHERIA_WR05
Ziphius cavirostris,Cetacea,Ziphiidae,4775000,4775,432,36,PanTHERIA_WR05
