species,order,family,mass_g,mass_kg,home_range_km2,source
Camelus dromedarius,Artiodactyla,Camelidae,492714.47,492.71447,196.32,PanTHERIA_WR05
Canis adustus,Carnivora,Canidae,10392.49,10.39249,1.01,PanTHERIA_WR05
Canis aureus,Carnivora,Canidae,9658.7,9.6587,2.95,PanTHERIA_WR05
Canis latrans,Carnivora,Canidae,11989.1,11.9891,18.88,PanTHERIA_WR05
Canis lupus,Carnivora,Canidae,31756.51,31.75651,159.86,PanTHERIA_WR05
Caluromys philander,Didelphimorphia,Didelphidae,246.47,0.24647,0.009960363,PanTHERIA_WR05
Bos taurus,Artiodactyla,Bovidae,618642.42,618.64242,10.04,PanTHERIA_WR05
Canis mesomelas,Carnivora,Canidae,8247.3,8.2473,11.93,PanTHERIA_WR05
Canis simensis,Carnivora,Canidae,14361.86,14.36186,4.2,PanTHERIA_WR05
Capra hircus,Artiodactyla,Bovidae,47386.47,47.38647,98.3,PanTHERIA_WR05
Ateles belzebuth,Primates,Atelidae,6692.42,6.69242,2.28,PanTHERIA_WR05
Ateles chamek,Primates,Atelidae,7053.92,7.05392,1.16,PanTHERIA_WR05
Ateles geoffroyi,Primates,Atelidae,7582.4,7.5824,0.73,PanTHERIA_WR05
Ateles paniscus,Primates,Atelidae,8697.25,8.69725,1.36,PanTHERIA_WR05
Callicebus moloch,Primates,Pitheciidae,958.13,0.95813,0.02,PanTHERIA_WR05
Callicebus personatus,Primates,Pitheciidae,1390.8,1.3908,0.03,PanTHERIA_WR05
Callicebus torquatus,Primates,Pitheciidae,1209.57,1.20957,0.11,PanTHERIA_WR05
Callimico goeldii,Primates,Cebidae,558,0.558,0.32,PanTHERIA_WR05
Callithrix aurita,Primates,Cebidae,386.2,0.3862,0.08,PanTHERIA_WR05
Callithrix flaviceps,Primates,Cebidae,372.97,0.37297,0.22,PanTHERIA_WR05
Callithrix humeralifera,Primates,Cebidae,374.99,0.37499,0.1,PanTHERIA_WR05
Callithrix jacchus,Primates,Cebidae,290.21,0.29021,0.02,PanTHERIA_WR05
Callithrix kuhlii,Primates,Cebidae,374.99,0.37499,0.06,PanTHERIA_WR05
Callithrix penicillata,Primates,Cebidae,339.98,0.33998,0.01,PanTHERIA_WR05
Callithrix pygmaea,Primates,Cebidae,123.94,0.12394,0.002117904,PanTHERIA_WR05
Callosciurus caniceps,Rodentia,Sciuridae,264.91,0.26491,0.01,PanTHERIA_WR05
Callosciurus erythraeus,Rodentia,Sciuridae,283.23,0.28323,0.008950755,PanTHERIA_WR05
Callosciurus nigrovittatus,Rodentia,Sciuridae,208.3,0.2083,0.01,PanTHERIA_WR05
Callosciurus notatus,Rodentia,Sciuridae,209.49,0.20949,0.02,PanTHERIA_WR05
Atherurus africanus,Rodentia,Hystricidae,2875.65,2.87565,0.12,PanTHERIA_WR05
Atilax paludinosus,Carnivora,Herpestidae,3600.16,3.60016,1.73,PanTHERIA_WR05
Avahi laniger,Primates,Indriidae,1092.28,1.09228,0.01,PanTHERIA_WR05
Avahi occidentalis,Primates,Indriidae,828.98,0.82898,0.01,PanTHERIA_WR05
Axis axis,Artiodactyla,Cervidae,69499.99,69.49999,0.67,PanTHERIA_WR05
Axis porcinus,Artiodactyla,Cervidae,37448.29,37.44829,0.52,PanTHERIA_WR05
Cephalophus ogilbyi,Artiodactyla,Bovidae,18386.42,18.38642,0.07,PanTHERIA_WR05
Ceratotherium simum,Perissodactyla,Rhinocerotidae,2285939.4,2285.9394,19.09,PanTHERIA_WR05
Cercartetus nanus,Diprotodontia,Burramyidae,26.85,0.02685,0.005564565,PanTHERIA_WR05
Cercocebus galeritus,Primates,Cercopithecidae,7077.66,7.07766,0.51,PanTHERIA_WR05
Cercopithecus ascanius,Primates,Cercopithecidae,3540.24,3.54024,0.16,PanTHERIA_WR05
Cercopithecus campbelli,Primates,Cercopithecidae,3627.73,3.62773,0.01,PanTHERIA_WR05
Cercopithecus cephus,Primates,Cercopithecidae,3444.88,3.44488,0.24,PanTHERIA_WR05
Cercopithecus diana,Primates,Cercopithecidae,4358.91,4.35891,1.25,PanTHERIA_WR05
Cercopithecus mitis,Primates,Cercopithecidae,5041.29,5.04129,0.1,PanTHERIA_WR05
Cercopithecus neglectus,Primates,Cercopithecidae,5324.52,5.32452,0.06,PanTHERIA_WR05
Cercopithecus nictitans,Primates,Cercopithecidae,5256.91,5.25691,1.15,PanTHERIA_WR05
Cercopithecus pogonias,Primates,Cercopithecidae,3578.27,3.57827,1.15,PanTHERIA_WR05
Cerdocyon thous,Carnivora,Canidae,5741.66,5.74166,1.41,PanTHERIA_WR05
Cervus elaphus,Artiodactyla,Cervidae,240867.13,240.86713,58.42,PanTHERIA_WR05
Cervus nippon,Artiodactyla,Cervidae,52999.99,52.99999,1.43,PanTHERIA_WR05
Chaetodipus fallax,Rodentia,Heteromyidae,19.19,0.01919,0.002300009,PanTHERIA_WR05
Chaetodipus nelsoni,Rodentia,Heteromyidae,15.53,0.01553,0.002835545,PanTHERIA_WR05
Chaetodipus penicillatus,Rodentia,Heteromyidae,15.57,0.01557,0.005027576,PanTHERIA_WR05
Crocidura russula,Soricomorpha,Soricidae,9.89,0.00989,0.000165903,PanTHERIA_WR05
Equus zebra,Perissodactyla,Equidae,282462.13,282.46213,7.4,PanTHERIA_WR05
Eremitalpa granti,Afrosoricida,Chrysochloridae,22.04,0.02204,0.03,PanTHERIA_WR05
Erethizon dorsatum,Rodentia,Erethizontidae,7419.46,7.41946,0.1,PanTHERIA_WR05
Erinaceus concolor,Erinaceomorpha,Erinaceidae,665.99,0.66599,0.01,PanTHERIA_WR05
Erinaceus europaeus,Erinaceomorpha,Erinaceidae,777.95,0.77795,0.08,PanTHERIA_WR05
Erythrocebus patas,Primates,Cercopithecidae,7966.3,7.9663,28.24,PanTHERIA_WR05
Equus asinus,Perissodactyla,Equidae,164998.49,164.99849,139.69,PanTHERIA_WR05
Equus burchellii,Perissodactyla,Equidae,279160.65,279.16065,127.99,PanTHERIA_WR05
Equus caballus,Perissodactyla,Equidae,403598.53,403.59853,15.62,PanTHERIA_WR05
Genetta genetta,Carnivora,Viverridae,1756.17,1.75617,10.9,PanTHERIA_WR05
Bison bison,Artiodactyla,Bovidae,624577.07,624.57707,47.39,PanTHERIA_WR05
Bison bonasus,Artiodactyla,Bovidae,675876.7,675.8767,7.91,PanTHERIA_WR05
Blarina brevicauda,Soricomorpha,Soricidae,18.56,0.01856,0.003539783,PanTHERIA_WR05
Blarina carolinensis,Soricomorpha,Soricidae,11.91,0.01191,0.00995781,PanTHERIA_WR05
Baiomys taylori,Rodentia,Cricetidae,7.43,0.00743,0.000384598,PanTHERIA_WR05
Brachylagus idahoensis,Lagomorpha,Leporidae,431.19,0.43119,0.003792025,PanTHERIA_WR05
Brachyteles arachnoides,Primates,Atelidae,10537.31,10.53731,1.04,PanTHERIA_WR05
Cephalophus dorsalis,Artiodactyla,Bovidae,20000,20,0.27,PanTHERIA_WR05
Cephalophus natalensis,Artiodactyla,Bovidae,12724.51,12.72451,0.06,PanTHERIA_WR05
Chaetophractus vellerosus,Cingulata,Dasypodidae,930.16,0.93016,0.02,PanTHERIA_WR05
Dendrolagus lumholtzi,Diprotodontia,Macropodidae,6649.97,6.64997,0.01,PanTHERIA_WR05
Dendrolagus matschiei,Diprotodontia,Macropodidae,8293.4,8.2934,0.23,PanTHERIA_WR05
Desmana moschata,Soricomorpha,Talpidae,427.64,0.42764,0.004907674,PanTHERIA_WR05
Dicerorhinus sumatrensis,Perissodactyla,Rhinocerotidae,1046156,1046.156,11.87,PanTHERIA_WR05
Diceros bicornis,Perissodactyla,Rhinocerotidae,995940.54,995.94054,11.48,PanTHERIA_WR05
Dicrostonyx groenlandicus,Rodentia,Cricetidae,58.44,0.05844,0.007305693,PanTHERIA_WR05
Didelphis albiventris,Didelphimorphia,Didelphidae,1030.47,1.03047,0.004024018,PanTHERIA_WR05
Didelphis marsupialis,Didelphimorphia,Didelphidae,1134.75,1.13475,0.17,PanTHERIA_WR05
Didelphis virginiana,Didelphimorphia,Didelphidae,2442.08,2.44208,0.58,PanTHERIA_WR05
Elephantulus rufescens,Macroscelidea,Macroscelididae,52.78,0.05278,0.002648142,PanTHERIA_WR05
Elephas maximus,Proboscidea,Elephantidae,3269794.3,3269.7943,38.36,PanTHERIA_WR05
Heterocephalus glaber,Rodentia,Bathyergidae,39.36,0.03936,0.004215132,PanTHERIA_WR05
Heteromys desmarestianus,Rodentia,Heteromyidae,74,0.074,0.001025001,PanTHERIA_WR05
Lagostomus maximus,Rodentia,Chinchillidae,4660.94,4.66094,0.01,PanTHERIA_WR05
Lagothrix lagotricha,Primates,Atelidae,6263.69,6.26369,2.82,PanTHERIA_WR05
Eulemur coronatus,Primates,Lemuridae,1699.85,1.69985,0.05,PanTHERIA_WR05
Eulemur fulvus,Primates,Lemuridae,2376.99,2.37699,0.05,PanTHERIA_WR05
Eulemur macaco,Primates,Lemuridae,2470.43,2.47043,0.03,PanTHERIA_WR05
Eulemur mongoz,Primates,Lemuridae,1771.13,1.77113,0.05,PanTHERIA_WR05
Eulemur rubriventer,Primates,Lemuridae,2015.4,2.0154,0.13,PanTHERIA_WR05
Galago zanzibaricus,Primates,Galagidae,147.35,0.14735,0.01,PanTHERIA_WR05
Galea spixii,Rodentia,Caviidae,360.61,0.36061,0.000535015,PanTHERIA_WR05
Galemys pyrenaicus,Soricomorpha,Talpidae,60.17,0.06017,0.001551623,PanTHERIA_WR05
Galerella pulverulenta,Carnivora,Herpestidae,791.4,0.7914,3.81,PanTHERIA_WR05
Galerella sanguinea,Carnivora,Herpestidae,543.83,0.54383,0.66,PanTHERIA_WR05
Galidia elegans,Carnivora,Eupleridae,810,0.81,0.17,PanTHERIA_WR05
Gazella dorcas,Artiodactyla,Bovidae,15635.95,15.63595,15.52,PanTHERIA_WR05
Gazella gazella,Artiodactyla,Bovidae,21306.83,21.30683,1.46,PanTHERIA_WR05
Bassariscus astutus,Carnivora,Procyonidae,1010.37,1.01037,0.74,PanTHERIA_WR05
Bathyergus suillus,Rodentia,Bathyergidae,777.38,0.77738,0.002096145,PanTHERIA_WR05
Batomys granti,Rodentia,Muridae,169.53,0.16953,0.001546275,PanTHERIA_WR05
Bettongia gaimardi,Diprotodontia,Potoroidae,1667.55,1.66755,0.41,PanTHERIA_WR05
Bradypus torquatus,Pilosa,Bradypodidae,4468.42,4.46842,0.03,PanTHERIA_WR05
Bradypus variegatus,Pilosa,Bradypodidae,4136.36,4.13636,0.01,PanTHERIA_WR05
Bubalus bubalis,Artiodactyla,Bovidae,929500.97,929.50097,3.63,PanTHERIA_WR05
Bunolagus monticularis,Lagomorpha,Leporidae,1750.01,1.75001,0.14,PanTHERIA_WR05
Bunopithecus hoolock,Primates,Hylobatidae,6699,6.699,0.16,PanTHERIA_WR05
Chiropotes albinasus,Primates,Pitheciidae,2793.21,2.79321,1.98,PanTHERIA_WR05
Chiropotes satanas,Primates,Pitheciidae,2967.27,2.96727,1.48,PanTHERIA_WR05
Callicebus brunneus,Primates,Pitheciidae,850.84,0.85084,0.04,PanTHERIA_WR05
Capra pyrenaica,Artiodactyla,Bovidae,60898.77,60.89877,0.64,PanTHERIA_WR05
Capreolus capreolus,Artiodactyla,Cervidae,22502.01,22.50201,0.52,PanTHERIA_WR05
Capreolus pygargus,Artiodactyla,Cervidae,41371.03,41.37103,0.99,PanTHERIA_WR05
Capricornis crispus,Artiodactyla,Bovidae,43030.64,43.03064,0.11,PanTHERIA_WR05
Caprolagus hispidus,Lagomorpha,Leporidae,2496.99,2.49699,0.004121254,PanTHERIA_WR05
Caracal caracal,Carnivora,Felidae,11964.38,11.96438,293.94,PanTHERIA_WR05
Castor canadensis,Rodentia,Castoridae,18124.41,18.12441,0.06,PanTHERIA_WR05
Catagonus wagneri,Artiodactyla,Tayassuidae,35566.4,35.5664,7,PanTHERIA_WR05
Cavia aperea,Rodentia,Caviidae,524.38,0.52438,0.000921587,PanTHERIA_WR05
Cebus albifrons,Primates,Cebidae,2509.68,2.50968,0.53,PanTHERIA_WR05
Cebus apella,Primates,Cebidae,2758.38,2.75838,0.88,PanTHERIA_WR05
Cebus capucinus,Primates,Cebidae,3005.99,3.00599,0.35,PanTHERIA_WR05
Cebus olivaceus,Primates,Cebidae,2787.64,2.78764,1.7,PanTHERIA_WR05
Cephalophus callipygus,Artiodactyla,Bovidae,19079.23,19.07923,0.32,PanTHERIA_WR05
Cheirogaleus major,Primates,Cheirogaleidae,446.02,0.44602,0.02,PanTHERIA_WR05
Cheirogaleus medius,Primates,Cheirogaleidae,196.76,0.19676,0.02,PanTHERIA_WR05
Chrysocyon brachyurus,Carnivora,Canidae,23325,23.325,21.36,PanTHERIA_WR05
Chrysospalax trevelyani,Afrosoricida,Chrysochloridae,434.04,0.43404,0.000602526,PanTHERIA_WR05
Coendou prehensilis,Rodentia,Erethizontidae,4116.2,4.1162,0.14,PanTHERIA_WR05
Colobus guereza,Primates,Cercopithecidae,9925.88,9.92588,0.17,PanTHERIA_WR05
Colobus polykomos,Primates,Cercopithecidae,8797.29,8.79729,0.14,PanTHERIA_WR05
Colobus satanas,Primates,Cercopithecidae,9055.32,9.05532,0.44,PanTHERIA_WR05
Colobus vellerosus,Primates,Cercopithecidae,7700.18,7.70018,0.29,PanTHERIA_WR05
Condylura cristata,Soricomorpha,Talpidae,48.15,0.04815,0.003656234,PanTHERIA_WR05
Conepatus humboldtii,Carnivora,Mephitidae,1097.61,1.09761,0.1,PanTHERIA_WR05
Conepatus semistriatus,Carnivora,Mephitidae,1997.34,1.99734,0.27,PanTHERIA_WR05
Connochaetes gnou,Artiodactyla,Bovidae,156547.53,156.54753,0.95,PanTHERIA_WR05
Dasypus novemcinctus,Cingulata,Dasypodidae,3949.01,3.94901,0.04,PanTHERIA_WR05
Euphractus sexcinctus,Cingulata,Dasypodidae,4731.16,4.73116,0.65,PanTHERIA_WR05
Crocuta crocuta,Carnivora,Hyaenidae,63369.98,63.36998,21.93,PanTHERIA_WR05
Cryptomys damarensis,Rodentia,Bathyergidae,112.2,0.1122,0.01,PanTHERIA_WR05
Cryptomys hottentotus,Rodentia,Bathyergidae,75.13,0.07513,0.001455832,PanTHERIA_WR05
Cryptoprocta ferox,Carnivora,Eupleridae,9500,9.5,0.75,PanTHERIA_WR05
Cryptotis parva,Soricomorpha,Soricidae,4.97,0.00497,0.001442322,PanTHERIA_WR05
Ctenomys haigi,Rodentia,Ctenomyidae,164,0.164,3.29744e-05,PanTHERIA_WR05
Ctenomys talarum,Rodentia,Ctenomyidae,140.84,0.14084,2.0373e-05,PanTHERIA_WR05
Cuon alpinus,Carnivora,Canidae,15800,15.8,33.64,PanTHERIA_WR05
Cyclopes didactylus,Pilosa,Cyclopedidae,263.95,0.26395,0.03,PanTHERIA_WR05
Cynictis penicillata,Carnivora,Herpestidae,694.41,0.69441,1.89,PanTHERIA_WR05
Cynocephalus volans,Dermoptera,Cynocephalidae,1250,1.25,0.07,PanTHERIA_WR05
Cynomys gunnisoni,Rodentia,Sciuridae,797.93,0.79793,0.007188295,PanTHERIA_WR05
Cynomys leucurus,Rodentia,Sciuridae,963.76,0.96376,0.05,PanTHERIA_WR05
Cynomys ludovicianus,Rodentia,Sciuridae,797.05,0.79705,0.001787394,PanTHERIA_WR05
Dactylomys dactylinus,Rodentia,Echimyidae,649.98,0.64998,0.001669342,PanTHERIA_WR05
Dactylopsila trivirgata,Diprotodontia,Petauridae,413.41,0.41341,0.09,PanTHERIA_WR05
Dama dama,Artiodactyla,Cervidae,57224.61,57.22461,0.71,PanTHERIA_WR05
Dasyurus geoffroii,Dasyuromorphia,Dasyuridae,1106.62,1.10662,2.73,PanTHERIA_WR05
Dasyurus hallucatus,Dasyuromorphia,Dasyuridae,470.92,0.47092,0.02,PanTHERIA_WR05
Dasyurus maculatus,Dasyuromorphia,Dasyuridae,3284.15,3.28415,1.36,PanTHERIA_WR05
Dasyurus viverrinus,Dasyuromorphia,Dasyuridae,1101.49,1.10149,0.33,PanTHERIA_WR05
Daubentonia madagascariensis,Primates,Daubentoniidae,2731.37,2.73137,0.06,PanTHERIA_WR05
Dipodomys agilis,Rodentia,Heteromyidae,60.21,0.06021,0.002396454,PanTHERIA_WR05
Dipodomys elator,Rodentia,Heteromyidae,105.82,0.10582,0.00073307,PanTHERIA_WR05
Dipodomys ingens,Rodentia,Heteromyidae,113.61,0.11361,0.000314541,PanTHERIA_WR05
Dipodomys merriami,Rodentia,Heteromyidae,37.91,0.03791,0.001745298,PanTHERIA_WR05
Dipodomys microps,Rodentia,Heteromyidae,56.26,0.05626,0.03,PanTHERIA_WR05
Dipodomys ordii,Rodentia,Heteromyidae,50.4,0.0504,0.004440926,PanTHERIA_WR05
Dipodomys panamintinus,Rodentia,Heteromyidae,73.67,0.07367,0.003884943,PanTHERIA_WR05
Dipodomys spectabilis,Rodentia,Heteromyidae,124.61,0.12461,0.000506179,PanTHERIA_WR05
Dipodomys stephensi,Rodentia,Heteromyidae,68.49,0.06849,0.000790491,PanTHERIA_WR05
Dolichotis patagonum,Rodentia,Caviidae,8000,8,0.69,PanTHERIA_WR05
Dugong dugon,Sirenia,Dugongidae,295000,295,47.17,PanTHERIA_WR05
Echymipera clara,Peramelemorphia,Peramelidae,1204.61,1.20461,0.01,PanTHERIA_WR05
Echymipera kalubu,Peramelemorphia,Peramelidae,825.16,0.82516,0.01,PanTHERIA_WR05
Eira barbara,Carnivora,Mustelidae,4134.99,4.13499,11.4,PanTHERIA_WR05
Enhydra lutris,Carnivora,Mustelidae,27410.93,27.41093,3.43,PanTHERIA_WR05
Genetta tigrina,Carnivora,Viverridae,2066.57,2.06657,0.04,PanTHERIA_WR05
Geomys attwateri,Rodentia,Geomyidae,144.06,0.14406,0.000214131,PanTHERIA_WR05
Georychus capensis,Rodentia,Bathyergidae,188.36,0.18836,0.000212281,PanTHERIA_WR05
Gerbilliscus brantsii,Rodentia,Muridae,89.41,0.08941,0.000541371,PanTHERIA_WR05
Gerbillurus paeba,Rodentia,Muridae,25.91,0.02591,0.01,PanTHERIA_WR05
Felis catus,Carnivora,Felidae,2884.8,2.8848,1.41,PanTHERIA_WR05
Graphiurus ocularis,Rodentia,Gliridae,68.8,0.0688,0.09,PanTHERIA_WR05
Gulo gulo,Carnivora,Mustelidae,12792.49,12.79249,343.27,PanTHERIA_WR05
Gymnobelideus leadbeateri,Diprotodontia,Petauridae,137.32,0.13732,0.01,PanTHERIA_WR05
Hapalemur aureus,Primates,Lemuridae,1562.41,1.56241,0.21,PanTHERIA_WR05
Hapalemur griseus,Primates,Lemuridae,916,0.916,0.01,PanTHERIA_WR05
Heliophobius argenteocinereus,Rodentia,Bathyergidae,159.46,0.15946,0.000134237,PanTHERIA_WR05
Herpestes ichneumon,Carnivora,Herpestidae,2980.02,2.98002,2.18,PanTHERIA_WR05
Herpestes javanicus,Carnivora,Herpestidae,750,0.75,0.22,PanTHERIA_WR05
Herpestes naso,Carnivora,Herpestidae,3002.08,3.00208,0.4,PanTHERIA_WR05
Felis silvestris,Carnivora,Felidae,4573.08,4.57308,1.29,PanTHERIA_WR05
Fossa fossana,Carnivora,Eupleridae,1853.98,1.85398,0.75,PanTHERIA_WR05
Funambulus pennantii,Rodentia,Sciuridae,102.49,0.10249,0.001374507,PanTHERIA_WR05
Funisciurus congicus,Rodentia,Sciuridae,112,0.112,0.003290498,PanTHERIA_WR05
Galago alleni,Primates,Galagidae,266.03,0.26603,0.18,PanTHERIA_WR05
Galago demidoff,Primates,Galagidae,66.04,0.06604,0.01,PanTHERIA_WR05
Galago moholi,Primates,Galagidae,191.96,0.19196,0.04,PanTHERIA_WR05
Galago senegalensis,Primates,Galagidae,215.2,0.2152,0.08,PanTHERIA_WR05
Giraffa camelopardalis,Artiodactyla,Giraffidae,964654.73,964.65473,81.52,PanTHERIA_WR05
Glaucomys sabrinus,Rodentia,Sciuridae,137.53,0.13753,0.05,PanTHERIA_WR05
Glaucomys volans,Rodentia,Sciuridae,71.9,0.0719,0.005345752,PanTHERIA_WR05
Glis glis,Rodentia,Gliridae,128.09,0.12809,0.001479636,PanTHERIA_WR05
Gorilla gorilla,Primates,Hominidae,112588.99,112.58899,4.03,PanTHERIA_WR05
Grammomys poensis,Rodentia,Muridae,50.03,0.05003,0.001024808,PanTHERIA_WR05
Helogale parvula,Carnivora,Herpestidae,281.83,0.28183,0.21,PanTHERIA_WR05
Hemiechinus auritus,Erinaceomorpha,Erinaceidae,322.04,0.32204,0.03,PanTHERIA_WR05
Hexaprotodon liberiensis,Artiodactyla,Hippopotamidae,235001.16,235.00116,0.72,PanTHERIA_WR05
Hippocamelus bisulcus,Artiodactyla,Cervidae,69240.81,69.24081,0.86,PanTHERIA_WR05
Hyaena brunnea,Carnivora,Hyaenidae,42977.93,42.97793,67.3,PanTHERIA_WR05
Hyaena hyaena,Carnivora,Hyaenidae,35070.51,35.07051,45.19,PanTHERIA_WR05
Hybomys univittatus,Rodentia,Muridae,54.46,0.05446,0.002104427,PanTHERIA_WR05
Hydrochoerus hydrochaeris,Rodentia,Caviidae,48144.91,48.14491,0.07,PanTHERIA_WR05
Hyemoschus aquaticus,Artiodactyla,Tragulidae,10850,10.85,0.2,PanTHERIA_WR05
Hylobates agilis,Primates,Hylobatidae,5829.08,5.82908,0.19,PanTHERIA_WR05
Hylobates klossii,Primates,Hylobatidae,5822.29,5.82229,0.14,PanTHERIA_WR05
Hylobates lar,Primates,Hylobatidae,5578.61,5.57861,0.32,PanTHERIA_WR05
Lariscus insignis,Rodentia,Sciuridae,174.41,0.17441,0.008112981,PanTHERIA_WR05
Marmosa robinsoni,Didelphimorphia,Didelphidae,60.57,0.06057,0.00155313,PanTHERIA_WR05
Hylobates moloch,Primates,Hylobatidae,5860.81,5.86081,0.12,PanTHERIA_WR05
Hylobates muelleri,Primates,Hylobatidae,5909.81,5.90981,0.26,PanTHERIA_WR05
Hylobates pileatus,Primates,Hylobatidae,5542.37,5.54237,0.23,PanTHERIA_WR05
Hylomys suillus,Erinaceomorpha,Erinaceidae,57.61,0.05761,0.001894621,PanTHERIA_WR05
Hypogeomys antimena,Rodentia,Nesomyidae,1175.93,1.17593,0.02,PanTHERIA_WR05
Hystrix africaeaustralis,Rodentia,Hystricidae,14936.02,14.93602,1.31,PanTHERIA_WR05
Hystrix cristata,Rodentia,Hystricidae,13406.27,13.40627,0.74,PanTHERIA_WR05
Hystrix indica,Rodentia,Hystricidae,14298.6,14.2986,1.05,PanTHERIA_WR05
Ichneumia albicauda,Carnivora,Herpestidae,3628.4,3.6284,0.5,PanTHERIA_WR05
Indri indri,Primates,Indriidae,8565.48,8.56548,0.12,PanTHERIA_WR05
Isoodon auratus,Peramelemorphia,Peramelidae,425,0.425,0.12,PanTHERIA_WR05
Isoodon macrourus,Peramelemorphia,Peramelidae,1505.77,1.50577,0.02,PanTHERIA_WR05
Isoodon obesulus,Peramelemorphia,Peramelidae,824.76,0.82476,0.01,PanTHERIA_WR05
Kobus ellipsiprymnus,Artiodactyla,Bovidae,204393.48,204.39348,1.28,PanTHERIA_WR05
Kobus kob,Artiodactyla,Bovidae,80035.21,80.03521,99.57,PanTHERIA_WR05
Manis temminckii,Pholidota,Manidae,11943.74,11.94374,10.22,PanTHERIA_WR05
Monodelphis americana,Didelphimorphia,Didelphidae,19.5,0.0195,0.000536788,PanTHERIA_WR05
Meles meles,Carnivora,Mustelidae,11884.03,11.88403,1.2,PanTHERIA_WR05
Miopithecus talapoin,Primates,Cercopithecidae,1248.86,1.24886,0.8,PanTHERIA_WR05
Mirza coquereli,Primates,Cheirogaleidae,326.5,0.3265,0.03,PanTHERIA_WR05
Moschus berezovskii,Artiodactyla,Moschidae,12477.41,12.47741,0.13,PanTHERIA_WR05
Moschus chrysogaster,Artiodactyla,Moschidae,13697.9,13.6979,0.13,PanTHERIA_WR05
Moschus fuscus,Artiodactyla,Moschidae,13697.9,13.6979,0.13,PanTHERIA_WR05
Moschus moschiferus,Artiodactyla,Moschidae,13315.57,13.31557,0.13,PanTHERIA_WR05
Mungos mungo,Carnivora,Herpestidae,1260,1.26,1.66,PanTHERIA_WR05
Mungotictis decemlineata,Carnivora,Eupleridae,657.03,0.65703,1.19,PanTHERIA_WR05
Marmota caudata,Rodentia,Sciuridae,4350,4.35,0.03,PanTHERIA_WR05
Marmota flaviventris,Rodentia,Sciuridae,3709.73,3.70973,0.01,PanTHERIA_WR05
Marmota marmota,Rodentia,Sciuridae,4059.15,4.05915,0.01,PanTHERIA_WR05
Marmota monax,Rodentia,Sciuridae,3880.93,3.88093,0.01,PanTHERIA_WR05
Lemmus sibiricus,Rodentia,Cricetidae,53.81,0.05381,0.006494881,PanTHERIA_WR05
Lemmus trimucronatus,Rodentia,Cricetidae,69.82,0.06982,0.005384903,PanTHERIA_WR05
Lasiorhinus krefftii,Diprotodontia,Vombatidae,31849.99,31.84999,0.05,PanTHERIA_WR05
Lemur catta,Primates,Lemuridae,2626.48,2.62648,0.05,PanTHERIA_WR05
Leontopithecus chrysomelas,Primates,Cebidae,572.8,0.5728,0.24,PanTHERIA_WR05
Leontopithecus chrysopygus,Primates,Cebidae,656.12,0.65612,0.83,PanTHERIA_WR05
Leontopithecus rosalia,Primates,Cebidae,592.52,0.59252,0.26,PanTHERIA_WR05
Leopardus pardalis,Carnivora,Felidae,11880,11.88,5.08,PanTHERIA_WR05
Leopardus wiedii,Carnivora,Felidae,3270.81,3.27081,8.54,PanTHERIA_WR05
Lepilemur edwardsi,Primates,Lepilemuridae,821.58,0.82158,0.008338038,PanTHERIA_WR05
Lepilemur leucopus,Primates,Lepilemuridae,599.99,0.59999,0.001998666,PanTHERIA_WR05
Lepilemur mustelinus,Primates,Lepilemuridae,669.03,0.66903,0.002734203,PanTHERIA_WR05
Lepilemur septentrionalis,Primates,Lepilemuridae,755.77,0.75577,0.007059681,PanTHERIA_WR05
Leptailurus serval,Carnivora,Felidae,11999.96,11.99996,1.84,PanTHERIA_WR05
Lepus alleni,Lagomorpha,Leporidae,3930,3.93,4.53,PanTHERIA_WR05
Lepus americanus,Lagomorpha,Leporidae,1568.42,1.56842,0.04,PanTHERIA_WR05
Lepus arcticus,Lagomorpha,Leporidae,4412.73,4.41273,2.26,PanTHERIA_WR05
Lepus californicus,Lagomorpha,Leporidae,2422.48,2.42248,0.56,PanTHERIA_WR05
Lepus capensis,Lagomorpha,Leporidae,2047.11,2.04711,0.41,PanTHERIA_WR05
Lepus europaeus,Lagomorpha,Leporidae,3816.43,3.81643,0.31,PanTHERIA_WR05
Lepus nigricollis,Lagomorpha,Leporidae,2294.25,2.29425,0.01,PanTHERIA_WR05
Lepus timidus,Lagomorpha,Leporidae,3105.42,3.10542,0.86,PanTHERIA_WR05
Liomys adspersus,Rodentia,Heteromyidae,50.99,0.05099,0.004046269,PanTHERIA_WR05
Liomys salvini,Rodentia,Heteromyidae,41.99,0.04199,0.001470548,PanTHERIA_WR05
Lontra canadensis,Carnivora,Mustelidae,8087.42,8.08742,14.18,PanTHERIA_WR05
Lophocebus albigena,Primates,Cercopithecidae,7418.71,7.41871,1.98,PanTHERIA_WR05
Lophocebus aterrimus,Primates,Cercopithecidae,6510.37,6.51037,0.34,PanTHERIA_WR05
Lophuromys sikapusi,Rodentia,Muridae,62.72,0.06272,0.001594146,PanTHERIA_WR05
Loris tardigradus,Primates,Lorisidae,249.22,0.24922,0.007059681,PanTHERIA_WR05
Loxodonta africana,Proboscidea,Elephantidae,3824539.9,3824.5399,587.53,PanTHERIA_WR05
Lutra lutra,Carnivora,Mustelidae,8868.69,8.86869,21.31,PanTHERIA_WR05
Lutreolina crassicaudata,Didelphimorphia,Didelphidae,554.77,0.55477,0.001430339,PanTHERIA_WR05
Lutrogale perspicillata,Carnivora,Mustelidae,8912.49,8.91249,5.31,PanTHERIA_WR05
Lycalopex culpaeus,Carnivora,Canidae,8616.24,8.61624,5.05,PanTHERIA_WR05
Lycaon pictus,Carnivora,Canidae,21999.99,21.99999,395.88,PanTHERIA_WR05
Lynx canadensis,Carnivora,Felidae,9682.82,9.68282,30.6,PanTHERIA_WR05
Lynx lynx,Carnivora,Felidae,19300,19.3,136.35,PanTHERIA_WR05
Lynx pardinus,Carnivora,Felidae,11050,11.05,7.19,PanTHERIA_WR05
Lynx rufus,Carnivora,Felidae,6374.47,6.37447,31.2,PanTHERIA_WR05
Macaca fascicularis,Primates,Cercopithecidae,4569.32,4.56932,0.46,PanTHERIA_WR05
Macaca fuscata,Primates,Cercopithecidae,10114.76,10.11476,1.43,PanTHERIA_WR05
Macaca mulatta,Primates,Cercopithecidae,6455.19,6.45519,5.91,PanTHERIA_WR05
Macaca nemestrina,Primates,Cercopithecidae,7820.78,7.82078,1.75,PanTHERIA_WR05
Macaca radiata,Primates,Cercopithecidae,4999.99,4.99999,0.88,PanTHERIA_WR05
Macaca silenus,Primates,Cercopithecidae,5995.25,5.99525,0.88,PanTHERIA_WR05
Macaca sinica,Primates,Cercopithecidae,4655.99,4.65599,0.4,PanTHERIA_WR05
Macaca sylvanus,Primates,Cercopithecidae,11471.53,11.47153,2.63,PanTHERIA_WR05
Meriones hurrianae,Rodentia,Muridae,71.02,0.07102,0.000103565,PanTHERIA_WR05
Macropus antilopinus,Diprotodontia,Macropodidae,27250.1,27.2501,0.5,PanTHERIA_WR05
Macropus dorsalis,Diprotodontia,Macropodidae,11249.96,11.24996,0.71,PanTHERIA_WR05
Macropus fuliginosus,Diprotodontia,Macropodidae,25564.7,25.5647,2.52,PanTHERIA_WR05
Macropus giganteus,Diprotodontia,Macropodidae,33409.89,33.40989,0.41,PanTHERIA_WR05
Macropus robustus,Diprotodontia,Macropodidae,25978.92,25.97892,0.98,PanTHERIA_WR05
Macropus rufogriseus,Diprotodontia,Macropodidae,16850,16.85,0.12,PanTHERIA_WR05
Macropus rufus,Diprotodontia,Macropodidae,38968.39,38.96839,4.08,PanTHERIA_WR05
Macroscelides proboscideus,Macroscelidea,Macroscelididae,38.64,0.03864,0.7,PanTHERIA_WR05
Madoqua guentheri,Artiodactyla,Bovidae,4623.7,4.6237,0.03,PanTHERIA_WR05
Malacomys edwardsi,Rodentia,Muridae,63.78,0.06378,0.002848797,PanTHERIA_WR05
Mandrillus sphinx,Primates,Cercopithecidae,16685.06,16.68506,26.34,PanTHERIA_WR05
Martes americana,Carnivora,Mustelidae,873.69,0.87369,3.66,PanTHERIA_WR05
Martes foina,Carnivora,Mustelidae,1675,1.675,2.15,PanTHERIA_WR05
Martes martes,Carnivora,Mustelidae,1299.99,1.29999,2.15,PanTHERIA_WR05
Martes pennanti,Carnivora,Mustelidae,3750,3.75,14.89,PanTHERIA_WR05
Martes zibellina,Carnivora,Mustelidae,1173.91,1.17391,12.71,PanTHERIA_WR05
Mastacomys fuscus,Rodentia,Muridae,125.72,0.12572,0.000491678,PanTHERIA_WR05
Mastomys natalensis,Rodentia,Muridae,41.85,0.04185,0.000918251,PanTHERIA_WR05
Melursus ursinus,Carnivora,Ursidae,99999.99,99.99999,7.69,PanTHERIA_WR05
Mephitis mephitis,Carnivora,Mephitidae,2399.99,2.39999,2.32,PanTHERIA_WR05
Microtus mexicanus,Rodentia,Cricetidae,34.88,0.03488,0.000876185,PanTHERIA_WR05
Microtus miurus,Rodentia,Cricetidae,41,0.041,0.000871042,PanTHERIA_WR05
Microtus montanus,Rodentia,Cricetidae,42.85,0.04285,0.000118315,PanTHERIA_WR05
Microtus ochrogaster,Rodentia,Cricetidae,42.5,0.0425,0.000255014,PanTHERIA_WR05
Microtus oeconomus,Rodentia,Cricetidae,33.1,0.0331,0.001176411,PanTHERIA_WR05
Microtus oregoni,Rodentia,Cricetidae,20.35,0.02035,0.000533681,PanTHERIA_WR05
Microtus pennsylvanicus,Rodentia,Cricetidae,42.53,0.04253,0.000277446,PanTHERIA_WR05
Microtus pinetorum,Rodentia,Cricetidae,25.95,0.02595,0.001048491,PanTHERIA_WR05
Microtus richardsoni,Rodentia,Cricetidae,85.5,0.0855,0.000285368,PanTHERIA_WR05
Microtus townsendii,Rodentia,Cricetidae,52.02,0.05202,0.000576965,PanTHERIA_WR05
Microtus xanthognathus,Rodentia,Cricetidae,92.65,0.09265,0.001022511,PanTHERIA_WR05
Millardia meltada,Rodentia,Muridae,67.17,0.06717,0.000926123,PanTHERIA_WR05
Muntiacus reevesi,Artiodactyla,Cervidae,13499.94,13.49994,0.12,PanTHERIA_WR05
Nectomys squamipes,Rodentia,Cricetidae,184.98,0.18498,0.00155313,PanTHERIA_WR05
Microcavia australis,Rodentia,Caviidae,261.49,0.26149,0.002938105,PanTHERIA_WR05
Microcebus murinus,Primates,Cheirogaleidae,69,0.069,0.01,PanTHERIA_WR05
Microcebus rufus,Primates,Cheirogaleidae,48.39,0.04839,0.01,PanTHERIA_WR05
Microdipodops megacephalus,Rodentia,Heteromyidae,12.3,0.0123,0.004385806,PanTHERIA_WR05
Microtus agrestis,Rodentia,Cricetidae,35.87,0.03587,0.000683908,PanTHERIA_WR05
Microtus arvalis,Rodentia,Cricetidae,26.9,0.0269,0.000531047,PanTHERIA_WR05
Microtus californicus,Rodentia,Cricetidae,57.42,0.05742,6.67285e-05,PanTHERIA_WR05
Microtus canicaudus,Rodentia,Cricetidae,29.93,0.02993,8.42627e-05,PanTHERIA_WR05
Myrmecobius fasciatus,Dasyuromorphia,Myrmecobiidae,511.44,0.51144,0.24,PanTHERIA_WR05
Myrmecophaga tridactyla,Pilosa,Myrmecophagidae,29531.83,29.53183,4,PanTHERIA_WR05
Nandinia binotata,Carnivora,Nandiniidae,2167.2,2.1672,0.55,PanTHERIA_WR05
Mus booduga,Rodentia,Muridae,13.78,0.01378,0.000967874,PanTHERIA_WR05
Mus musculus,Rodentia,Muridae,19.3,0.0193,0.0005162,PanTHERIA_WR05
Mus spretus,Rodentia,Muridae,16.67,0.01667,0.000203629,PanTHERIA_WR05
Muscardinus avellanarius,Rodentia,Gliridae,29.19,0.02919,0.003271485,PanTHERIA_WR05
Mustela erminea,Carnivora,Mustelidae,284.5,0.2845,0.11,PanTHERIA_WR05
Mustela frenata,Carnivora,Mustelidae,190.03,0.19003,0.21,PanTHERIA_WR05
Mustela lutreola,Carnivora,Mustelidae,566.44,0.56644,0.17,PanTHERIA_WR05
Mustela nigripes,Carnivora,Mustelidae,907.1,0.9071,0.83,PanTHERIA_WR05
Mustela nivalis,Carnivora,Mustelidae,78.45,0.07845,0.07,PanTHERIA_WR05
Mustela putorius,Carnivora,Mustelidae,975.55,0.97555,0.53,PanTHERIA_WR05
Mustela sibirica,Carnivora,Mustelidae,530.85,0.53085,3.41,PanTHERIA_WR05
Myocastor coypus,Rodentia,Myocastoridae,6361.55,6.36155,0.02,PanTHERIA_WR05
Myodes californicus,Rodentia,Cricetidae,18.3,0.0183,0.001246353,PanTHERIA_WR05
Myodes gapperi,Rodentia,Cricetidae,19.83,0.01983,0.000463061,PanTHERIA_WR05
Myodes glareolus,Rodentia,Cricetidae,20.73,0.02073,0.000951778,PanTHERIA_WR05
Myoprocta acouchy,Rodentia,Dasyproctidae,954.87,0.95487,0.008591924,PanTHERIA_WR05
Myopus schisticolor,Rodentia,Cricetidae,29.99,0.02999,0.000766498,PanTHERIA_WR05
Napaeozapus insignis,Rodentia,Dipodidae,22.25,0.02225,0.01,PanTHERIA_WR05
Nasalis larvatus,Primates,Cercopithecidae,12265.65,12.26565,1.4,PanTHERIA_WR05
Nasua narica,Carnivora,Procyonidae,4578.43,4.57843,0.78,PanTHERIA_WR05
Nasua nasua,Carnivora,Procyonidae,3775.5,3.7755,0.79,PanTHERIA_WR05
Neofiber alleni,Rodentia,Cricetidae,265.38,0.26538,3.79558e-05,PanTHERIA_WR05
Neomys fodiens,Soricomorpha,Soricidae,15.26,0.01526,0.000156744,PanTHERIA_WR05
Neotoma albigula,Rodentia,Cricetidae,208.18,0.20818,0.000197477,PanTHERIA_WR05
Neotoma cinerea,Rodentia,Cricetidae,285.89,0.28589,0.03,PanTHERIA_WR05
Neotoma floridana,Rodentia,Cricetidae,249.16,0.24916,0.001763588,PanTHERIA_WR05
Neotoma fuscipes,Rodentia,Cricetidae,213.26,0.21326,0.001759369,PanTHERIA_WR05
Neotoma lepida,Rodentia,Cricetidae,143.88,0.14388,0.001105651,PanTHERIA_WR05
Ochotona cansus,Lagomorpha,Ochotonidae,68.75,0.06875,0.000567109,PanTHERIA_WR05
Ochotona collaris,Lagomorpha,Ochotonidae,129,0.129,0.001003006,PanTHERIA_WR05
Ochotona curzoniae,Lagomorpha,Ochotonidae,159.47,0.15947,0.001073894,PanTHERIA_WR05
Ochotona hyperborea,Lagomorpha,Ochotonidae,120,0.12,0.002148301,PanTHERIA_WR05
Ochotona princeps,Lagomorpha,Ochotonidae,157.63,0.15763,0.001114724,PanTHERIA_WR05
Okapia johnstoni,Artiodactyla,Giraffidae,230001.14,230.00114,4.63,PanTHERIA_WR05
Oligoryzomys longicaudatus,Rodentia,Cricetidae,27.54,0.02754,0.000641437,PanTHERIA_WR05
Ondatra zibethicus,Rodentia,Cricetidae,991.31,0.99131,0.003209364,PanTHERIA_WR05
Onychogalea fraenata,Diprotodontia,Macropodidae,4952.05,4.95205,0.33,PanTHERIA_WR05
Oryzomys megacephalus,Rodentia,Cricetidae,57,0.057,0.006039781,PanTHERIA_WR05
Oryzomys palustris,Rodentia,Cricetidae,53.26,0.05326,0.002784913,PanTHERIA_WR05
Neotoma micropus,Rodentia,Cricetidae,255.14,0.25514,0.000200287,PanTHERIA_WR05
Neotomodon alstoni,Rodentia,Cricetidae,44.64,0.04464,0.001524967,PanTHERIA_WR05
Nesomys audeberti,Rodentia,Nesomyidae,214.04,0.21404,0.007414147,PanTHERIA_WR05
Nesomys rufus,Rodentia,Nesomyidae,163.96,0.16396,0.003902215,PanTHERIA_WR05
Neurotrichus gibbsii,Soricomorpha,Talpidae,9.56,0.00956,0.002858953,PanTHERIA_WR05
Nomascus concolor,Primates,Hylobatidae,6410.47,6.41047,1.05,PanTHERIA_WR05
Nyctereutes procyonoides,Carnivora,Canidae,4214.99,4.21499,1.15,PanTHERIA_WR05
Ochrotomys nuttalli,Rodentia,Cricetidae,22.81,0.02281,0.003362546,PanTHERIA_WR05
Odocoileus hemionus,Artiodactyla,Cervidae,84560.57,84.56057,2.01,PanTHERIA_WR05
Odocoileus virginianus,Artiodactyla,Cervidae,75901.25,75.90125,1.99,PanTHERIA_WR05
Onychomys leucogaster,Rodentia,Cricetidae,27.92,0.02792,0.02,PanTHERIA_WR05
Onychomys torridus,Rodentia,Cricetidae,21.68,0.02168,0.01,PanTHERIA_WR05
Orcinus orca,Cetacea,Delphinidae,5628758.7,5628.7587,79244.72,PanTHERIA_WR05
Oreamnos americanus,Artiodactyla,Bovidae,72105.4,72.1054,18.17,PanTHERIA_WR05
Ornithorhynchus anatinus,Monotremata,Ornithorhynchidae,1484.25,1.48425,0.07,PanTHERIA_WR05
Oryctolagus cuniculus,Lagomorpha,Leporidae,1590.57,1.59057,0.04,PanTHERIA_WR05
Otocyon megalotis,Carnivora,Canidae,4098.12,4.09812,1.13,PanTHERIA_WR05
Otolemur crassicaudatus,Primates,Galagidae,1206.61,1.20661,0.06,PanTHERIA_WR05
Otolemur garnettii,Primates,Galagidae,811.17,0.81117,0.12,PanTHERIA_WR05
Otomys irroratus,Rodentia,Muridae,114.45,0.11445,0.001303714,PanTHERIA_WR05
Ovis ammon,Artiodactyla,Bovidae,113998.72,113.99872,4.59,PanTHERIA_WR05
Ovis canadensis,Artiodactyla,Bovidae,74644.87,74.64487,18.94,PanTHERIA_WR05
Ovis dalli,Artiodactyla,Bovidae,70194.13,70.19413,10.15,PanTHERIA_WR05
Ozotoceros bezoarticus,Artiodactyla,Cervidae,34620.4,34.6204,6.16,PanTHERIA_WR05
Paguma larvata,Carnivora,Viverridae,4300,4.3,2.88,PanTHERIA_WR05
Pan paniscus,Primates,Hominidae,35119.95,35.11995,27.93,PanTHERIA_WR05
Pan troglodytes,Primates,Hominidae,45000,45,10.85,PanTHERIA_WR05
Panthera leo,Carnivora,Felidae,158623.93,158.62393,55.19,PanTHERIA_WR05
Panthera onca,Carnivora,Felidae,83943.09,83.94309,52.55,PanTHERIA_WR05
Panthera pardus,Carnivora,Felidae,52399.99,52.39999,18.78,PanTHERIA_WR05
Panthera tigris,Carnivora,Felidae,161914.66,161.91466,64.89,PanTHERIA_WR05
Papio anubis,Primates,Cercopithecidae,17728.56,17.72856,4.83,PanTHERIA_WR05
Papio cynocephalus,Primates,Cercopithecidae,15822.15,15.82215,14.95,PanTHERIA_WR05
Papio hamadryas,Primates,Cercopithecidae,14007.08,14.00708,17.37,PanTHERIA_WR05
Papio ursinus,Primates,Cercopithecidae,17729.44,17.72944,9.12,PanTHERIA_WR05
Paradoxurus hermaphroditus,Carnivora,Viverridae,3200,3.2,4.15,PanTHERIA_WR05
Paramelomys rubex,Rodentia,Muridae,47.16,0.04716,0.007363214,PanTHERIA_WR05
Parascalops breweri,Soricomorpha,Talpidae,51.11,0.05111,4.15528e-05,PanTHERIA_WR05
Paraxerus cepapi,Rodentia,Sciuridae,222.85,0.22285,0.004512132,PanTHERIA_WR05
Paraxerus palliatus,Rodentia,Sciuridae,365.37,0.36537,0.02,PanTHERIA_WR05
Pecari tajacu,Artiodactyla,Tayassuidae,21133.69,21.13369,1.37,PanTHERIA_WR05
Perameles bougainville,Peramelemorphia,Peramelidae,230.8,0.2308,0.07,PanTHERIA_WR05
Perameles gunnii,Peramelemorphia,Peramelidae,903.46,0.90346,0.02,PanTHERIA_WR05
Perodicticus potto,Primates,Lorisidae,1081.81,1.08181,0.11,PanTHERIA_WR05
Perognathus flavescens,Rodentia,Heteromyidae,9.21,0.00921,0.000329061,PanTHERIA_WR05
Perognathus flavus,Rodentia,Heteromyidae,7.97,0.00797,0.001896819,PanTHERIA_WR05
Perognathus inornatus,Rodentia,Heteromyidae,10.16,0.01016,0.000176546,PanTHERIA_WR05
Perognathus longimembris,Rodentia,Heteromyidae,8.07,0.00807,0.002322898,PanTHERIA_WR05
Perognathus merriami,Rodentia,Heteromyidae,6.94,0.00694,0.008251478,PanTHERIA_WR05
Perognathus parvus,Rodentia,Heteromyidae,21.56,0.02156,0.001580096,PanTHERIA_WR05
Peromyscus attwateri,Rodentia,Cricetidae,27.9,0.0279,0.00180695,PanTHERIA_WR05
Peromyscus boylii,Rodentia,Cricetidae,23.9,0.0239,0.002848598,PanTHERIA_WR05
Peromyscus californicus,Rodentia,Cricetidae,42.68,0.04268,0.001126808,PanTHERIA_WR05
Peromyscus crinitus,Rodentia,Cricetidae,16.32,0.01632,0.003136673,PanTHERIA_WR05
Peromyscus eremicus,Rodentia,Cricetidae,22.73,0.02273,0.002263355,PanTHERIA_WR05
Peromyscus gossypinus,Rodentia,Cricetidae,27.68,0.02768,0.00396074,PanTHERIA_WR05
Peromyscus keeni,Rodentia,Cricetidae,28.25,0.02825,0.003267089,PanTHERIA_WR05
Peromyscus leucopus,Rodentia,Cricetidae,18.07,0.01807,0.000886749,PanTHERIA_WR05
Pteronura brasiliensis,Carnivora,Mustelidae,26000,26,85.85,PanTHERIA_WR05
Peromyscus maniculatus,Rodentia,Cricetidae,19.98,0.01998,0.002028926,PanTHERIA_WR05
Peromyscus melanotis,Rodentia,Cricetidae,39.59,0.03959,0.000513365,PanTHERIA_WR05
Peromyscus pectoralis,Rodentia,Cricetidae,38.99,0.03899,0.002436912,PanTHERIA_WR05
Peromyscus polionotus,Rodentia,Cricetidae,14.27,0.01427,0.003254633,PanTHERIA_WR05
Peromyscus truei,Rodentia,Cricetidae,27,0.027,0.009130385,PanTHERIA_WR05
Petauroides volans,Diprotodontia,Pseudocheiridae,1257.17,1.25717,0.01,PanTHERIA_WR05
Petaurus australis,Diprotodontia,Petauridae,567.15,0.56715,0.36,PanTHERIA_WR05
Petaurus breviceps,Diprotodontia,Petauridae,120.76,0.12076,0.01,PanTHERIA_WR05
Petaurus norfolcensis,Diprotodontia,Petauridae,230,0.23,0.02,PanTHERIA_WR05
Petrodromus tetradactylus,Macroscelidea,Macroscelididae,201,0.201,0.00980236,PanTHERIA_WR05
Petrogale assimilis,Diprotodontia,Macropodidae,4618.88,4.61888,0.09,PanTHERIA_WR05
Phacochoerus aethiopicus,Artiodactyla,Suidae,75607.52,75.60752,1.35,PanTHERIA_WR05
Phacochoerus africanus,Artiodactyla,Suidae,82499.99,82.49999,1.55,PanTHERIA_WR05
Phaner furcifer,Primates,Cheirogaleidae,409.87,0.40987,0.02,PanTHERIA_WR05
Phascogale calura,Dasyuromorphia,Dasyuridae,43.03,0.04303,0.03,PanTHERIA_WR05
Phascolarctos cinereus,Diprotodontia,Phascolarctidae,6528.74,6.52874,0.01,PanTHERIA_WR05
Philander opossum,Didelphimorphia,Didelphidae,425.81,0.42581,0.003071815,PanTHERIA_WR05
Proechimys brevicauda,Rodentia,Echimyidae,284.99,0.28499,0.004969113,PanTHERIA_WR05
Proechimys cuvieri,Rodentia,Echimyidae,339.85,0.33985,0.004517324,PanTHERIA_WR05
Proechimys guairae,Rodentia,Echimyidae,349.28,0.34928,0.006001134,PanTHERIA_WR05
Proechimys guyannensis,Rodentia,Echimyidae,314.03,0.31403,0.001047581,PanTHERIA_WR05
Proechimys longicaudatus,Rodentia,Echimyidae,205,0.205,0.002439947,PanTHERIA_WR05
Proechimys semispinosus,Rodentia,Echimyidae,353.32,0.35332,0.001730355,PanTHERIA_WR05
Proechimys simonsi,Rodentia,Echimyidae,284.99,0.28499,0.00365992,PanTHERIA_WR05
Prolemur simus,Primates,Lemuridae,2030.41,2.03041,0.62,PanTHERIA_WR05
Propithecus diadema,Primates,Indriidae,6568.99,6.56899,0.21,PanTHERIA_WR05
Propithecus tattersalli,Primates,Indriidae,3531.39,3.53139,0.06,PanTHERIA_WR05
Propithecus verreauxi,Primates,Indriidae,3588.26,3.58826,0.03,PanTHERIA_WR05
Pteromys volans,Rodentia,Sciuridae,143.09,0.14309,0.05,PanTHERIA_WR05
Rhynchocyon chrysopygus,Macroscelidea,Macroscelididae,535.2,0.5352,0.02,PanTHERIA_WR05
Sorex minutus,Soricomorpha,Soricidae,4.32,0.00432,0.001079653,PanTHERIA_WR05
Sorex monticolus,Soricomorpha,Soricidae,6.92,0.00692,0.001737053,PanTHERIA_WR05
Piliocolobus badius,Primates,Cercopithecidae,8430.4,8.4304,0.42,PanTHERIA_WR05
Piliocolobus kirkii,Primates,Cercopithecidae,7158.29,7.15829,0.42,PanTHERIA_WR05
Piliocolobus preussi,Primates,Cercopithecidae,8865.71,8.86571,0.39,PanTHERIA_WR05
Piliocolobus rufomitratus,Primates,Cercopithecidae,8030.75,8.03075,0.05,PanTHERIA_WR05
Pithecia pithecia,Primates,Pitheciidae,1667.19,1.66719,0.04,PanTHERIA_WR05
Podomys floridanus,Rodentia,Cricetidae,30.74,0.03074,0.002788764,PanTHERIA_WR05
Pongo pygmaeus,Primates,Hominidae,53408.29,53.40829,3.88,PanTHERIA_WR05
Potamochoerus larvatus,Artiodactyla,Suidae,69063.79,69.06379,4.47,PanTHERIA_WR05
Potorous longipes,Diprotodontia,Potoroidae,1835.06,1.83506,0.29,PanTHERIA_WR05
Potos flavus,Carnivora,Procyonidae,2441.81,2.44181,0.22,PanTHERIA_WR05
Praomys tullbergi,Rodentia,Muridae,37.1,0.0371,0.001625591,PanTHERIA_WR05
Presbytis comata,Primates,Cercopithecidae,6550.07,6.55007,0.13,PanTHERIA_WR05
Presbytis femoralis,Primates,Cercopithecidae,7026.91,7.02691,0.07,PanTHERIA_WR05
Presbytis hosei,Primates,Cercopithecidae,6277.78,6.27778,0.2,PanTHERIA_WR05
Presbytis melalophos,Primates,Cercopithecidae,6439.12,6.43912,0.12,PanTHERIA_WR05
Presbytis potenziani,Primates,Cercopithecidae,6449.53,6.44953,0.12,PanTHERIA_WR05
Presbytis rubicunda,Primates,Cercopithecidae,6348.53,6.34853,0.5,PanTHERIA_WR05
Presbytis thomasi,Primates,Cercopithecidae,6689.99,6.68999,0.09,PanTHERIA_WR05
Priodontes maximus,Cingulata,Dasypodidae,40641.89,40.64189,3.19,PanTHERIA_WR05
Prionailurus bengalensis,Carnivora,Felidae,2780.97,2.78097,1.87,PanTHERIA_WR05
Procavia capensis,Hyracoidea,Procaviidae,2952.48,2.95248,0.002638607,PanTHERIA_WR05
Procolobus verus,Primates,Cercopithecidae,3977.86,3.97786,0.17,PanTHERIA_WR05
Procyon lotor,Carnivora,Procyonidae,6373.72,6.37372,4.62,PanTHERIA_WR05
Proteles cristata,Carnivora,Hyaenidae,8139.39,8.13939,1.51,PanTHERIA_WR05
Pseudocheirus peregrinus,Diprotodontia,Pseudocheiridae,895.22,0.89522,0.00931273,PanTHERIA_WR05
Pseudomys chapmani,Rodentia,Muridae,10.95,0.01095,0.05,PanTHERIA_WR05
Pseudomys higginsi,Rodentia,Muridae,63.16,0.06316,0.002011653,PanTHERIA_WR05
Pudu puda,Artiodactyla,Cervidae,9642.62,9.64262,0.17,PanTHERIA_WR05
Puma concolor,Carnivora,Felidae,53954.05,53.95405,129.89,PanTHERIA_WR05
Puma yagouaroundi,Carnivora,Felidae,6875,6.875,52.35,PanTHERIA_WR05
Pygeretmus pumilio,Rodentia,Dipodidae,52.24,0.05224,0.002441076,PanTHERIA_WR05
Rucervus duvaucelii,Artiodactyla,Cervidae,171223.86,171.22386,14.11,PanTHERIA_WR05
Rupicapra rupicapra,Artiodactyla,Bovidae,33266.35,33.26635,2.65,PanTHERIA_WR05
Saccostomus mearnsi,Rodentia,Nesomyidae,64.91,0.06491,0.001303656,PanTHERIA_WR05
Saguinus fuscicollis,Primates,Cebidae,393.99,0.39399,0.2,PanTHERIA_WR05
Rangifer tarandus,Artiodactyla,Cervidae,109088.5,109.0885,2771.22,PanTHERIA_WR05
Raphicerus campestris,Artiodactyla,Bovidae,11661.53,11.66153,0.43,PanTHERIA_WR05
Rattus everetti,Rodentia,Muridae,253.53,0.25353,0.005001891,PanTHERIA_WR05
Rattus exulans,Rodentia,Muridae,50.63,0.05063,0.000935769,PanTHERIA_WR05
Rattus niobe,Rodentia,Muridae,45.07,0.04507,0.001058952,PanTHERIA_WR05
Rattus norvegicus,Rodentia,Muridae,282.89,0.28289,0.002927936,PanTHERIA_WR05
Rattus rattus,Rodentia,Muridae,142.68,0.14268,0.00231795,PanTHERIA_WR05
Rattus verecundus,Rodentia,Muridae,97.02,0.09702,0.001058952,PanTHERIA_WR05
Redunca fulvorufula,Artiodactyla,Bovidae,29352.66,29.35266,0.07,PanTHERIA_WR05
Reithrodontomys fulvescens,Rodentia,Cricetidae,11.55,0.01155,0.001343843,PanTHERIA_WR05
Reithrodontomys humulis,Rodentia,Cricetidae,8.25,0.00825,0.003188291,PanTHERIA_WR05
Reithrodontomys megalotis,Rodentia,Cricetidae,10.72,0.01072,0.001008937,PanTHERIA_WR05
Reithrodontomys montanus,Rodentia,Cricetidae,10.9,0.0109,0.002290248,PanTHERIA_WR05
Reithrodontomys raviventris,Rodentia,Cricetidae,10.95,0.01095,0.001664605,PanTHERIA_WR05
Rhinoceros unicornis,Perissodactyla,Rhinocerotidae,1843655.8,1843.6558,4.23,PanTHERIA_WR05
Rhinopithecus bieti,Primates,Cercopithecidae,11000.54,11.00054,20.4,PanTHERIA_WR05
Rhinopithecus brelichi,Primates,Cercopithecidae,12267.15,12.26715,7.41,PanTHERIA_WR05
Rhinopithecus roxellana,Primates,Cercopithecidae,13456.8,13.4568,24.28,PanTHERIA_WR05
Saguinus geoffroyi,Primates,Cebidae,492.5,0.4925,0.16,PanTHERIA_WR05
Saguinus imperator,Primates,Cebidae,407.91,0.40791,0.22,PanTHERIA_WR05
Saguinus labiatus,Primates,Cebidae,508.46,0.50846,0.19,PanTHERIA_WR05
Saguinus midas,Primates,Cebidae,540.56,0.54056,0.05,PanTHERIA_WR05
Saguinus mystax,Primates,Cebidae,555.87,0.55587,0.21,PanTHERIA_WR05
Saguinus nigricollis,Primates,Cebidae,450,0.45,0.25,PanTHERIA_WR05
Saguinus oedipus,Primates,Cebidae,462.04,0.46204,0.06,PanTHERIA_WR05
Spermophilus beecheyi,Rodentia,Sciuridae,597.82,0.59782,0.000293039,PanTHERIA_WR05
Sorex unguiculatus,Soricomorpha,Soricidae,14.11,0.01411,8.51806e-05,PanTHERIA_WR05
Sorex vagrans,Soricomorpha,Soricidae,5.99,0.00599,0.002073312,PanTHERIA_WR05
Spermophilus columbianus,Rodentia,Sciuridae,470.94,0.47094,0.001090594,PanTHERIA_WR05
Spermophilus elegans,Rodentia,Sciuridae,324.45,0.32445,0.00191853,PanTHERIA_WR05
Saimiri oerstedii,Primates,Cebidae,714.18,0.71418,0.1,PanTHERIA_WR05
Saimiri sciureus,Primates,Cebidae,749.47,0.74947,0.68,PanTHERIA_WR05
Scalopus aquaticus,Soricomorpha,Talpidae,87.15,0.08715,0.005706842,PanTHERIA_WR05
Scapanus orarius,Soricomorpha,Talpidae,62.13,0.06213,0.001058952,PanTHERIA_WR05
Sciurus aberti,Rodentia,Sciuridae,622.95,0.62295,0.05,PanTHERIA_WR05
Sciurus aureogaster,Rodentia,Sciuridae,455.57,0.45557,0.01,PanTHERIA_WR05
Sciurus carolinensis,Rodentia,Sciuridae,545.4,0.5454,0.008569038,PanTHERIA_WR05
Sciurus deppei,Rodentia,Sciuridae,249.5,0.2495,0.01,PanTHERIA_WR05
Sciurus granatensis,Rodentia,Sciuridae,318.44,0.31844,0.007784702,PanTHERIA_WR05
Sciurus griseus,Rodentia,Sciuridae,703.85,0.70385,0.008025903,PanTHERIA_WR05
Sciurus lis,Rodentia,Sciuridae,264.3,0.2643,0.13,PanTHERIA_WR05
Sciurus vulgaris,Rodentia,Sciuridae,333,0.333,0.05,PanTHERIA_WR05
Semnopithecus entellus,Primates,Cercopithecidae,12679.29,12.67929,1.3,PanTHERIA_WR05
Sigmodon hispidus,Rodentia,Cricetidae,110.65,0.11065,0.002399307,PanTHERIA_WR05
Sigmodon ochrognathus,Rodentia,Cricetidae,122,0.122,0.001664175,PanTHERIA_WR05
Simias concolor,Primates,Cercopithecidae,7393.9,7.3939,0.1,PanTHERIA_WR05
Sminthopsis leucopus,Dasyuromorphia,Dasyuridae,23.36,0.02336,0.008904945,PanTHERIA_WR05
Sorex araneus,Soricomorpha,Soricidae,9.18,0.00918,0.000446055,PanTHERIA_WR05
Sorex arcticus,Soricomorpha,Soricidae,8.19,0.00819,0.004174389,PanTHERIA_WR05
Sorex caecutiens,Soricomorpha,Soricidae,6.3,0.0063,0.000203282,PanTHERIA_WR05
Sorex cinereus,Soricomorpha,Soricidae,4.2,0.0042,0.004044228,PanTHERIA_WR05
Sorex coronatus,Soricomorpha,Soricidae,9.32,0.00932,0.0003073,PanTHERIA_WR05
Sorex gracillimus,Soricomorpha,Soricidae,4.4,0.0044,0.000316461,PanTHERIA_WR05
Sorex palustris,Soricomorpha,Soricidae,13.07,0.01307,0.002320105,PanTHERIA_WR05
Spalacopus cyanus,Rodentia,Octodontidae,100.86,0.10086,7.86164e-05,PanTHERIA_WR05
Aepyceros melampus,Artiodactyla,Bovidae,52591.69,52.59169,1.97,PanTHERIA_WR05
Spermophilus franklinii,Rodentia,Sciuridae,457.64,0.45764,0.13,PanTHERIA_WR05
Spermophilus mohavensis,Rodentia,Sciuridae,213.18,0.21318,0.01,PanTHERIA_WR05
Spermophilus mollis,Rodentia,Sciuridae,165.4,0.1654,0.000957999,PanTHERIA_WR05
Spermophilus parryii,Rodentia,Sciuridae,747.09,0.74709,0.02,PanTHERIA_WR05
Spermophilus richardsonii,Rodentia,Sciuridae,325.1,0.3251,0.00402332,PanTHERIA_WR05
Spermophilus spilosoma,Rodentia,Sciuridae,106.64,0.10664,0.009534137,PanTHERIA_WR05
Spermophilus tereticaudus,Rodentia,Sciuridae,147.57,0.14757,0.01,PanTHERIA_WR05
Spermophilus tridecemlineatus,Rodentia,Sciuridae,174.91,0.17491,0.01,PanTHERIA_WR05
Spermophilus undulatus,Rodentia,Sciuridae,742.91,0.74291,0.02,PanTHERIA_WR05
Spermophilus variegatus,Rodentia,Sciuridae,714.58,0.71458,0.03,PanTHERIA_WR05
Aethomys hindei,Rodentia,Muridae,140.65,0.14065,0.000609998,PanTHERIA_WR05
Ailuropoda melanoleuca,Carnivora,Ursidae,117999.99,117.99999,3.55,PanTHERIA_WR05
Ailurus fulgens,Carnivora,Ailuridae,5170.08,5.17008,1.43,PanTHERIA_WR05
Spilogale putorius,Carnivora,Mephitidae,566.49,0.56649,0.29,PanTHERIA_WR05
Stylodipus telum,Rodentia,Dipodidae,59.99,0.05999,0.00350188,PanTHERIA_WR05
Tragelaphus scriptus,Artiodactyla,Bovidae,43250.39,43.25039,0.02,PanTHERIA_WR05
Tragelaphus strepsiceros,Artiodactyla,Bovidae,206056.41,206.05641,835.1,PanTHERIA_WR05
Trichosurus caninus,Diprotodontia,Phalangeridae,3115.06,3.11506,0.02,PanTHERIA_WR05
Trichosurus vulpecula,Diprotodontia,Phalangeridae,2685.39,2.68539,0.03,PanTHERIA_WR05
Tapirus pinchaque,Perissodactyla,Tapiridae,156923.4,156.9234,6.38,PanTHERIA_WR05
Tarsipes rostratus,Diprotodontia,Tarsipedidae,9.66,0.00966,0.000814137,PanTHERIA_WR05
Tarsius bancanus,Primates,Tarsiidae,114.39,0.11439,0.01,PanTHERIA_WR05
Tarsius dentatus,Primates,Tarsiidae,110.42,0.11042,0.003855591,PanTHERIA_WR05
Acomys cahirinus,Rodentia,Muridae,41.16,0.04116,0.000880412,PanTHERIA_WR05
Acomys russatus,Rodentia,Muridae,42.35,0.04235,0.000488186,PanTHERIA_WR05
Acrobates pygmaeus,Diprotodontia,Acrobatidae,13.84,0.01384,0.005959065,PanTHERIA_WR05
Suricata suricatta,Carnivora,Herpestidae,729.99,0.72999,11.76,PanTHERIA_WR05
Sus salvanius,Artiodactyla,Suidae,7974.13,7.97413,0.15,PanTHERIA_WR05
Sus scrofa,Artiodactyla,Suidae,84471.54,84.47154,1.18,PanTHERIA_WR05
Sylvilagus aquaticus,Lagomorpha,Leporidae,2133.34,2.13334,0.01,PanTHERIA_WR05
Sylvilagus audubonii,Lagomorpha,Leporidae,880.88,0.88088,0.03,PanTHERIA_WR05
Sylvilagus bachmani,Lagomorpha,Leporidae,714.53,0.71453,0.0022227,PanTHERIA_WR05
Sylvilagus floridanus,Lagomorpha,Leporidae,1207.19,1.20719,0.01,PanTHERIA_WR05
Sylvilagus palustris,Lagomorpha,Leporidae,1355.23,1.35523,0.03,PanTHERIA_WR05
Sylvilagus transitionalis,Lagomorpha,Leporidae,813.51,0.81351,0.004289748,PanTHERIA_WR05
Symphalangus syndactylus,Primates,Hylobatidae,10839,10.839,0.22,PanTHERIA_WR05
Synaptomys cooperi,Rodentia,Cricetidae,28.01,0.02801,0.000847162,PanTHERIA_WR05
Syncerus caffer,Artiodactyla,Bovidae,592665.98,592.66598,63.73,PanTHERIA_WR05
Tachyglossus aculeatus,Monotremata,Tachyglossidae,4499.97,4.49997,0.44,PanTHERIA_WR05
Tachyoryctes splendens,Rodentia,Spalacidae,227.13,0.22713,7.80443e-05,PanTHERIA_WR05
Talpa europaea,Soricomorpha,Talpidae,87.53,0.08753,0.002281811,PanTHERIA_WR05
Talpa romana,Soricomorpha,Talpidae,92.5,0.0925,0.002738746,PanTHERIA_WR05
Tamandua mexicana,Pilosa,Myrmecophagidae,4178.51,4.17851,0.22,PanTHERIA_WR05
Tamandua tetradactyla,Pilosa,Myrmecophagidae,4800,4.8,2.72,PanTHERIA_WR05
Tamias amoenus,Rodentia,Sciuridae,50.63,0.05063,0.008434861,PanTHERIA_WR05
Tamias dorsalis,Rodentia,Sciuridae,63.66,0.06366,0.01,PanTHERIA_WR05
Tamias minimus,Rodentia,Sciuridae,42.87,0.04287,0.01,PanTHERIA_WR05
Tamias quadrimaculatus,Rodentia,Sciuridae,83.62,0.08362,0.005589918,PanTHERIA_WR05
Tamias quadrivittatus,Rodentia,Sciuridae,57.49,0.05749,0.02,PanTHERIA_WR05
Tamias rufus,Rodentia,Sciuridae,53.6,0.0536,0.007408495,PanTHERIA_WR05
Tamias senex,Rodentia,Sciuridae,89.35,0.08935,0.01,PanTHERIA_WR05
Tamias sibiricus,Rodentia,Sciuridae,94.16,0.09416,0.001508451,PanTHERIA_WR05
Tamias speciosus,Rodentia,Sciuridae,60.83,0.06083,0.01,PanTHERIA_WR05
Tamias townsendii,Rodentia,Sciuridae,79.12,0.07912,0.0072278,PanTHERIA_WR05
Tamias umbrinus,Rodentia,Sciuridae,51.75,0.05175,0.02,PanTHERIA_WR05
Tamiasciurus douglasii,Rodentia,Sciuridae,225,0.225,0.003531743,PanTHERIA_WR05
Tamiasciurus hudsonicus,Rodentia,Sciuridae,200.24,0.20024,0.007743219,PanTHERIA_WR05
Tapirus bairdii,Perissodactyla,Tapiridae,293781.59,293.78159,1.15,PanTHERIA_WR05
Tapirus indicus,Perissodactyla,Tapiridae,311209.19,311.20919,9.4,PanTHERIA_WR05
Tarsius syrichta,Primates,Tarsiidae,115.91,0.11591,0.007129928,PanTHERIA_WR05
Abrothrix olivaceus,Rodentia,Cricetidae,24.52,0.02452,0.000448137,PanTHERIA_WR05
Acinonyx jubatus,Carnivora,Felidae,50577.92,50.57792,88.27,PanTHERIA_WR05
Alcelaphus buselaphus,Artiodactyla,Bovidae,160937.86,160.93786,2.73,PanTHERIA_WR05
Alcelaphus lichtensteinii,Artiodactyla,Bovidae,168695.66,168.69566,4.41,PanTHERIA_WR05
Alces alces,Artiodactyla,Cervidae,461900.76,461.90076,71.75,PanTHERIA_WR05
Alouatta guariba,Primates,Atelidae,5188.33,5.18833,0.03,PanTHERIA_WR05
Alouatta palliata,Primates,Atelidae,6576.99,6.57699,0.19,PanTHERIA_WR05
Alouatta pigra,Primates,Atelidae,7172.06,7.17206,0.3,PanTHERIA_WR05
Alouatta seniculus,Primates,Atelidae,6398.31,6.39831,0.1,PanTHERIA_WR05
Amblysomus hottentotus,Afrosoricida,Chrysochloridae,62.6,0.0626,0.000334208,PanTHERIA_WR05
Ammospermophilus leucurus,Rodentia,Sciuridae,103.92,0.10392,0.04,PanTHERIA_WR05
Ammospermophilus nelsoni,Rodentia,Sciuridae,160.42,0.16042,0.03,PanTHERIA_WR05
Ammotragus lervia,Artiodactyla,Bovidae,94202.22,94.20222,7.06,PanTHERIA_WR05
Anomalurus derbianus,Rodentia,Anomaluridae,665.84,0.66584,0.04,PanTHERIA_WR05
Antechinus stuartii,Dasyuromorphia,Dasyuridae,29.01,0.02901,0.008782702,PanTHERIA_WR05
Antilocapra americana,Artiodactyla,Antilocapridae,47450.01,47.45001,8.05,PanTHERIA_WR05
Antilope cervicapra,Artiodactyla,Bovidae,36301.1,36.3011,0.62,PanTHERIA_WR05
Aonyx capensis,Carnivora,Mustelidae,19322.22,19.32222,99.74,PanTHERIA_WR05
Aotus trivirgatus,Primates,Aotidae,912.4,0.9124,0.02,PanTHERIA_WR05
Aplodontia rufa,Rodentia,Aplodontiidae,806.21,0.80621,0.001352133,PanTHERIA_WR05
Apodemus flavicollis,Rodentia,Muridae,31.6,0.0316,0.001253831,PanTHERIA_WR05
Apodemus sylvaticus,Rodentia,Muridae,21.9,0.0219,0.007114139,PanTHERIA_WR05
Apomys musculus,Rodentia,Muridae,21.2,0.0212,0.002683942,PanTHERIA_WR05
Tarsius tarsier,Primates,Tarsiidae,168.04,0.16804,0.02,PanTHERIA_WR05
Tatera indica,Rodentia,Muridae,138.28,0.13828,0.001368298,PanTHERIA_WR05
Taterillus pygargus,Rodentia,Muridae,60.19,0.06019,0.000415138,PanTHERIA_WR05
Taurotragus oryx,Artiodactyla,Bovidae,562592.69,562.59269,195.15,PanTHERIA_WR05
Taxidea taxus,Carnivora,Mustelidae,7842.15,7.84215,3.44,PanTHERIA_WR05
Tayassu pecari,Artiodactyla,Tayassuidae,31798.71,31.79871,40.97,PanTHERIA_WR05
Theropithecus gelada,Primates,Cercopithecidae,15964.11,15.96411,1.16,PanTHERIA_WR05
Thomomys bottae,Rodentia,Geomyidae,122.7,0.1227,9.89232e-05,PanTHERIA_WR05
Thomomys mazama,Rodentia,Geomyidae,93.07,0.09307,9.05052e-05,PanTHERIA_WR05
Thomomys monticola,Rodentia,Geomyidae,80.99,0.08099,5.73596e-05,PanTHERIA_WR05
Thylamys elegans,Didelphimorphia,Didelphidae,28.9,0.0289,0.000705614,PanTHERIA_WR05
Thylamys velutinus,Didelphimorphia,Didelphidae,20.69,0.02069,0.02,PanTHERIA_WR05
Thylogale stigmatica,Diprotodontia,Macropodidae,4511.47,4.51147,0.02,PanTHERIA_WR05
Thylogale thetis,Diprotodontia,Macropodidae,5399.95,5.39995,0.1,PanTHERIA_WR05
Trachypithecus auratus,Primates,Cercopithecidae,9719.6,9.7196,0.03,PanTHERIA_WR05
Trachypithecus cristatus,Primates,Cercopithecidae,7176.81,7.17681,0.12,PanTHERIA_WR05
Trachypithecus geei,Primates,Cercopithecidae,8356,8.356,2.22,PanTHERIA_WR05
Trachypithecus johnii,Primates,Cercopithecidae,10595.08,10.59508,0.08,PanTHERIA_WR05
Trachypithecus obscurus,Primates,Cercopithecidae,7247.88,7.24788,0.18,PanTHERIA_WR05
Trachypithecus phayrei,Primates,Cercopithecidae,7681.72,7.68172,0.17,PanTHERIA_WR05
Trachypithecus pileatus,Primates,Cercopithecidae,11219.93,11.21993,0.22,PanTHERIA_WR05
Trachypithecus vetulus,Primates,Cercopithecidae,7205.08,7.20508,0.02,PanTHERIA_WR05
Tragelaphus angasii,Artiodactyla,Bovidae,87616.76,87.61676,1.63,PanTHERIA_WR05
Trinomys iheringi,Rodentia,Echimyidae,220.39,0.22039,0.01,PanTHERIA_WR05
Tupaia glis,Scandentia,Tupaiidae,132.43,0.13243,0.008142403,PanTHERIA_WR05
Tursiops truncatus,Cetacea,Delphinidae,281040.55,281.04055,52.77,PanTHERIA_WR05
Uncia uncia,Carnivora,Felidae,32500,32.5,22.72,PanTHERIA_WR05
Urocyon cinereoargenteus,Carnivora,Canidae,3833.71,3.83371,1.83,PanTHERIA_WR05
Urocyon littoralis,Carnivora,Canidae,1923,1.923,0.42,PanTHERIA_WR05
Urotrichus talpoides,Soricomorpha,Talpidae,18.2,0.0182,0.001791593,PanTHERIA_WR05
Ursus americanus,Carnivora,Ursidae,110500,110.5,31.25,PanTHERIA_WR05
Ursus arctos,Carnivora,Ursidae,196287.5,196.2875,310.81,PanTHERIA_WR05
Ursus maritimus,Carnivora,Ursidae,371703.81,371.70381,77270.47,PanTHERIA_WR05
Ursus thibetanus,Carnivora,Ursidae,99714.19,99.71419,0.7,PanTHERIA_WR05
Varecia variegata,Primates,Lemuridae,3849.99,3.84999,1.39,PanTHERIA_WR05
Vicugna vicugna,Artiodactyla,Camelidae,47499.61,47.49961,0.12,PanTHERIA_WR05
Viverra zibetha,Carnivora,Viverridae,9148.77,9.14877,9.36,PanTHERIA_WR05
Vombatus ursinus,Diprotodontia,Vombatidae,26000,26,0.08,PanTHERIA_WR05
Vulpes cana,Carnivora,Canidae,988.5,0.9885,1.17,PanTHERIA_WR05
Vulpes lagopus,Carnivora,Canidae,3584.37,3.58437,14.1,PanTHERIA_WR05
Vulpes macrotis,Carnivora,Canidae,4499.97,4.49997,8.1,PanTHERIA_WR05
Vulpes rueppellii,Carnivora,Canidae,3249.97,3.24997,29.93,PanTHERIA_WR05
Vulpes velox,Carnivora,Canidae,2088,2.088,4.59,PanTHERIA_WR05
Vulpes vulpes,Carnivora,Canidae,4820.36,4.82036,3.5,PanTHERIA_WR05
Wallabia bicolor,Diprotodontia,Macropodidae,14999.95,14.99995,0.11,PanTHERIA_WR05
Xerus erythropus,Rodentia,Sciuridae,602.23,0.60223,0.09,PanTHERIA_WR05
Xerus rutilus,Rodentia,Sciuridae,316.96,0.31696,0.03,PanTHERIA_WR05
Zapus hudsonius,Rodentia,Dipodidae,18.43,0.01843,0.00185499,PanTHERIA_WR05
Zapus princeps,Rodentia,Dipodidae,27.2,0.0272,0.001944219,PanTHERIA_WR05
Zyzomys argurus,Rodentia,Muridae,40.42,0.04042,0.001039588,PanTHERIA_WR05
