species,order,family,mass_g,mass_kg,pop_density_per_km2,source
Camelus dromedarius,Artiodactyla,Camelidae,492714.47,492.71447,0.98,PanTHERIA_WR05
Canis adustus,Carnivora,Canidae,10392.49,10.39249,0.74,PanTHERIA_WR05
Canis aureus,Carnivora,Canidae,9658.7,9.6587,0.22,PanTHERIA_WR05
Canis latrans,Carnivora,Canidae,11989.1,11.9891,0.25,PanTHERIA_WR05
Canis lupus,Carnivora,Canidae,31756.51,31.75651,0.01,PanTHERIA_WR05
Bos frontalis,Artiodactyla,Bovidae,800143.05,800.14305,0.54,PanTHERIA_WR05
Bos javanicus,Artiodactyla,Bovidae,635974.34,635.97434,0.75,PanTHERIA_WR05
Callicebus cupreus,Primates,Pitheciidae,1117.02,1.11702,4.89,PanTHERIA_WR05
Caluromys derbianus,Didelphimorphia,Didelphidae,326.72,0.32672,11.86,PanTHERIA_WR05
Caluromys philander,Didelphimorphia,Didelphidae,246.47,0.24647,62.32,PanTHERIA_WR05
Caluromysiops irrupta,Didelphimorphia,Didelphidae,257.48,0.25748,8.85,PanTHERIA_WR05
Camelus bactrianus,Artiodactyla,Camelidae,554515.91,554.51591,0.06,PanTHERIA_WR05
Boselaphus tragocamelus,Artiodactyla,Bovidae,182253.04,182.25304,2.39,PanTHERIA_WR05
Canis mesomelas,Carnivora,Canidae,8247.3,8.2473,0.74,PanTHERIA_WR05
Canis simensis,Carnivora,Canidae,14361.86,14.36186,1.2,PanTHERIA_WR05
Capra hircus,Artiodactyla,Bovidae,47386.47,47.38647,7.58,PanTHERIA_WR05
Ateles belzebuth,Primates,Atelidae,6692.42,6.69242,13.49,PanTHERIA_WR05
Ateles chamek,Primates,Atelidae,7053.92,7.05392,3.39,PanTHERIA_WR05
Ateles geoffroyi,Primates,Atelidae,7582.4,7.5824,19.06,PanTHERIA_WR05
Ateles paniscus,Primates,Atelidae,8697.25,8.69725,8,PanTHERIA_WR05
Callicebus moloch,Primates,Pitheciidae,958.13,0.95813,18.43,PanTHERIA_WR05
Callicebus personatus,Primates,Pitheciidae,1390.8,1.3908,13.03,PanTHERIA_WR05
Callicebus torquatus,Primates,Pitheciidae,1209.57,1.20957,10.2,PanTHERIA_WR05
Callimico goeldii,Primates,Cebidae,558,0.558,2.08,PanTHERIA_WR05
Callithrix argentata,Primates,Cebidae,382.92,0.38292,7.52,PanTHERIA_WR05
Callithrix flaviceps,Primates,Cebidae,372.97,0.37297,11.85,PanTHERIA_WR05
Callithrix humeralifera,Primates,Cebidae,374.99,0.37499,28.32,PanTHERIA_WR05
Callithrix jacchus,Primates,Cebidae,290.21,0.29021,508.18,PanTHERIA_WR05
Callithrix kuhlii,Primates,Cebidae,374.99,0.37499,59,PanTHERIA_WR05
Callithrix pygmaea,Primates,Cebidae,123.94,0.12394,15.9,PanTHERIA_WR05
Callorhinus ursinus,Carnivora,Otariidae,55464.82,55.46482,18,PanTHERIA_WR05
Callosciurus caniceps,Rodentia,Sciuridae,264.91,0.26491,18.6,PanTHERIA_WR05
Callosciurus erythraeus,Rodentia,Sciuridae,283.23,0.28323,622.69,PanTHERIA_WR05
Callosciurus nigrovittatus,Rodentia,Sciuridae,208.3,0.2083,5.75,PanTHERIA_WR05
Callosciurus notatus,Rodentia,Sciuridae,209.49,0.20949,98.32,PanTHERIA_WR05
Calomys callosus,Rodentia,Cricetidae,44.95,0.04495,354.3,PanTHERIA_WR05
Calomys expulsus,Rodentia,Cricetidae,39.86,0.03986,1195.79,PanTHERIA_WR05
Calomys musculinus,Rodentia,Cricetidae,20.2,0.0202,253.33,PanTHERIA_WR05
Calomyscus bailwardi,Rodentia,Calomyscidae,21.38,0.02138,354.3,PanTHERIA_WR05
Auliscomys pictus,Rodentia,Cricetidae,48.97,0.04897,232.95,PanTHERIA_WR05
Avahi laniger,Primates,Indriidae,1092.28,1.09228,84.85,PanTHERIA_WR05
Avahi occidentalis,Primates,Indriidae,828.98,0.82898,66.99,PanTHERIA_WR05
Axis axis,Artiodactyla,Cervidae,69499.99,69.49999,6.69,PanTHERIA_WR05
Axis kuhlii,Artiodactyla,Cervidae,54999.99,54.99999,4.44,PanTHERIA_WR05
Axis porcinus,Artiodactyla,Cervidae,37448.29,37.44829,16.5,PanTHERIA_WR05
Cephalophus niger,Artiodactyla,Bovidae,19094.32,19.09432,1.14,PanTHERIA_WR05
Cephalophus nigrifrons,Artiodactyla,Bovidae,14676.33,14.67633,2,PanTHERIA_WR05
Cephalophus rufilatus,Artiodactyla,Bovidae,12114.57,12.11457,3.18,PanTHERIA_WR05
Cephalophus silvicultor,Artiodactyla,Bovidae,62006.6,62.0066,0.5,PanTHERIA_WR05
Ceratotherium simum,Perissodactyla,Rhinocerotidae,2285939.4,2285.9394,0.47,PanTHERIA_WR05
Cercartetus caudatus,Diprotodontia,Burramyidae,23.05,0.02305,49.99,PanTHERIA_WR05
Cercartetus nanus,Diprotodontia,Burramyidae,26.85,0.02685,788.66,PanTHERIA_WR05
Cercocebus atys,Primates,Cercopithecidae,6941.24,6.94124,8.85,PanTHERIA_WR05
Cercocebus galeritus,Primates,Cercopithecidae,7077.66,7.07766,70.11,PanTHERIA_WR05
Cercocebus torquatus,Primates,Cercopithecidae,7293.07,7.29307,40.15,PanTHERIA_WR05
Cercopithecus ascanius,Primates,Cercopithecidae,3540.24,3.54024,105.79,PanTHERIA_WR05
Cercopithecus cephus,Primates,Cercopithecidae,3444.88,3.44488,21.04,PanTHERIA_WR05
Cercopithecus diana,Primates,Cercopithecidae,4358.91,4.35891,16.47,PanTHERIA_WR05
Cercopithecus lhoesti,Primates,Cercopithecidae,5307.47,5.30747,4.99,PanTHERIA_WR05
Cercopithecus mitis,Primates,Cercopithecidae,5041.29,5.04129,70.39,PanTHERIA_WR05
Cercopithecus neglectus,Primates,Cercopithecidae,5324.52,5.32452,29.03,PanTHERIA_WR05
Cercopithecus nictitans,Primates,Cercopithecidae,5256.91,5.25691,22.5,PanTHERIA_WR05
Cercopithecus petaurista,Primates,Cercopithecidae,3233.67,3.23367,25.95,PanTHERIA_WR05
Cercopithecus pogonias,Primates,Cercopithecidae,3578.27,3.57827,19.04,PanTHERIA_WR05
Cerdocyon thous,Carnivora,Canidae,5741.66,5.74166,3.54,PanTHERIA_WR05
Cervus elaphus,Artiodactyla,Cervidae,240867.13,240.86713,2.9,PanTHERIA_WR05
Cervus nippon,Artiodactyla,Cervidae,52999.99,52.99999,0.75,PanTHERIA_WR05
Chaetodipus baileyi,Rodentia,Heteromyidae,28.44,0.02844,3548.51,PanTHERIA_WR05
Chaetodipus fallax,Rodentia,Heteromyidae,19.19,0.01919,502.5,PanTHERIA_WR05
Chaetodipus intermedius,Rodentia,Heteromyidae,14.94,0.01494,425.17,PanTHERIA_WR05
Chaetodipus nelsoni,Rodentia,Heteromyidae,15.53,0.01553,473.46,PanTHERIA_WR05
Chaetodipus penicillatus,Rodentia,Heteromyidae,15.57,0.01557,172.99,PanTHERIA_WR05
Cricetulus migratorius,Rodentia,Cricetidae,30.59,0.03059,221.44,PanTHERIA_WR05
Crocidura fuscomurina,Soricomorpha,Soricidae,5.6,0.0056,135.52,PanTHERIA_WR05
Crocidura hildegardeae,Soricomorpha,Soricidae,10.28,0.01028,347.22,PanTHERIA_WR05
Crocidura hirta,Soricomorpha,Soricidae,15.8,0.0158,44.12,PanTHERIA_WR05
Crocidura russula,Soricomorpha,Soricidae,9.89,0.00989,8850,PanTHERIA_WR05
Crocidura suaveolens,Soricomorpha,Soricidae,7.35,0.00735,5541.66,PanTHERIA_WR05
Equus zebra,Perissodactyla,Equidae,282462.13,282.46213,1.32,PanTHERIA_WR05
Eremitalpa granti,Afrosoricida,Chrysochloridae,22.04,0.02204,37.21,PanTHERIA_WR05
Erethizon dorsatum,Rodentia,Erethizontidae,7419.46,7.41946,3.49,PanTHERIA_WR05
Erignathus barbatus,Carnivora,Phocidae,279999.99,279.99999,0.01,PanTHERIA_WR05
Erinaceus europaeus,Erinaceomorpha,Erinaceidae,777.95,0.77795,123,PanTHERIA_WR05
Erythrocebus patas,Primates,Cercopithecidae,7966.3,7.9663,0.26,PanTHERIA_WR05
Equus asinus,Perissodactyla,Equidae,164998.49,164.99849,3.06,PanTHERIA_WR05
Equus burchellii,Perissodactyla,Equidae,279160.65,279.16065,7,PanTHERIA_WR05
Equus grevyi,Perissodactyla,Equidae,408000.35,408.00035,2.27,PanTHERIA_WR05
Equus hemionus,Perissodactyla,Equidae,235248.07,235.24807,0.69,PanTHERIA_WR05
Genetta genetta,Carnivora,Viverridae,1756.17,1.75617,1.88,PanTHERIA_WR05
Dendrohyrax arboreus,Hyracoidea,Procaviidae,2981.11,2.98111,22.67,PanTHERIA_WR05
Dendrolagus bennettianus,Diprotodontia,Macropodidae,10458.82,10.45882,27.38,PanTHERIA_WR05
Bison bison,Artiodactyla,Bovidae,624577.07,624.57707,0.28,PanTHERIA_WR05
Bison bonasus,Artiodactyla,Bovidae,675876.7,675.8767,0.88,PanTHERIA_WR05
Blarina brevicauda,Soricomorpha,Soricidae,18.56,0.01856,922.93,PanTHERIA_WR05
Blarina carolinensis,Soricomorpha,Soricidae,11.91,0.01191,629.99,PanTHERIA_WR05
Baiomys taylori,Rodentia,Cricetidae,7.43,0.00743,2464.99,PanTHERIA_WR05
Blastocerus dichotomus,Artiodactyla,Cervidae,112518.53,112.51853,0.12,PanTHERIA_WR05
Brachylagus idahoensis,Lagomorpha,Leporidae,431.19,0.43119,864.86,PanTHERIA_WR05
Brachyteles arachnoides,Primates,Atelidae,10537.31,10.53731,5.49,PanTHERIA_WR05
Crocidura olivieri,Soricomorpha,Soricidae,34.42,0.03442,72.36,PanTHERIA_WR05
Cephalophus jentinki,Artiodactyla,Bovidae,68489.54,68.48954,0.1,PanTHERIA_WR05
Cephalophus natalensis,Artiodactyla,Bovidae,12724.51,12.72451,6.92,PanTHERIA_WR05
Dendrolagus lumholtzi,Diprotodontia,Macropodidae,6649.97,6.64997,116.18,PanTHERIA_WR05
Dendromus mesomelas,Rodentia,Nesomyidae,10.2,0.0102,1753.83,PanTHERIA_WR05
Dendromus mystacalis,Rodentia,Nesomyidae,8.17,0.00817,1036.35,PanTHERIA_WR05
Desmodillus auricularis,Rodentia,Muridae,54.81,0.05481,1265.76,PanTHERIA_WR05
Dicerorhinus sumatrensis,Perissodactyla,Rhinocerotidae,1046156,1046.156,1.05,PanTHERIA_WR05
Diceros bicornis,Perissodactyla,Rhinocerotidae,995940.54,995.94054,0.11,PanTHERIA_WR05
Dicrostonyx groenlandicus,Rodentia,Cricetidae,58.44,0.05844,518.17,PanTHERIA_WR05
Didelphis albiventris,Didelphimorphia,Didelphidae,1030.47,1.03047,400,PanTHERIA_WR05
Didelphis aurita,Didelphimorphia,Didelphidae,1105.88,1.10588,45.22,PanTHERIA_WR05
Didelphis marsupialis,Didelphimorphia,Didelphidae,1134.75,1.13475,70.5,PanTHERIA_WR05
Didelphis virginiana,Didelphimorphia,Didelphidae,2442.08,2.44208,18.08,PanTHERIA_WR05
Elephantulus rufescens,Macroscelidea,Macroscelididae,52.78,0.05278,200,PanTHERIA_WR05
Elephas maximus,Proboscidea,Elephantidae,3269794.3,3269.7943,0.53,PanTHERIA_WR05
Eliomys quercinus,Rodentia,Gliridae,114.61,0.11461,147.93,PanTHERIA_WR05
Heterocephalus glaber,Rodentia,Bathyergidae,39.36,0.03936,11100,PanTHERIA_WR05
Heterohyrax brucei,Hyracoidea,Procaviidae,2453.66,2.45366,5751.97,PanTHERIA_WR05
Heteromys anomalus,Rodentia,Heteromyidae,69.06,0.06906,252.07,PanTHERIA_WR05
Heteromys desmarestianus,Rodentia,Heteromyidae,74,0.074,656.45,PanTHERIA_WR05
Lagostrophus fasciatus,Diprotodontia,Macropodidae,1933.48,1.93348,87.99,PanTHERIA_WR05
Lagothrix lagotricha,Primates,Atelidae,6263.69,6.26369,10.72,PanTHERIA_WR05
Lama glama,Artiodactyla,Camelidae,78322.67,78.32267,0.45,PanTHERIA_WR05
Eudorcas thomsonii,Artiodactyla,Bovidae,22907.43,22.90743,12.53,PanTHERIA_WR05
Eulemur coronatus,Primates,Lemuridae,1699.85,1.69985,101.98,PanTHERIA_WR05
Eulemur fulvus,Primates,Lemuridae,2376.99,2.37699,221,PanTHERIA_WR05
Eulemur macaco,Primates,Lemuridae,2470.43,2.47043,53.85,PanTHERIA_WR05
Eulemur mongoz,Primates,Lemuridae,1771.13,1.77113,346.7,PanTHERIA_WR05
Eulemur rubriventer,Primates,Lemuridae,2015.4,2.0154,30,PanTHERIA_WR05
Galago zanzibaricus,Primates,Galagidae,147.35,0.14735,169,PanTHERIA_WR05
Galemys pyrenaicus,Soricomorpha,Talpidae,60.17,0.06017,4.18,PanTHERIA_WR05
Galerella pulverulenta,Carnivora,Herpestidae,791.4,0.7914,10,PanTHERIA_WR05
Galerella sanguinea,Carnivora,Herpestidae,543.83,0.54383,1.32,PanTHERIA_WR05
Galidia elegans,Carnivora,Eupleridae,810,0.81,15.85,PanTHERIA_WR05
Gazella dorcas,Artiodactyla,Bovidae,15635.95,15.63595,2.3,PanTHERIA_WR05
Gazella gazella,Artiodactyla,Bovidae,21306.83,21.30683,0.4,PanTHERIA_WR05
Gazella subgutturosa,Artiodactyla,Bovidae,26981.37,26.98137,0.64,PanTHERIA_WR05
Bassaricyon gabbii,Carnivora,Procyonidae,1250,1.25,6.02,PanTHERIA_WR05
Bassariscus astutus,Carnivora,Procyonidae,1010.37,1.01037,3.58,PanTHERIA_WR05
Bassariscus sumichrasti,Carnivora,Procyonidae,906,0.906,17.89,PanTHERIA_WR05
Bathyergus suillus,Rodentia,Bathyergidae,777.38,0.77738,70,PanTHERIA_WR05
Batomys granti,Rodentia,Muridae,169.53,0.16953,383.46,PanTHERIA_WR05
Beatragus hunteri,Artiodactyla,Bovidae,79132.17,79.13217,0.42,PanTHERIA_WR05
Bettongia gaimardi,Diprotodontia,Potoroidae,1667.55,1.66755,19,PanTHERIA_WR05
Bettongia lesueur,Diprotodontia,Potoroidae,1447.27,1.44727,17,PanTHERIA_WR05
Bettongia penicillata,Diprotodontia,Potoroidae,1184.35,1.18435,17.74,PanTHERIA_WR05
Bettongia tropica,Diprotodontia,Potoroidae,1256.58,1.25658,20,PanTHERIA_WR05
Bradypus tridactylus,Pilosa,Bradypodidae,4375.8,4.3758,151.37,PanTHERIA_WR05
Bradypus variegatus,Pilosa,Bradypodidae,4136.36,4.13636,508.44,PanTHERIA_WR05
Bubalus bubalis,Artiodactyla,Bovidae,929500.97,929.50097,1.06,PanTHERIA_WR05
Bunopithecus hoolock,Primates,Hylobatidae,6699,6.699,7,PanTHERIA_WR05
Chelemys macronyx,Rodentia,Cricetidae,70.99,0.07099,263.07,PanTHERIA_WR05
Chinchilla lanigera,Rodentia,Chinchillidae,480.28,0.48028,958.94,PanTHERIA_WR05
Chiropotes albinasus,Primates,Pitheciidae,2793.21,2.79321,6.57,PanTHERIA_WR05
Chiropotes satanas,Primates,Pitheciidae,2967.27,2.96727,15.6,PanTHERIA_WR05
Burramys parvus,Diprotodontia,Burramyidae,44.27,0.04427,6124.99,PanTHERIA_WR05
Cabassous unicinctus,Cingulata,Dasypodidae,3987.97,3.98797,0.62,PanTHERIA_WR05
Cacajao calvus,Primates,Pitheciidae,3421.04,3.42104,15.1,PanTHERIA_WR05
Capra walie,Artiodactyla,Bovidae,100144.02,100.14402,4.07,PanTHERIA_WR05
Capreolus capreolus,Artiodactyla,Cervidae,22502.01,22.50201,7.61,PanTHERIA_WR05
Capreolus pygargus,Artiodactyla,Cervidae,41371.03,41.37103,80,PanTHERIA_WR05
Capricornis crispus,Artiodactyla,Bovidae,43030.64,43.03064,1.98,PanTHERIA_WR05
Castor canadensis,Rodentia,Castoridae,18124.41,18.12441,0.6,PanTHERIA_WR05
Catagonus wagneri,Artiodactyla,Tayassuidae,35566.4,35.5664,9.24,PanTHERIA_WR05
Cavia aperea,Rodentia,Caviidae,524.38,0.52438,1806.97,PanTHERIA_WR05
Cebus albifrons,Primates,Cebidae,2509.68,2.50968,16.79,PanTHERIA_WR05
Cebus apella,Primates,Cebidae,2758.38,2.75838,23.77,PanTHERIA_WR05
Cebus capucinus,Primates,Cebidae,3005.99,3.00599,27.27,PanTHERIA_WR05
Cebus olivaceus,Primates,Cebidae,2787.64,2.78764,24.79,PanTHERIA_WR05
Cephalophus adersi,Artiodactyla,Bovidae,9249.95,9.24995,3.65,PanTHERIA_WR05
Cheirogaleus major,Primates,Cheirogaleidae,446.02,0.44602,67.99,PanTHERIA_WR05
Cheirogaleus medius,Primates,Cheirogaleidae,196.76,0.19676,221.44,PanTHERIA_WR05
Choloepus didactylus,Pilosa,Megalonychidae,6646.5,6.6465,53.4,PanTHERIA_WR05
Choloepus hoffmanni,Pilosa,Megalonychidae,5893.5,5.8935,118.42,PanTHERIA_WR05
Chrysochloris asiatica,Afrosoricida,Chrysochloridae,37.16,0.03716,1000,PanTHERIA_WR05
Chrysochloris stuhlmanni,Afrosoricida,Chrysochloridae,55.76,0.05576,1000,PanTHERIA_WR05
Chrysospalax trevelyani,Afrosoricida,Chrysochloridae,434.04,0.43404,1000,PanTHERIA_WR05
Coendou bicolor,Rodentia,Erethizontidae,4492.49,4.49249,5.58,PanTHERIA_WR05
Coendou prehensilis,Rodentia,Erethizontidae,4116.2,4.1162,35.69,PanTHERIA_WR05
Colobus guereza,Primates,Cercopithecidae,9925.88,9.92588,99.2,PanTHERIA_WR05
Colobus polykomos,Primates,Cercopithecidae,8797.29,8.79729,23.5,PanTHERIA_WR05
Colobus satanas,Primates,Cercopithecidae,9055.32,9.05532,26.57,PanTHERIA_WR05
Condylura cristata,Soricomorpha,Talpidae,48.15,0.04815,4999.99,PanTHERIA_WR05
Conepatus semistriatus,Carnivora,Mephitidae,1997.34,1.99734,9.52,PanTHERIA_WR05
Connochaetes gnou,Artiodactyla,Bovidae,156547.53,156.54753,34.62,PanTHERIA_WR05
Dasyprocta leporina,Rodentia,Dasyproctidae,3009.99,3.00999,49.69,PanTHERIA_WR05
Dasyprocta punctata,Rodentia,Dasyproctidae,2309.12,2.30912,17.44,PanTHERIA_WR05
Dasypus novemcinctus,Cingulata,Dasypodidae,3949.01,3.94901,20.37,PanTHERIA_WR05
Dasypus sabanicola,Cingulata,Dasypodidae,1150.01,1.15001,280,PanTHERIA_WR05
Euoticus elegantulus,Primates,Galagidae,295.48,0.29548,16.47,PanTHERIA_WR05
Euphractus sexcinctus,Cingulata,Dasypodidae,4731.16,4.73116,1.77,PanTHERIA_WR05
Connochaetes taurinus,Artiodactyla,Bovidae,198619.68,198.61968,7.99,PanTHERIA_WR05
Cratogeomys castanops,Rodentia,Geomyidae,266.83,0.26683,1001.77,PanTHERIA_WR05
Crocuta crocuta,Carnivora,Hyaenidae,63369.98,63.36998,0.12,PanTHERIA_WR05
Cryptomys hottentotus,Rodentia,Bathyergidae,75.13,0.07513,816.08,PanTHERIA_WR05
Cryptoprocta ferox,Carnivora,Eupleridae,9500,9.5,0.88,PanTHERIA_WR05
Cryptotis goldmani,Soricomorpha,Soricidae,6.73,0.00673,115.15,PanTHERIA_WR05
Cryptotis meridensis,Soricomorpha,Soricidae,12.63,0.01263,104.61,PanTHERIA_WR05
Cryptotis parva,Soricomorpha,Soricidae,4.97,0.00497,493.99,PanTHERIA_WR05
Ctenomys opimus,Rodentia,Ctenomyidae,327.05,0.32705,233.87,PanTHERIA_WR05
Ctenomys peruanus,Rodentia,Ctenomyidae,488.36,0.48836,3720.24,PanTHERIA_WR05
Ctenomys talarum,Rodentia,Ctenomyidae,140.84,0.14084,5187.48,PanTHERIA_WR05
Cuniculus paca,Rodentia,Cuniculidae,8172.55,8.17255,48.71,PanTHERIA_WR05
Cuon alpinus,Carnivora,Canidae,15800,15.8,0.55,PanTHERIA_WR05
Cyclopes didactylus,Pilosa,Cyclopedidae,263.95,0.26395,32.4,PanTHERIA_WR05
Cynomys gunnisoni,Rodentia,Sciuridae,797.93,0.79793,669.1,PanTHERIA_WR05
Cynomys leucurus,Rodentia,Sciuridae,963.76,0.96376,546.43,PanTHERIA_WR05
Cynomys ludovicianus,Rodentia,Sciuridae,797.05,0.79705,1830,PanTHERIA_WR05
Cynomys parvidens,Rodentia,Sciuridae,899.98,0.89998,3824.99,PanTHERIA_WR05
Cystophora cristata,Carnivora,Phocidae,278896.81,278.89681,0.004822132,PanTHERIA_WR05
Dactylopsila trivirgata,Diprotodontia,Petauridae,413.41,0.41341,4,PanTHERIA_WR05
Dama dama,Artiodactyla,Cervidae,57224.61,57.22461,21.99,PanTHERIA_WR05
Damaliscus korrigum,Artiodactyla,Bovidae,127194.87,127.19487,3.29,PanTHERIA_WR05
Damaliscus lunatus,Artiodactyla,Bovidae,136000.33,136.00033,2.74,PanTHERIA_WR05
Damaliscus pygargus,Artiodactyla,Bovidae,77784.55,77.78455,24.56,PanTHERIA_WR05
Dasymys incomtus,Rodentia,Muridae,127.75,0.12775,1718.4,PanTHERIA_WR05
Dasyurus geoffroii,Dasyuromorphia,Dasyuridae,1106.62,1.10662,2.3,PanTHERIA_WR05
Dasyurus hallucatus,Dasyuromorphia,Dasyuridae,470.92,0.47092,16.24,PanTHERIA_WR05
Dasyurus maculatus,Dasyuromorphia,Dasyuridae,3284.15,3.28415,3.49,PanTHERIA_WR05
Dasyurus viverrinus,Dasyuromorphia,Dasyuridae,1101.49,1.10149,19,PanTHERIA_WR05
Daubentonia madagascariensis,Primates,Daubentoniidae,2731.37,2.73137,39.79,PanTHERIA_WR05
Delanymys brooksi,Rodentia,Nesomyidae,4.99,0.00499,872.48,PanTHERIA_WR05
Dipodomys agilis,Rodentia,Heteromyidae,60.21,0.06021,687.9,PanTHERIA_WR05
Dipodomys deserti,Rodentia,Heteromyidae,107.63,0.10763,160.5,PanTHERIA_WR05
Dipodomys elator,Rodentia,Heteromyidae,105.82,0.10582,1284.37,PanTHERIA_WR05
Dipodomys heermanni,Rodentia,Heteromyidae,63.08,0.06308,1160.33,PanTHERIA_WR05
Dipodomys ingens,Rodentia,Heteromyidae,113.61,0.11361,3868.35,PanTHERIA_WR05
Dipodomys merriami,Rodentia,Heteromyidae,37.91,0.03791,373.61,PanTHERIA_WR05
Dipodomys microps,Rodentia,Heteromyidae,56.26,0.05626,1160.36,PanTHERIA_WR05
Dipodomys nelsoni,Rodentia,Heteromyidae,87.93,0.08793,373.61,PanTHERIA_WR05
Dipodomys ordii,Rodentia,Heteromyidae,50.4,0.0504,297,PanTHERIA_WR05
Dipodomys spectabilis,Rodentia,Heteromyidae,124.61,0.12461,397.71,PanTHERIA_WR05
Dipodomys stephensi,Rodentia,Heteromyidae,68.49,0.06849,3379.99,PanTHERIA_WR05
Dromiciops gliroides,Microbiotheria,Microbiotheriidae,25,0.025,49.99,PanTHERIA_WR05
Dymecodon pilirostris,Soricomorpha,Talpidae,15.46,0.01546,4999.99,PanTHERIA_WR05
Echimys chrysurus,Rodentia,Echimyidae,609.99,0.60999,6.2,PanTHERIA_WR05
Echimys semivillosus,Rodentia,Echimyidae,282.36,0.28236,35.43,PanTHERIA_WR05
Eira barbara,Carnivora,Mustelidae,4134.99,4.13499,1.77,PanTHERIA_WR05
Elephantulus brachyrhynchus,Macroscelidea,Macroscelididae,45.11,0.04511,33.09,PanTHERIA_WR05
Elephantulus edwardii,Macroscelidea,Macroscelididae,49.69,0.04969,1470.41,PanTHERIA_WR05
Enhydra lutris,Carnivora,Mustelidae,27410.93,27.41093,6.46,PanTHERIA_WR05
Geocapromys ingrahami,Rodentia,Capromyidae,733.52,0.73352,3000,PanTHERIA_WR05
Geomys attwateri,Rodentia,Geomyidae,144.06,0.14406,2024.94,PanTHERIA_WR05
Geomys breviceps,Rodentia,Geomyidae,136.47,0.13647,51.76,PanTHERIA_WR05
Geomys bursarius,Rodentia,Geomyidae,203.75,0.20375,1250,PanTHERIA_WR05
Georychus capensis,Rodentia,Bathyergidae,188.36,0.18836,1100,PanTHERIA_WR05
Geoxus valdivianus,Rodentia,Cricetidae,30.8,0.0308,39.85,PanTHERIA_WR05
Gerbilliscus kempi,Rodentia,Muridae,100.83,0.10083,642.18,PanTHERIA_WR05
Gerbilliscus leucogaster,Rodentia,Muridae,73.75,0.07375,165.34,PanTHERIA_WR05
Gerbillurus paeba,Rodentia,Muridae,25.91,0.02591,866.8,PanTHERIA_WR05
Gerbillurus tytonis,Rodentia,Muridae,29.79,0.02979,1700,PanTHERIA_WR05
Eschrichtius robustus,Cetacea,Eschrichtiidae,27324024,27324.024,4.9,PanTHERIA_WR05
Eudorcas rufifrons,Artiodactyla,Bovidae,26999.77,26.99977,1.56,PanTHERIA_WR05
Felis catus,Carnivora,Felidae,2884.8,2.8848,3.47,PanTHERIA_WR05
Gulo gulo,Carnivora,Mustelidae,12792.49,12.79249,0.007916144,PanTHERIA_WR05
Gymnobelideus leadbeateri,Diprotodontia,Petauridae,137.32,0.13732,258.26,PanTHERIA_WR05
Hapalemur griseus,Primates,Lemuridae,916,0.916,62,PanTHERIA_WR05
Heliophobius argenteocinereus,Rodentia,Bathyergidae,159.46,0.15946,5800,PanTHERIA_WR05
Herpestes javanicus,Carnivora,Herpestidae,750,0.75,39.59,PanTHERIA_WR05
Felis silvestris,Carnivora,Felidae,4573.08,4.57308,0.36,PanTHERIA_WR05
Fossa fossana,Carnivora,Eupleridae,1853.98,1.85398,3.41,PanTHERIA_WR05
Funisciurus congicus,Rodentia,Sciuridae,112,0.112,1000,PanTHERIA_WR05
Galago alleni,Primates,Galagidae,266.03,0.26603,16.47,PanTHERIA_WR05
Galago demidoff,Primates,Galagidae,66.04,0.06604,57.57,PanTHERIA_WR05
Galago moholi,Primates,Galagidae,191.96,0.19196,172.04,PanTHERIA_WR05
Galago senegalensis,Primates,Galagidae,215.2,0.2152,89.77,PanTHERIA_WR05
Giraffa camelopardalis,Artiodactyla,Giraffidae,964654.73,964.65473,1.23,PanTHERIA_WR05
Glaucomys sabrinus,Rodentia,Sciuridae,137.53,0.13753,85.93,PanTHERIA_WR05
Glaucomys volans,Rodentia,Sciuridae,71.9,0.0719,447.59,PanTHERIA_WR05
Glis glis,Rodentia,Gliridae,128.09,0.12809,3000,PanTHERIA_WR05
Gorilla gorilla,Primates,Hominidae,112588.99,112.58899,0.59,PanTHERIA_WR05
Graphiurus murinus,Rodentia,Gliridae,20.07,0.02007,54.41,PanTHERIA_WR05
Grammomys dolichurus,Rodentia,Muridae,41.85,0.04185,206.68,PanTHERIA_WR05
Hemibelideus lemuroides,Diprotodontia,Pseudocheiridae,993.59,0.99359,700,PanTHERIA_WR05
Hippocamelus antisensis,Artiodactyla,Cervidae,68599.35,68.59935,1.2,PanTHERIA_WR05
Hippocamelus bisulcus,Artiodactyla,Cervidae,69240.81,69.24081,1.12,PanTHERIA_WR05
Hippopotamus amphibius,Artiodactyla,Hippopotamidae,1536310.4,1536.3104,4.86,PanTHERIA_WR05
Hippotragus equinus,Artiodactyla,Bovidae,264173.96,264.17396,0.96,PanTHERIA_WR05
Hippotragus niger,Artiodactyla,Bovidae,236405.9,236.4059,1.3,PanTHERIA_WR05
Hyaena brunnea,Carnivora,Hyaenidae,42977.93,42.97793,0.01,PanTHERIA_WR05
Hybomys trivirgatus,Rodentia,Muridae,60.08,0.06008,80.6,PanTHERIA_WR05
Hydrochoerus hydrochaeris,Rodentia,Caviidae,48144.91,48.14491,125.34,PanTHERIA_WR05
Hydrurga leptonyx,Carnivora,Phocidae,352675.48,352.67548,0.11,PanTHERIA_WR05
Hyemoschus aquaticus,Artiodactyla,Tragulidae,10850,10.85,15.85,PanTHERIA_WR05
Hylobates agilis,Primates,Hylobatidae,5829.08,5.82908,11.73,PanTHERIA_WR05
Hylobates klossii,Primates,Hylobatidae,5822.29,5.82229,16.62,PanTHERIA_WR05
Hylobates lar,Primates,Hylobatidae,5578.61,5.57861,6.6,PanTHERIA_WR05
Lemmiscus curtatus,Rodentia,Cricetidae,28.27,0.02827,589.92,PanTHERIA_WR05
Marmosa murina,Didelphimorphia,Didelphidae,36.28,0.03628,55.8,PanTHERIA_WR05
Marmosa robinsoni,Didelphimorphia,Didelphidae,60.57,0.06057,189.03,PanTHERIA_WR05
Marmosops fuscatus,Didelphimorphia,Didelphidae,45.15,0.04515,88.57,PanTHERIA_WR05
Hylobates moloch,Primates,Hylobatidae,5860.81,5.86081,6.18,PanTHERIA_WR05
Hylobates muelleri,Primates,Hylobatidae,5909.81,5.90981,10.2,PanTHERIA_WR05
Hylobates pileatus,Primates,Hylobatidae,5542.37,5.54237,23.7,PanTHERIA_WR05
Hylochoerus meinertzhageni,Artiodactyla,Suidae,198130.47,198.13047,1.5,PanTHERIA_WR05
Hylomys suillus,Erinaceomorpha,Erinaceidae,57.61,0.05761,156.67,PanTHERIA_WR05
Hypogeomys antimena,Rodentia,Nesomyidae,1175.93,1.17593,63.33,PanTHERIA_WR05
Hypsiprymnodon moschatus,Diprotodontia,Hypsiprymnodontidae,534.25,0.53425,239.99,PanTHERIA_WR05
Hystrix indica,Rodentia,Hystricidae,14298.6,14.2986,5.11,PanTHERIA_WR05
Ichneumia albicauda,Carnivora,Herpestidae,3628.4,3.6284,3.7,PanTHERIA_WR05
Idiurus macrotis,Rodentia,Anomaluridae,27.23,0.02723,374.23,PanTHERIA_WR05
Indri indri,Primates,Indriidae,8565.48,8.56548,10.62,PanTHERIA_WR05
Irenomys tarsalis,Rodentia,Cricetidae,43.15,0.04315,287.87,PanTHERIA_WR05
Isoodon auratus,Peramelemorphia,Peramelidae,425,0.425,173.2,PanTHERIA_WR05
Isoodon macrourus,Peramelemorphia,Peramelidae,1505.77,1.50577,70,PanTHERIA_WR05
Isoodon obesulus,Peramelemorphia,Peramelidae,824.76,0.82476,40,PanTHERIA_WR05
Kobus ellipsiprymnus,Artiodactyla,Bovidae,204393.48,204.39348,2.46,PanTHERIA_WR05
Kobus kob,Artiodactyla,Bovidae,80035.21,80.03521,2.6,PanTHERIA_WR05
Kobus leche,Artiodactyla,Bovidae,88645.04,88.64504,31,PanTHERIA_WR05
Kobus megaceros,Artiodactyla,Bovidae,85805.93,85.80593,0.34,PanTHERIA_WR05
Kobus vardonii,Artiodactyla,Bovidae,71462.72,71.46272,4.78,PanTHERIA_WR05
Lagidium peruanum,Rodentia,Chinchillidae,1220,1.22,1.6,PanTHERIA_WR05
Lagorchestes conspicillatus,Diprotodontia,Macropodidae,2821.01,2.82101,41.99,PanTHERIA_WR05
Lagorchestes hirsutus,Diprotodontia,Macropodidae,1407.14,1.40714,18.13,PanTHERIA_WR05
Manis tricuspis,Pholidota,Manidae,1539.31,1.53931,44.28,PanTHERIA_WR05
Meriones persicus,Rodentia,Muridae,107.52,0.10752,132.86,PanTHERIA_WR05
Monodelphis brevicaudata,Didelphimorphia,Didelphidae,78.84,0.07884,49.81,PanTHERIA_WR05
Monodelphis dimidiata,Didelphimorphia,Didelphidae,44.56,0.04456,200,PanTHERIA_WR05
Monodelphis domestica,Didelphimorphia,Didelphidae,93.45,0.09345,400,PanTHERIA_WR05
Meles meles,Carnivora,Mustelidae,11884.03,11.88403,2.52,PanTHERIA_WR05
Miopithecus talapoin,Primates,Cercopithecidae,1248.86,1.24886,42.07,PanTHERIA_WR05
Mirza coquereli,Primates,Cheirogaleidae,326.5,0.3265,107.17,PanTHERIA_WR05
Mogera wogura,Soricomorpha,Talpidae,96.88,0.09688,4999.99,PanTHERIA_WR05
Moschiola meminna,Artiodactyla,Tragulidae,3130.95,3.13095,2.74,PanTHERIA_WR05
Mungos mungo,Carnivora,Herpestidae,1260,1.26,16.98,PanTHERIA_WR05
Mungotictis decemlineata,Carnivora,Eupleridae,657.03,0.65703,7.33,PanTHERIA_WR05
Marmosops noctivagus,Didelphimorphia,Didelphidae,39.77,0.03977,13.28,PanTHERIA_WR05
Marmosops parvidens,Didelphimorphia,Didelphidae,15,0.015,14.4,PanTHERIA_WR05
Marmota flaviventris,Rodentia,Sciuridae,3709.73,3.70973,6.9,PanTHERIA_WR05
Marmota marmota,Rodentia,Sciuridae,4059.15,4.05915,583.5,PanTHERIA_WR05
Marmota monax,Rodentia,Sciuridae,3880.93,3.88093,136.7,PanTHERIA_WR05
Lemmus trimucronatus,Rodentia,Cricetidae,69.82,0.06982,1784.72,PanTHERIA_WR05
Lemniscomys griselda,Rodentia,Muridae,55.87,0.05587,342.79,PanTHERIA_WR05
Lasiorhinus krefftii,Diprotodontia,Vombatidae,31849.99,31.84999,21.99,PanTHERIA_WR05
Lasiorhinus latifrons,Diprotodontia,Vombatidae,26163.8,26.1638,67.99,PanTHERIA_WR05
Lemniscomys striatus,Rodentia,Muridae,43.65,0.04365,688.24,PanTHERIA_WR05
Lemur catta,Primates,Lemuridae,2626.48,2.62648,215,PanTHERIA_WR05
Leontopithecus chrysomelas,Primates,Cebidae,572.8,0.5728,8.76,PanTHERIA_WR05
Leontopithecus rosalia,Primates,Cebidae,592.52,0.59252,4.07,PanTHERIA_WR05
Leopardus pardalis,Carnivora,Felidae,11880,11.88,0.42,PanTHERIA_WR05
Lepilemur edwardsi,Primates,Lepilemuridae,821.58,0.82158,70.98,PanTHERIA_WR05
Lepilemur leucopus,Primates,Lepilemuridae,599.99,0.59999,504.99,PanTHERIA_WR05
Lepilemur microdon,Primates,Lepilemuridae,952.33,0.95233,36.05,PanTHERIA_WR05
Lepilemur mustelinus,Primates,Lepilemuridae,669.03,0.66903,255.1,PanTHERIA_WR05
Lepilemur ruficaudatus,Primates,Lepilemuridae,763.36,0.76336,260,PanTHERIA_WR05
Lepilemur septentrionalis,Primates,Lepilemuridae,755.77,0.75577,154.26,PanTHERIA_WR05
Leptonychotes weddellii,Carnivora,Phocidae,400000,400,0.12,PanTHERIA_WR05
Lepus alleni,Lagomorpha,Leporidae,3930,3.93,16.06,PanTHERIA_WR05
Lepus americanus,Lagomorpha,Leporidae,1568.42,1.56842,100,PanTHERIA_WR05
Lepus brachyurus,Lagomorpha,Leporidae,2519.45,2.51945,40,PanTHERIA_WR05
Lepus californicus,Lagomorpha,Leporidae,2422.48,2.42248,12,PanTHERIA_WR05
Lepus callotis,Lagomorpha,Leporidae,2608.16,2.60816,3.89,PanTHERIA_WR05
Lepus capensis,Lagomorpha,Leporidae,2047.11,2.04711,14.75,PanTHERIA_WR05
Lepus microtis,Lagomorpha,Leporidae,1763.61,1.76361,95,PanTHERIA_WR05
Lepus nigricollis,Lagomorpha,Leporidae,2294.25,2.29425,89.46,PanTHERIA_WR05
Lepus othus,Lagomorpha,Leporidae,4837.35,4.83735,1.64,PanTHERIA_WR05
Lepus townsendii,Lagomorpha,Leporidae,3371.64,3.37164,5.17,PanTHERIA_WR05
Liomys adspersus,Rodentia,Heteromyidae,50.99,0.05099,741.61,PanTHERIA_WR05
Liomys pictus,Rodentia,Heteromyidae,43.28,0.04328,3922.95,PanTHERIA_WR05
Liomys salvini,Rodentia,Heteromyidae,41.99,0.04199,574.02,PanTHERIA_WR05
Litocranius walleri,Artiodactyla,Bovidae,38804.37,38.80437,0.43,PanTHERIA_WR05
Lobodon carcinophaga,Carnivora,Phocidae,224999.99,224.99999,1.01,PanTHERIA_WR05
Lontra canadensis,Carnivora,Mustelidae,8087.42,8.08742,1.12,PanTHERIA_WR05
Lophocebus albigena,Primates,Cercopithecidae,7418.71,7.41871,14.86,PanTHERIA_WR05
Lophuromys flavopunctatus,Rodentia,Muridae,57.07,0.05707,835.93,PanTHERIA_WR05
Lophuromys sikapusi,Rodentia,Muridae,62.72,0.06272,213,PanTHERIA_WR05
Loris tardigradus,Primates,Lorisidae,249.22,0.24922,72.29,PanTHERIA_WR05
Loxodonta africana,Proboscidea,Elephantidae,3824539.9,3824.5399,6.72,PanTHERIA_WR05
Loxodontomys micropus,Rodentia,Cricetidae,70.76,0.07076,227.64,PanTHERIA_WR05
Lutra lutra,Carnivora,Mustelidae,8868.69,8.86869,0.85,PanTHERIA_WR05
Lutrogale perspicillata,Carnivora,Mustelidae,8912.49,8.91249,4.42,PanTHERIA_WR05
Lycalopex culpaeus,Carnivora,Canidae,8616.24,8.61624,1.01,PanTHERIA_WR05
Lycaon pictus,Carnivora,Canidae,21999.99,21.99999,0.01,PanTHERIA_WR05
Lynx canadensis,Carnivora,Felidae,9682.82,9.68282,0.05,PanTHERIA_WR05
Lynx lynx,Carnivora,Felidae,19300,19.3,0.02,PanTHERIA_WR05
Lynx pardinus,Carnivora,Felidae,11050,11.05,0.32,PanTHERIA_WR05
Lynx rufus,Carnivora,Felidae,6374.47,6.37447,0.1,PanTHERIA_WR05
Macaca fascicularis,Primates,Cercopithecidae,4569.32,4.56932,49.99,PanTHERIA_WR05
Macaca fuscata,Primates,Cercopithecidae,10114.76,10.11476,30.19,PanTHERIA_WR05
Macaca maura,Primates,Cercopithecidae,7290.3,7.2903,20,PanTHERIA_WR05
Macaca mulatta,Primates,Cercopithecidae,6455.19,6.45519,11.1,PanTHERIA_WR05
Macaca nemestrina,Primates,Cercopithecidae,7820.78,7.82078,18.92,PanTHERIA_WR05
Macaca nigra,Primates,Cercopithecidae,7359.39,7.35939,55.63,PanTHERIA_WR05
Macaca ochreata,Primates,Cercopithecidae,2745.5,2.7455,15,PanTHERIA_WR05
Macaca radiata,Primates,Cercopithecidae,4999.99,4.99999,8.3,PanTHERIA_WR05
Macaca silenus,Primates,Cercopithecidae,5995.25,5.99525,1.01,PanTHERIA_WR05
Macaca sinica,Primates,Cercopithecidae,4655.99,4.65599,30,PanTHERIA_WR05
Macaca sylvanus,Primates,Cercopithecidae,11471.53,11.47153,12.5,PanTHERIA_WR05
Macaca tonkeana,Primates,Cercopithecidae,10035.53,10.03553,10,PanTHERIA_WR05
Macropus agilis,Diprotodontia,Macropodidae,11815.75,11.81575,17.71,PanTHERIA_WR05
Macropus antilopinus,Diprotodontia,Macropodidae,27250.1,27.2501,21.21,PanTHERIA_WR05
Macropus dorsalis,Diprotodontia,Macropodidae,11249.96,11.24996,110,PanTHERIA_WR05
Macropus eugenii,Diprotodontia,Macropodidae,5278.48,5.27848,73.86,PanTHERIA_WR05
Macropus fuliginosus,Diprotodontia,Macropodidae,25564.7,25.5647,56,PanTHERIA_WR05
Macropus giganteus,Diprotodontia,Macropodidae,33409.89,33.40989,41.95,PanTHERIA_WR05
Macropus irma,Diprotodontia,Macropodidae,8000,8,26.7,PanTHERIA_WR05
Macropus parryi,Diprotodontia,Macropodidae,12629.83,12.62983,40.29,PanTHERIA_WR05
Macropus robustus,Diprotodontia,Macropodidae,25978.92,25.97892,40,PanTHERIA_WR05
Macropus rufogriseus,Diprotodontia,Macropodidae,16850,16.85,46.47,PanTHERIA_WR05
Macropus rufus,Diprotodontia,Macropodidae,38968.39,38.96839,3.14,PanTHERIA_WR05
Macrotis lagotis,Peramelemorphia,Thylacomyidae,1229.58,1.22958,8,PanTHERIA_WR05
Madoqua guentheri,Artiodactyla,Bovidae,4623.7,4.6237,14.01,PanTHERIA_WR05
Madoqua kirkii,Artiodactyla,Bovidae,4833.4,4.8334,19,PanTHERIA_WR05
Makalata didelphoides,Rodentia,Echimyidae,398.66,0.39866,155.01,PanTHERIA_WR05
Malacomys edwardsi,Rodentia,Muridae,63.78,0.06378,155.03,PanTHERIA_WR05
Mandrillus sphinx,Primates,Cercopithecidae,16685.06,16.68506,21.4,PanTHERIA_WR05
Martes americana,Carnivora,Mustelidae,873.69,0.87369,0.67,PanTHERIA_WR05
Martes martes,Carnivora,Mustelidae,1299.99,1.29999,0.44,PanTHERIA_WR05
Martes pennanti,Carnivora,Mustelidae,3750,3.75,0.17,PanTHERIA_WR05
Martes zibellina,Carnivora,Mustelidae,1173.91,1.17391,0.07,PanTHERIA_WR05
Mastomys erythroleucus,Rodentia,Muridae,64.07,0.06407,775.93,PanTHERIA_WR05
Mastomys natalensis,Rodentia,Muridae,41.85,0.04185,1305.24,PanTHERIA_WR05
Maxomys whiteheadi,Rodentia,Muridae,54.33,0.05433,44.28,PanTHERIA_WR05
Mazama americana,Artiodactyla,Cervidae,20546.86,20.54686,9.3,PanTHERIA_WR05
Mazama gouazoubira,Artiodactyla,Cervidae,16633.17,16.63317,9.21,PanTHERIA_WR05
Melomys cervinipes,Rodentia,Muridae,71.2,0.0712,590.81,PanTHERIA_WR05
Melursus ursinus,Carnivora,Ursidae,99999.99,99.99999,0.13,PanTHERIA_WR05
Mephitis mephitis,Carnivora,Mephitidae,2399.99,2.39999,8.15,PanTHERIA_WR05
Microtus mexicanus,Rodentia,Cricetidae,34.88,0.03488,1483.67,PanTHERIA_WR05
Microtus montanus,Rodentia,Cricetidae,42.85,0.04285,3160,PanTHERIA_WR05
Microtus ochrogaster,Rodentia,Cricetidae,42.5,0.0425,8990.59,PanTHERIA_WR05
Microtus oeconomus,Rodentia,Cricetidae,33.1,0.0331,3985.97,PanTHERIA_WR05
Microtus oregoni,Rodentia,Cricetidae,20.35,0.02035,551.7,PanTHERIA_WR05
Microtus pennsylvanicus,Rodentia,Cricetidae,42.53,0.04253,2537.98,PanTHERIA_WR05
Microtus pinetorum,Rodentia,Cricetidae,25.95,0.02595,1460,PanTHERIA_WR05
Microtus richardsoni,Rodentia,Cricetidae,85.5,0.0855,620,PanTHERIA_WR05
Microtus townsendii,Rodentia,Cricetidae,52.02,0.05202,34348.94,PanTHERIA_WR05
Microtus xanthognathus,Rodentia,Cricetidae,92.65,0.09265,1000,PanTHERIA_WR05
Muntiacus muntjak,Artiodactyla,Cervidae,17611.59,17.61159,3.12,PanTHERIA_WR05
Muntiacus reevesi,Artiodactyla,Cervidae,13499.94,13.49994,0.67,PanTHERIA_WR05
Murexechinus melanurus,Dasyuromorphia,Dasyuridae,38.02,0.03802,150,PanTHERIA_WR05
Necromys urichi,Rodentia,Cricetidae,44.84,0.04484,304.58,PanTHERIA_WR05
Nectomys squamipes,Rodentia,Cricetidae,184.98,0.18498,212.58,PanTHERIA_WR05
Metachirus nudicaudatus,Didelphimorphia,Didelphidae,363.77,0.36377,25.59,PanTHERIA_WR05
Micaelamys namaquensis,Rodentia,Muridae,57.1,0.0571,1378.9,PanTHERIA_WR05
Micoureus demerarae,Didelphimorphia,Didelphidae,102.28,0.10228,26.38,PanTHERIA_WR05
Micoureus paraguayanus,Didelphimorphia,Didelphidae,112.43,0.11243,30.82,PanTHERIA_WR05
Microcavia australis,Rodentia,Caviidae,261.49,0.26149,2116.99,PanTHERIA_WR05
Microcebus murinus,Primates,Cheirogaleidae,69,0.069,461,PanTHERIA_WR05
Microcebus rufus,Primates,Cheirogaleidae,48.39,0.04839,167.8,PanTHERIA_WR05
Microtus agrestis,Rodentia,Cricetidae,35.87,0.03587,1948.7,PanTHERIA_WR05
Microtus arvalis,Rodentia,Cricetidae,26.9,0.0269,17600,PanTHERIA_WR05
Microtus californicus,Rodentia,Cricetidae,57.42,0.05742,13127.21,PanTHERIA_WR05
Myrmecobius fasciatus,Dasyuromorphia,Myrmecobiidae,511.44,0.51144,5.3,PanTHERIA_WR05
Myrmecophaga tridactyla,Pilosa,Myrmecophagidae,29531.83,29.53183,1.1,PanTHERIA_WR05
Nandinia binotata,Carnivora,Nandiniidae,2167.2,2.1672,4.99,PanTHERIA_WR05
Microtus longicaudus,Rodentia,Cricetidae,44.8,0.0448,1200,PanTHERIA_WR05
Mus bufo,Rodentia,Muridae,8.88,0.00888,336.59,PanTHERIA_WR05
Mus minutoides,Rodentia,Muridae,6.43,0.00643,92.09,PanTHERIA_WR05
Mus musculoides,Rodentia,Muridae,8.23,0.00823,619.15,PanTHERIA_WR05
Mus musculus,Rodentia,Muridae,19.3,0.0193,4981.53,PanTHERIA_WR05
Mus triton,Rodentia,Muridae,12.62,0.01262,814.02,PanTHERIA_WR05
Mustela erminea,Carnivora,Mustelidae,284.5,0.2845,6.25,PanTHERIA_WR05
Mustela frenata,Carnivora,Mustelidae,190.03,0.19003,0.76,PanTHERIA_WR05
Mustela lutreola,Carnivora,Mustelidae,566.44,0.56644,0.07,PanTHERIA_WR05
Mustela nigripes,Carnivora,Mustelidae,907.1,0.9071,2,PanTHERIA_WR05
Mustela nivalis,Carnivora,Mustelidae,78.45,0.07845,12.89,PanTHERIA_WR05
Mustela putorius,Carnivora,Mustelidae,975.55,0.97555,0.83,PanTHERIA_WR05
Mylomys dybowskii,Rodentia,Muridae,110.96,0.11096,167.41,PanTHERIA_WR05
Myocastor coypus,Rodentia,Myocastoridae,6361.55,6.36155,226.26,PanTHERIA_WR05
Myodes californicus,Rodentia,Cricetidae,18.3,0.0183,434.02,PanTHERIA_WR05
Myodes gapperi,Rodentia,Cricetidae,19.83,0.01983,1186.41,PanTHERIA_WR05
Myodes glareolus,Rodentia,Cricetidae,20.73,0.02073,3704.05,PanTHERIA_WR05
Myodes rutilus,Rodentia,Cricetidae,19.94,0.01994,4074.55,PanTHERIA_WR05
Myodes smithii,Rodentia,Cricetidae,34.94,0.03494,1426.09,PanTHERIA_WR05
Myomyscus verreauxii,Rodentia,Muridae,41,0.041,4016.24,PanTHERIA_WR05
Myoprocta acouchy,Rodentia,Dasyproctidae,954.87,0.95487,7.61,PanTHERIA_WR05
Myoprocta pratti,Rodentia,Dasyproctidae,966.73,0.96673,4.69,PanTHERIA_WR05
Myosorex varius,Soricomorpha,Soricidae,11.68,0.01168,1693.63,PanTHERIA_WR05
Nanger dama,Artiodactyla,Bovidae,71424.81,71.42481,0.18,PanTHERIA_WR05
Nanger granti,Artiodactyla,Bovidae,55464.46,55.46446,3.92,PanTHERIA_WR05
Nanger soemmerringii,Artiodactyla,Bovidae,41582.93,41.58293,5.47,PanTHERIA_WR05
Napaeozapus insignis,Rodentia,Dipodidae,22.25,0.02225,667.18,PanTHERIA_WR05
Nasalis larvatus,Primates,Cercopithecidae,12265.65,12.26565,8.99,PanTHERIA_WR05
Nasua narica,Carnivora,Procyonidae,4578.43,4.57843,6.07,PanTHERIA_WR05
Nasua nasua,Carnivora,Procyonidae,3775.5,3.7755,15.42,PanTHERIA_WR05
Neacomys guianae,Rodentia,Cricetidae,15.87,0.01587,27.45,PanTHERIA_WR05
Neacomys tenuipes,Rodentia,Cricetidae,19,0.019,273.07,PanTHERIA_WR05
Necromys amoenus,Rodentia,Cricetidae,27.09,0.02709,1789.26,PanTHERIA_WR05
Neofiber alleni,Rodentia,Cricetidae,265.38,0.26538,14515.71,PanTHERIA_WR05
Neomys fodiens,Soricomorpha,Soricidae,15.26,0.01526,320,PanTHERIA_WR05
Neotoma albigula,Rodentia,Cricetidae,208.18,0.20818,610.11,PanTHERIA_WR05
Neotoma bryanti,Rodentia,Cricetidae,182,0.182,230.92,PanTHERIA_WR05
Neotoma floridana,Rodentia,Cricetidae,249.16,0.24916,273.98,PanTHERIA_WR05
Neotoma fuscipes,Rodentia,Cricetidae,213.26,0.21326,1700,PanTHERIA_WR05
Neotoma lepida,Rodentia,Cricetidae,143.88,0.14388,674.58,PanTHERIA_WR05
Neotoma mexicana,Rodentia,Cricetidae,203,0.203,132.62,PanTHERIA_WR05
Ochotona alpina,Lagomorpha,Ochotonidae,150,0.15,812.4,PanTHERIA_WR05
Ochotona collaris,Lagomorpha,Ochotonidae,129,0.129,733.17,PanTHERIA_WR05
Ochotona curzoniae,Lagomorpha,Ochotonidae,159.47,0.15947,19000,PanTHERIA_WR05
Ochotona dauurica,Lagomorpha,Ochotonidae,131.01,0.13101,5490.9,PanTHERIA_WR05
Ochotona hyperborea,Lagomorpha,Ochotonidae,120,0.12,3376.38,PanTHERIA_WR05
Ochotona macrotis,Lagomorpha,Ochotonidae,204.75,0.20475,1200,PanTHERIA_WR05
Ochotona princeps,Lagomorpha,Ochotonidae,157.63,0.15763,774.59,PanTHERIA_WR05
Ochotona pusilla,Lagomorpha,Ochotonidae,142.5,0.1425,3279.99,PanTHERIA_WR05
Ochotona roylei,Lagomorpha,Ochotonidae,260,0.26,1172.6,PanTHERIA_WR05
Pelea capreolus,Artiodactyla,Bovidae,22731.33,22.73133,18.71,PanTHERIA_WR05
Pelomys fallax,Rodentia,Muridae,120.46,0.12046,983.2,PanTHERIA_WR05
Oecomys concolor,Rodentia,Cricetidae,46.33,0.04633,135.08,PanTHERIA_WR05
Oenomys hypoxanthus,Rodentia,Muridae,89.84,0.08984,3737.96,PanTHERIA_WR05
Okapia johnstoni,Artiodactyla,Giraffidae,230001.14,230.00114,1.02,PanTHERIA_WR05
Oligoryzomys eliurus,Rodentia,Cricetidae,34.58,0.03458,930.06,PanTHERIA_WR05
Oligoryzomys longicaudatus,Rodentia,Cricetidae,27.54,0.02754,361.16,PanTHERIA_WR05
Oligoryzomys nigripes,Rodentia,Cricetidae,20.33,0.02033,2174.57,PanTHERIA_WR05
Ommatophoca rossii,Carnivora,Phocidae,208252.12,208.25212,0.16,PanTHERIA_WR05
Onychogalea fraenata,Diprotodontia,Macropodidae,4952.05,4.95205,20,PanTHERIA_WR05
Oryzomys galapagoensis,Rodentia,Cricetidae,63.51,0.06351,2290,PanTHERIA_WR05
Oryzomys laticeps,Rodentia,Cricetidae,49.11,0.04911,177.15,PanTHERIA_WR05
Oryzomys macconnelli,Rodentia,Cricetidae,66.49,0.06649,52.08,PanTHERIA_WR05
Oryzomys megacephalus,Rodentia,Cricetidae,57,0.057,320,PanTHERIA_WR05
Oryzomys melanotis,Rodentia,Cricetidae,49.99,0.04999,1023.95,PanTHERIA_WR05
Oryzomys palustris,Rodentia,Cricetidae,53.26,0.05326,534.88,PanTHERIA_WR05
Neotoma micropus,Rodentia,Cricetidae,255.14,0.25514,2520.91,PanTHERIA_WR05
Neotomodon alstoni,Rodentia,Cricetidae,44.64,0.04464,3379.42,PanTHERIA_WR05
Neotragus moschatus,Artiodactyla,Bovidae,5639.01,5.63901,17.32,PanTHERIA_WR05
Neurotrichus gibbsii,Soricomorpha,Talpidae,9.56,0.00956,1413.5,PanTHERIA_WR05
Niviventer cremoriventer,Rodentia,Muridae,71.54,0.07154,23.91,PanTHERIA_WR05
Nomascus concolor,Primates,Hylobatidae,6410.47,6.41047,6.17,PanTHERIA_WR05
Notiosorex crawfordi,Soricomorpha,Soricidae,4.79,0.00479,2399.99,PanTHERIA_WR05
Nyctereutes procyonoides,Carnivora,Canidae,4214.99,4.21499,12.02,PanTHERIA_WR05
Nycticebus coucang,Primates,Lorisidae,924.55,0.92455,20,PanTHERIA_WR05
Nyctimene rabori,Chiroptera,Pteropodidae,68.25,0.06825,30,PanTHERIA_WR05
Ochotona rufescens,Lagomorpha,Ochotonidae,250,0.25,5999.99,PanTHERIA_WR05
Ochrotomys nuttalli,Rodentia,Cricetidae,22.81,0.02281,302.33,PanTHERIA_WR05
Octodon degus,Rodentia,Octodontidae,203.27,0.20327,1166.23,PanTHERIA_WR05
Odobenus rosmarus,Carnivora,Odobenidae,1042996.2,1042.9962,1.27,PanTHERIA_WR05
Odocoileus hemionus,Artiodactyla,Cervidae,84560.57,84.56057,16,PanTHERIA_WR05
Odocoileus virginianus,Artiodactyla,Cervidae,75901.25,75.90125,17.32,PanTHERIA_WR05
Oecomys bicolor,Rodentia,Cricetidae,40.74,0.04074,44.46,PanTHERIA_WR05
Onychomys torridus,Rodentia,Cricetidae,21.68,0.02168,158.55,PanTHERIA_WR05
Orcaella brevirostris,Cetacea,Delphinidae,189999.99,189.99999,37.36,PanTHERIA_WR05
Oreonax flavicauda,Primates,Atelidae,8229.12,8.22912,6.46,PanTHERIA_WR05
Oreotragus oreotragus,Artiodactyla,Bovidae,13486.55,13.48655,2.62,PanTHERIA_WR05
Oryctolagus cuniculus,Lagomorpha,Leporidae,1590.57,1.59057,357.9,PanTHERIA_WR05
Oryx beisa,Artiodactyla,Bovidae,200576.52,200.57652,1.38,PanTHERIA_WR05
Oryx gazella,Artiodactyla,Bovidae,188404.45,188.40445,9.88,PanTHERIA_WR05
Oryzomys couesi,Rodentia,Cricetidae,69.29,0.06929,221.39,PanTHERIA_WR05
Oryzomys subflavus,Rodentia,Cricetidae,49.91,0.04991,88.57,PanTHERIA_WR05
Osgoodomys banderanus,Rodentia,Cricetidae,49.99,0.04999,504.14,PanTHERIA_WR05
Otocyon megalotis,Carnivora,Canidae,4098.12,4.09812,1.18,PanTHERIA_WR05
Otolemur crassicaudatus,Primates,Galagidae,1206.61,1.20661,87.99,PanTHERIA_WR05
Otolemur garnettii,Primates,Galagidae,811.17,0.81117,38,PanTHERIA_WR05
Otomys angoniensis,Rodentia,Muridae,100.64,0.10064,2630.74,PanTHERIA_WR05
Otomys irroratus,Rodentia,Muridae,114.45,0.11445,3004.04,PanTHERIA_WR05
Ourebia ourebi,Artiodactyla,Bovidae,17186.09,17.18609,2.43,PanTHERIA_WR05
Ovibos moschatus,Artiodactyla,Bovidae,312500,312.5,0.31,PanTHERIA_WR05
Ovis ammon,Artiodactyla,Bovidae,113998.72,113.99872,0.02,PanTHERIA_WR05
Ovis canadensis,Artiodactyla,Bovidae,74644.87,74.64487,1.48,PanTHERIA_WR05
Oxymycterus roberti,Rodentia,Cricetidae,83.71,0.08371,266.61,PanTHERIA_WR05
Oxymycterus rufus,Rodentia,Cricetidae,82.01,0.08201,549.17,PanTHERIA_WR05
Pagophilus groenlandicus,Carnivora,Phocidae,132250,132.25,0.09,PanTHERIA_WR05
Pan paniscus,Primates,Hominidae,35119.95,35.11995,2,PanTHERIA_WR05
Pan troglodytes,Primates,Hominidae,45000,45,1.63,PanTHERIA_WR05
Panthera leo,Carnivora,Felidae,158623.93,158.62393,0.11,PanTHERIA_WR05
Panthera onca,Carnivora,Felidae,83943.09,83.94309,0.05,PanTHERIA_WR05
Panthera pardus,Carnivora,Felidae,52399.99,52.39999,0.07,PanTHERIA_WR05
Panthera tigris,Carnivora,Felidae,161914.66,161.91466,0.03,PanTHERIA_WR05
Phocoena phocoena,Cetacea,Phocoenidae,52730.93,52.73093,0.03,PanTHERIA_WR05
Phodopus campbelli,Rodentia,Cricetidae,27.06,0.02706,20,PanTHERIA_WR05
Phodopus sungorus,Rodentia,Cricetidae,30.43,0.03043,59.99,PanTHERIA_WR05
Papio anubis,Primates,Cercopithecidae,17728.56,17.72856,10.8,PanTHERIA_WR05
Papio cynocephalus,Primates,Cercopithecidae,15822.15,15.82215,5.86,PanTHERIA_WR05
Papio hamadryas,Primates,Cercopithecidae,14007.08,14.00708,2.1,PanTHERIA_WR05
Papio papio,Primates,Cercopithecidae,18026.05,18.02605,11.07,PanTHERIA_WR05
Papio ursinus,Primates,Cercopithecidae,17729.44,17.72944,2.77,PanTHERIA_WR05
Parantechinus apicalis,Dasyuromorphia,Dasyuridae,71.31,0.07131,599.99,PanTHERIA_WR05
Parascalops breweri,Soricomorpha,Talpidae,51.11,0.05111,900,PanTHERIA_WR05
Paraxerus cepapi,Rodentia,Sciuridae,222.85,0.22285,353,PanTHERIA_WR05
Paraxerus palliatus,Rodentia,Sciuridae,365.37,0.36537,389.55,PanTHERIA_WR05
Pecari tajacu,Artiodactyla,Tayassuidae,21133.69,21.13369,7.92,PanTHERIA_WR05
Perameles bougainville,Peramelemorphia,Peramelidae,230.8,0.2308,34,PanTHERIA_WR05
Perameles gunnii,Peramelemorphia,Peramelidae,903.46,0.90346,351.56,PanTHERIA_WR05
Perameles nasuta,Peramelemorphia,Peramelidae,720.26,0.72026,89.99,PanTHERIA_WR05
Perodicticus potto,Primates,Lorisidae,1081.81,1.08181,8.47,PanTHERIA_WR05
Perognathus fasciatus,Rodentia,Heteromyidae,11.29,0.01129,225.41,PanTHERIA_WR05
Perognathus flavus,Rodentia,Heteromyidae,7.97,0.00797,150,PanTHERIA_WR05
Perognathus inornatus,Rodentia,Heteromyidae,10.16,0.01016,499.99,PanTHERIA_WR05
Perognathus longimembris,Rodentia,Heteromyidae,8.07,0.00807,174,PanTHERIA_WR05
Perognathus merriami,Rodentia,Heteromyidae,6.94,0.00694,170,PanTHERIA_WR05
Perognathus parvus,Rodentia,Heteromyidae,21.56,0.02156,2738.17,PanTHERIA_WR05
Peromyscus attwateri,Rodentia,Cricetidae,27.9,0.0279,296.52,PanTHERIA_WR05
Peromyscus aztecus,Rodentia,Cricetidae,34,0.034,899.99,PanTHERIA_WR05
Peromyscus boylii,Rodentia,Cricetidae,23.9,0.0239,521.08,PanTHERIA_WR05
Peromyscus californicus,Rodentia,Cricetidae,42.68,0.04268,3706.83,PanTHERIA_WR05
Peromyscus crinitus,Rodentia,Cricetidae,16.32,0.01632,1198.07,PanTHERIA_WR05
Peromyscus difficilis,Rodentia,Cricetidae,27.95,0.02795,162.09,PanTHERIA_WR05
Peromyscus eremicus,Rodentia,Cricetidae,22.73,0.02273,431.41,PanTHERIA_WR05
Peromyscus gossypinus,Rodentia,Cricetidae,27.68,0.02768,513.28,PanTHERIA_WR05
Peromyscus keeni,Rodentia,Cricetidae,28.25,0.02825,1021.13,PanTHERIA_WR05
Peromyscus leucopus,Rodentia,Cricetidae,18.07,0.01807,1444.64,PanTHERIA_WR05
Peromyscus maniculatus,Rodentia,Cricetidae,19.98,0.01998,661.87,PanTHERIA_WR05
Peromyscus melanotis,Rodentia,Cricetidae,39.59,0.03959,2045.14,PanTHERIA_WR05
Peromyscus perfulvus,Rodentia,Cricetidae,40,0.04,840.23,PanTHERIA_WR05
Peromyscus polionotus,Rodentia,Cricetidae,14.27,0.01427,889,PanTHERIA_WR05
Peromyscus truei,Rodentia,Cricetidae,27,0.027,1419.62,PanTHERIA_WR05
Petauroides volans,Diprotodontia,Pseudocheiridae,1257.17,1.25717,69,PanTHERIA_WR05
Petaurus australis,Diprotodontia,Petauridae,567.15,0.56715,14,PanTHERIA_WR05
Petaurus breviceps,Diprotodontia,Petauridae,120.76,0.12076,432.14,PanTHERIA_WR05
Petaurus gracilis,Diprotodontia,Petauridae,360.63,0.36063,12,PanTHERIA_WR05
Petaurus norfolcensis,Diprotodontia,Petauridae,230,0.23,122,PanTHERIA_WR05
Petrodromus tetradactylus,Macroscelidea,Macroscelididae,201,0.201,186.01,PanTHERIA_WR05
Petrogale assimilis,Diprotodontia,Macropodidae,4618.88,4.61888,76.64,PanTHERIA_WR05
Petrogale lateralis,Diprotodontia,Macropodidae,4567.88,4.56788,275,PanTHERIA_WR05
Petrogale penicillata,Diprotodontia,Macropodidae,6931.6,6.9316,300,PanTHERIA_WR05
Petrogale persephone,Diprotodontia,Macropodidae,5585.63,5.58563,5.99,PanTHERIA_WR05
Petrogale xanthopus,Diprotodontia,Macropodidae,8499.99,8.49999,15,PanTHERIA_WR05
Petropseudes dahli,Diprotodontia,Pseudocheiridae,1877.03,1.87703,18,PanTHERIA_WR05
Phacochoerus aethiopicus,Artiodactyla,Suidae,75607.52,75.60752,7.61,PanTHERIA_WR05
Phaner furcifer,Primates,Cheirogaleidae,409.87,0.40987,500.24,PanTHERIA_WR05
Phascogale tapoatafa,Dasyuromorphia,Dasyuridae,192.65,0.19265,111,PanTHERIA_WR05
Phascolarctos cinereus,Diprotodontia,Phascolarctidae,6528.74,6.52874,163.01,PanTHERIA_WR05
Phascomurexia naso,Dasyuromorphia,Dasyuridae,52.62,0.05262,150,PanTHERIA_WR05
Phenacomys intermedius,Rodentia,Cricetidae,25.2,0.0252,549.17,PanTHERIA_WR05
Philander opossum,Didelphimorphia,Didelphidae,425.81,0.42581,58.77,PanTHERIA_WR05
Philantomba maxwellii,Artiodactyla,Bovidae,8557.69,8.55769,5.97,PanTHERIA_WR05
Philantomba monticola,Artiodactyla,Bovidae,4896.05,4.89605,35.98,PanTHERIA_WR05
Phoca vitulina,Carnivora,Phocidae,87316.66,87.31666,5.68,PanTHERIA_WR05
Proechimys guairae,Rodentia,Echimyidae,349.28,0.34928,389.74,PanTHERIA_WR05
Proechimys guyannensis,Rodentia,Echimyidae,314.03,0.31403,938.91,PanTHERIA_WR05
Proechimys longicaudatus,Rodentia,Echimyidae,205,0.205,261.53,PanTHERIA_WR05
Proechimys semispinosus,Rodentia,Echimyidae,353.32,0.35332,754.53,PanTHERIA_WR05
Proechimys simonsi,Rodentia,Echimyidae,284.99,0.28499,305.11,PanTHERIA_WR05
Propithecus diadema,Primates,Indriidae,6568.99,6.56899,5.65,PanTHERIA_WR05
Propithecus tattersalli,Primates,Indriidae,3531.39,3.53139,65,PanTHERIA_WR05
Propithecus verreauxi,Primates,Indriidae,3588.26,3.58826,150,PanTHERIA_WR05
Rhynchocyon chrysopygus,Macroscelidea,Macroscelididae,535.2,0.5352,120.9,PanTHERIA_WR05
Rhynchomys isarogensis,Rodentia,Muridae,122.29,0.12229,332.33,PanTHERIA_WR05
Romerolagus diazi,Lagomorpha,Leporidae,465.58,0.46558,30.67,PanTHERIA_WR05
Sorex minutus,Soricomorpha,Soricidae,4.32,0.00432,849.99,PanTHERIA_WR05
Sorex monticolus,Soricomorpha,Soricidae,6.92,0.00692,1200,PanTHERIA_WR05
Sorex oreopolus,Soricomorpha,Soricidae,7,0.007,393.12,PanTHERIA_WR05
Sorex ornatus,Soricomorpha,Soricidae,5.31,0.00531,11100,PanTHERIA_WR05
Phyllotis darwini,Rodentia,Cricetidae,50.82,0.05082,3622.81,PanTHERIA_WR05
Phyllotis osilae,Rodentia,Cricetidae,43.64,0.04364,384.42,PanTHERIA_WR05
Piliocolobus badius,Primates,Cercopithecidae,8430.4,8.4304,130.65,PanTHERIA_WR05
Pseudoryzomys simplex,Rodentia,Cricetidae,45.2,0.0452,1505.81,PanTHERIA_WR05
Piliocolobus rufomitratus,Primates,Cercopithecidae,8030.75,8.03075,186.44,PanTHERIA_WR05
Pithecia albicans,Primates,Pitheciidae,2800.07,2.80007,9.39,PanTHERIA_WR05
Pithecia irrorata,Primates,Pitheciidae,2308.17,2.30817,11.3,PanTHERIA_WR05
Pithecia monachus,Primates,Pitheciidae,2109.55,2.10955,8,PanTHERIA_WR05
Pithecia pithecia,Primates,Pitheciidae,1667.19,1.66719,4.19,PanTHERIA_WR05
Planigale gilesi,Dasyuromorphia,Dasyuridae,9.34,0.00934,739.99,PanTHERIA_WR05
Poiana richardsonii,Carnivora,Viverridae,570.08,0.57008,1,PanTHERIA_WR05
Pongo pygmaeus,Primates,Hominidae,53408.29,53.40829,2,PanTHERIA_WR05
Potamochoerus larvatus,Artiodactyla,Suidae,69063.79,69.06379,0.4,PanTHERIA_WR05
Potamochoerus porcus,Artiodactyla,Suidae,70000.31,70.00031,0.23,PanTHERIA_WR05
Potorous longipes,Diprotodontia,Potoroidae,1835.06,1.83506,40,PanTHERIA_WR05
Potorous tridactylus,Diprotodontia,Potoroidae,1054.67,1.05467,21.44,PanTHERIA_WR05
Potos flavus,Carnivora,Procyonidae,2441.81,2.44181,34.21,PanTHERIA_WR05
Praomys daltoni,Rodentia,Muridae,34.99,0.03499,1500,PanTHERIA_WR05
Praomys tullbergi,Rodentia,Muridae,37.1,0.0371,1739.53,PanTHERIA_WR05
Presbytis comata,Primates,Cercopithecidae,6550.07,6.55007,25.68,PanTHERIA_WR05
Presbytis hosei,Primates,Cercopithecidae,6277.78,6.27778,4.42,PanTHERIA_WR05
Presbytis melalophos,Primates,Cercopithecidae,6439.12,6.43912,59.34,PanTHERIA_WR05
Presbytis potenziani,Primates,Cercopithecidae,6449.53,6.44953,14.8,PanTHERIA_WR05
Presbytis rubicunda,Primates,Cercopithecidae,6348.53,6.34853,19.27,PanTHERIA_WR05
Presbytis thomasi,Primates,Cercopithecidae,6689.99,6.68999,27,PanTHERIA_WR05
Priodontes maximus,Cingulata,Dasypodidae,40641.89,40.64189,0.35,PanTHERIA_WR05
Procavia capensis,Hyracoidea,Procaviidae,2952.48,2.95248,2734.51,PanTHERIA_WR05
Procolobus verus,Primates,Cercopithecidae,3977.86,3.97786,18.6,PanTHERIA_WR05
Procyon cancrivorus,Carnivora,Procyonidae,6931.72,6.93172,5.74,PanTHERIA_WR05
Procyon lotor,Carnivora,Procyonidae,6373.72,6.37372,3.29,PanTHERIA_WR05
Proteles cristata,Carnivora,Hyaenidae,8139.39,8.13939,0.81,PanTHERIA_WR05
Psammomys obesus,Rodentia,Muridae,102.15,0.10215,69.97,PanTHERIA_WR05
Pseudocheirus peregrinus,Diprotodontia,Pseudocheiridae,895.22,0.89522,654.82,PanTHERIA_WR05
Pseudochirops archeri,Diprotodontia,Pseudocheiridae,1145.92,1.14592,150,PanTHERIA_WR05
Pseudochirulus cinereus,Diprotodontia,Pseudocheiridae,977.48,0.97748,146,PanTHERIA_WR05
Pseudochirulus herbertensis,Diprotodontia,Pseudocheiridae,1098.34,1.09834,899.99,PanTHERIA_WR05
Pseudois nayaur,Artiodactyla,Bovidae,52334.57,52.33457,2.49,PanTHERIA_WR05
Pseudomys higginsi,Rodentia,Muridae,63.16,0.06316,520,PanTHERIA_WR05
Puma concolor,Carnivora,Felidae,53954.05,53.95405,0.02,PanTHERIA_WR05
Puma yagouaroundi,Carnivora,Felidae,6875,6.875,0.58,PanTHERIA_WR05
Pusa caspica,Carnivora,Phocidae,62326.2,62.3262,1.47,PanTHERIA_WR05
Pusa hispida,Carnivora,Phocidae,70963.6,70.9636,0.95,PanTHERIA_WR05
Rusa unicolor,Artiodactyla,Cervidae,177522.9,177.5229,4.89,PanTHERIA_WR05
Rhipidomys mastacalis,Rodentia,Cricetidae,100,0.1,101.19,PanTHERIA_WR05
Pusa sibirica,Carnivora,Phocidae,89499.99,89.49999,1.58,PanTHERIA_WR05
Rucervus duvaucelii,Artiodactyla,Cervidae,171223.86,171.22386,11.24,PanTHERIA_WR05
Saccostomus campestris,Rodentia,Nesomyidae,50.33,0.05033,22.06,PanTHERIA_WR05
Saccostomus mearnsi,Rodentia,Nesomyidae,64.91,0.06491,3611.61,PanTHERIA_WR05
Saguinus fuscicollis,Primates,Cebidae,393.99,0.39399,19.49,PanTHERIA_WR05
Rangifer tarandus,Artiodactyla,Cervidae,109088.5,109.0885,2.55,PanTHERIA_WR05
Raphicerus campestris,Artiodactyla,Bovidae,11661.53,11.66153,1.27,PanTHERIA_WR05
Raphicerus melanotis,Artiodactyla,Bovidae,10503.14,10.50314,10.5,PanTHERIA_WR05
Raphicerus sharpei,Artiodactyla,Bovidae,9396.9,9.3969,0.51,PanTHERIA_WR05
Rattus everetti,Rodentia,Muridae,253.53,0.25353,153.38,PanTHERIA_WR05
Rattus exulans,Rodentia,Muridae,50.63,0.05063,7154.76,PanTHERIA_WR05
Rattus fuscipes,Rodentia,Muridae,124.58,0.12458,1069.81,PanTHERIA_WR05
Rattus lutreolus,Rodentia,Muridae,106,0.106,566.83,PanTHERIA_WR05
Rattus rattus,Rodentia,Muridae,142.68,0.14268,2640.54,PanTHERIA_WR05
Rattus tiomanicus,Rodentia,Muridae,119.29,0.11929,4912.07,PanTHERIA_WR05
Rattus villosissimus,Rodentia,Muridae,221.76,0.22176,2967.34,PanTHERIA_WR05
Ratufa affinis,Rodentia,Sciuridae,1155.82,1.15582,23.03,PanTHERIA_WR05
Ratufa bicolor,Rodentia,Sciuridae,1609.08,1.60908,9.74,PanTHERIA_WR05
Redunca arundinum,Artiodactyla,Bovidae,58059.24,58.05924,0.65,PanTHERIA_WR05
Redunca fulvorufula,Artiodactyla,Bovidae,29352.66,29.35266,7.77,PanTHERIA_WR05
Redunca redunca,Artiodactyla,Bovidae,43288.95,43.28895,1.03,PanTHERIA_WR05
Reithrodon auritus,Rodentia,Cricetidae,79.73,0.07973,61.11,PanTHERIA_WR05
Reithrodontomys chrysopsis,Rodentia,Cricetidae,19,0.019,380.91,PanTHERIA_WR05
Reithrodontomys fulvescens,Rodentia,Cricetidae,11.55,0.01155,639.1,PanTHERIA_WR05
Reithrodontomys humulis,Rodentia,Cricetidae,8.25,0.00825,326.97,PanTHERIA_WR05
Reithrodontomys megalotis,Rodentia,Cricetidae,10.72,0.01072,1152.39,PanTHERIA_WR05
Reithrodontomys montanus,Rodentia,Cricetidae,10.9,0.0109,300.58,PanTHERIA_WR05
Rhabdomys pumilio,Rodentia,Muridae,40.73,0.04073,1827.85,PanTHERIA_WR05
Rhinoceros sondaicus,Perissodactyla,Rhinocerotidae,1750000,1750,0.1,PanTHERIA_WR05
Rhinoceros unicornis,Perissodactyla,Rhinocerotidae,1843655.8,1843.6558,3.33,PanTHERIA_WR05
Rhinopithecus bieti,Primates,Cercopithecidae,11000.54,11.00054,2.5,PanTHERIA_WR05
Rhinopithecus brelichi,Primates,Cercopithecidae,12267.15,12.26715,16.92,PanTHERIA_WR05
Rhinopithecus roxellana,Primates,Cercopithecidae,13456.8,13.4568,4.6,PanTHERIA_WR05
Rhinosciurus laticaudatus,Rodentia,Sciuridae,230.3,0.2303,9.56,PanTHERIA_WR05
Saguinus geoffroyi,Primates,Cebidae,492.5,0.4925,5.13,PanTHERIA_WR05
Saguinus imperator,Primates,Cebidae,407.91,0.40791,18.39,PanTHERIA_WR05
Saguinus labiatus,Primates,Cebidae,508.46,0.50846,14.08,PanTHERIA_WR05
Saguinus leucopus,Primates,Cebidae,456.68,0.45668,10.57,PanTHERIA_WR05
Saguinus midas,Primates,Cebidae,540.56,0.54056,10.98,PanTHERIA_WR05
Saguinus mystax,Primates,Cebidae,555.87,0.55587,30.98,PanTHERIA_WR05
Saguinus nigricollis,Primates,Cebidae,450,0.45,13.33,PanTHERIA_WR05
Saguinus oedipus,Primates,Cebidae,462.04,0.46204,45.52,PanTHERIA_WR05
Saiga tatarica,Artiodactyla,Bovidae,37734.01,37.73401,0.75,PanTHERIA_WR05
Saimiri boliviensis,Primates,Cebidae,799.45,0.79945,28.7,PanTHERIA_WR05
Spermophilus armatus,Rodentia,Sciuridae,306.48,0.30648,4544.01,PanTHERIA_WR05
Spermophilus beecheyi,Rodentia,Sciuridae,597.82,0.59782,1100.45,PanTHERIA_WR05
Spermophilus beldingi,Rodentia,Sciuridae,272.53,0.27253,2378.64,PanTHERIA_WR05
Sorex unguiculatus,Soricomorpha,Soricidae,14.11,0.01411,3093.28,PanTHERIA_WR05
Sorex vagrans,Soricomorpha,Soricidae,5.99,0.00599,1759.54,PanTHERIA_WR05
Spermophilus columbianus,Rodentia,Sciuridae,470.94,0.47094,2894.51,PanTHERIA_WR05
Spermophilus elegans,Rodentia,Sciuridae,324.45,0.32445,2834.47,PanTHERIA_WR05
Saimiri oerstedii,Primates,Cebidae,714.18,0.71418,128.8,PanTHERIA_WR05
Saimiri sciureus,Primates,Cebidae,749.47,0.74947,36.09,PanTHERIA_WR05
Sarcophilus harrisii,Dasyuromorphia,Dasyuridae,8202.25,8.20225,5.9,PanTHERIA_WR05
Scalopus aquaticus,Soricomorpha,Talpidae,87.15,0.08715,950,PanTHERIA_WR05
Scapanus latimanus,Soricomorpha,Talpidae,62.46,0.06246,4999.99,PanTHERIA_WR05
Scapanus orarius,Soricomorpha,Talpidae,62.13,0.06213,4999.99,PanTHERIA_WR05
Sciurus aberti,Rodentia,Sciuridae,622.95,0.62295,114,PanTHERIA_WR05
Sciurus aureogaster,Rodentia,Sciuridae,455.57,0.45557,221.14,PanTHERIA_WR05
Sciurus carolinensis,Rodentia,Sciuridae,545.4,0.5454,690,PanTHERIA_WR05
Sciurus deppei,Rodentia,Sciuridae,249.5,0.2495,94.11,PanTHERIA_WR05
Sciurus granatensis,Rodentia,Sciuridae,318.44,0.31844,77.94,PanTHERIA_WR05
Sciurus griseus,Rodentia,Sciuridae,703.85,0.70385,239.99,PanTHERIA_WR05
Sciurus spadiceus,Rodentia,Sciuridae,403.32,0.40332,76.71,PanTHERIA_WR05
Sciurus vulgaris,Rodentia,Sciuridae,333,0.333,59.7,PanTHERIA_WR05
Semnopithecus entellus,Primates,Cercopithecidae,12679.29,12.67929,17.28,PanTHERIA_WR05
Setonix brachyurus,Diprotodontia,Macropodidae,3027.67,3.02767,580,PanTHERIA_WR05
Sigmodon alstoni,Rodentia,Cricetidae,55.7,0.0557,157.54,PanTHERIA_WR05
Sigmodon fulviventer,Rodentia,Cricetidae,195.94,0.19594,1293.22,PanTHERIA_WR05
Sigmodon hispidus,Rodentia,Cricetidae,110.65,0.11065,1750,PanTHERIA_WR05
Simias concolor,Primates,Cercopithecidae,7393.9,7.3939,10.9,PanTHERIA_WR05
Sminthopsis crassicaudata,Dasyuromorphia,Dasyuridae,15.98,0.01598,49.99,PanTHERIA_WR05
Sminthopsis leucopus,Dasyuromorphia,Dasyuridae,23.36,0.02336,617.99,PanTHERIA_WR05
Sminthopsis murina,Dasyuromorphia,Dasyuridae,17,0.017,599.99,PanTHERIA_WR05
Sorex araneus,Soricomorpha,Soricidae,9.18,0.00918,1859.01,PanTHERIA_WR05
Sorex arcticus,Soricomorpha,Soricidae,8.19,0.00819,502.74,PanTHERIA_WR05
Sorex caecutiens,Soricomorpha,Soricidae,6.3,0.0063,1643.9,PanTHERIA_WR05
Sorex cinereus,Soricomorpha,Soricidae,4.2,0.0042,1111.97,PanTHERIA_WR05
Sorex coronatus,Soricomorpha,Soricidae,9.32,0.00932,1345.01,PanTHERIA_WR05
Sorex fumeus,Soricomorpha,Soricidae,7.83,0.00783,3383.55,PanTHERIA_WR05
Sorex hoyi,Soricomorpha,Soricidae,3.37,0.00337,52,PanTHERIA_WR05
Sorex isodon,Soricomorpha,Soricidae,12.23,0.01223,567.57,PanTHERIA_WR05
Sorex longirostris,Soricomorpha,Soricidae,3.29,0.00329,61.11,PanTHERIA_WR05
Spalacopus cyanus,Rodentia,Octodontidae,100.86,0.10086,4500,PanTHERIA_WR05
Aepyceros melampus,Artiodactyla,Bovidae,52591.69,52.59169,13.36,PanTHERIA_WR05
Aepyprymnus rufescens,Diprotodontia,Potoroidae,2810.31,2.81031,40,PanTHERIA_WR05
Spermophilus franklinii,Rodentia,Sciuridae,457.64,0.45764,442.88,PanTHERIA_WR05
Spermophilus fulvus,Rodentia,Sciuridae,778.38,0.77838,423.39,PanTHERIA_WR05
Spermophilus mohavensis,Rodentia,Sciuridae,213.18,0.21318,301.99,PanTHERIA_WR05
Spermophilus mollis,Rodentia,Sciuridae,165.4,0.1654,2179.42,PanTHERIA_WR05
Spermophilus pygmaeus,Rodentia,Sciuridae,173.46,0.17346,1107.21,PanTHERIA_WR05
Spermophilus relictus,Rodentia,Sciuridae,599.99,0.59999,244.94,PanTHERIA_WR05
Spermophilus richardsonii,Rodentia,Sciuridae,325.1,0.3251,374.69,PanTHERIA_WR05
Spermophilus spilosoma,Rodentia,Sciuridae,106.64,0.10664,124.53,PanTHERIA_WR05
Spermophilus tereticaudus,Rodentia,Sciuridae,147.57,0.14757,1456.02,PanTHERIA_WR05
Spermophilus townsendii,Rodentia,Sciuridae,207.29,0.20729,759.22,PanTHERIA_WR05
Spermophilus tridecemlineatus,Rodentia,Sciuridae,174.91,0.17491,386.61,PanTHERIA_WR05
Spermophilus undulatus,Rodentia,Sciuridae,742.91,0.74291,292.3,PanTHERIA_WR05
Spermophilus variegatus,Rodentia,Sciuridae,714.58,0.71458,136.99,PanTHERIA_WR05
Spermophilus washingtoni,Rodentia,Sciuridae,215.09,0.21509,18500,PanTHERIA_WR05
Sphiggurus insidiosus,Rodentia,Erethizontidae,998.32,0.99832,26.3,PanTHERIA_WR05
Aethomys chrysophilus,Rodentia,Muridae,80.85,0.08085,66.18,PanTHERIA_WR05
Aethomys hindei,Rodentia,Muridae,140.65,0.14065,2191.47,PanTHERIA_WR05
Ailuropoda melanoleuca,Carnivora,Ursidae,117999.99,117.99999,0.18,PanTHERIA_WR05
Spilogale putorius,Carnivora,Mephitidae,566.49,0.56649,4.7,PanTHERIA_WR05
Steatomys pratensis,Rodentia,Nesomyidae,30.58,0.03058,27.57,PanTHERIA_WR05
Stenella coeruleoalba,Cetacea,Delphinidae,142102.96,142.10296,0.21,PanTHERIA_WR05
Stochomys longicaudatus,Rodentia,Muridae,70.95,0.07095,83.26,PanTHERIA_WR05
Suncus megalura,Soricomorpha,Soricidae,5.38,0.00538,977,PanTHERIA_WR05
Tragelaphus scriptus,Artiodactyla,Bovidae,43250.39,43.25039,1.52,PanTHERIA_WR05
Tragelaphus spekii,Artiodactyla,Bovidae,75554.25,75.55425,1.66,PanTHERIA_WR05
Tragelaphus strepsiceros,Artiodactyla,Bovidae,206056.41,206.05641,1.06,PanTHERIA_WR05
Trichosurus caninus,Diprotodontia,Phalangeridae,3115.06,3.11506,100,PanTHERIA_WR05
Trichosurus vulpecula,Diprotodontia,Phalangeridae,2685.39,2.68539,124,PanTHERIA_WR05
Tapirus pinchaque,Perissodactyla,Tapiridae,156923.4,156.9234,0.27,PanTHERIA_WR05
Tapirus terrestris,Perissodactyla,Tapiridae,169496.64,169.49664,0.85,PanTHERIA_WR05
Tarsipes rostratus,Diprotodontia,Tarsipedidae,9.66,0.00966,29699.99,PanTHERIA_WR05
Tarsius bancanus,Primates,Tarsiidae,114.39,0.11439,62.24,PanTHERIA_WR05
Tarsius dentatus,Primates,Tarsiidae,110.42,0.11042,129,PanTHERIA_WR05
Acomys cahirinus,Rodentia,Muridae,41.16,0.04116,2366.22,PanTHERIA_WR05
Acomys russatus,Rodentia,Muridae,42.35,0.04235,3487.07,PanTHERIA_WR05
Acomys spinosissimus,Rodentia,Muridae,26.5,0.0265,204.07,PanTHERIA_WR05
Acomys subspinosus,Rodentia,Muridae,21.92,0.02192,3543.88,PanTHERIA_WR05
Acrobates pygmaeus,Diprotodontia,Acrobatidae,13.84,0.01384,899.99,PanTHERIA_WR05
Sundasciurus hippurus,Rodentia,Sciuridae,357.79,0.35779,177.15,PanTHERIA_WR05
Sundasciurus tenuis,Rodentia,Sciuridae,74.87,0.07487,141.72,PanTHERIA_WR05
Sus scrofa,Artiodactyla,Suidae,84471.54,84.47154,3.54,PanTHERIA_WR05
Sylvicapra grimmia,Artiodactyla,Bovidae,15639.15,15.63915,2.42,PanTHERIA_WR05
Sylvilagus aquaticus,Lagomorpha,Leporidae,2133.34,2.13334,82.44,PanTHERIA_WR05
Sylvilagus audubonii,Lagomorpha,Leporidae,880.88,0.88088,290,PanTHERIA_WR05
Sylvilagus bachmani,Lagomorpha,Leporidae,714.53,0.71453,568,PanTHERIA_WR05
Sylvilagus brasiliensis,Lagomorpha,Leporidae,986.74,0.98674,3.54,PanTHERIA_WR05
Sylvilagus floridanus,Lagomorpha,Leporidae,1207.19,1.20719,680.83,PanTHERIA_WR05
Sylvilagus nuttallii,Lagomorpha,Leporidae,801.54,0.80154,86.25,PanTHERIA_WR05
Sylvisorex lunaris,Soricomorpha,Soricidae,18.78,0.01878,840.59,PanTHERIA_WR05
Symphalangus syndactylus,Primates,Hylobatidae,10839,10.839,4.99,PanTHERIA_WR05
Synaptomys cooperi,Rodentia,Cricetidae,28.01,0.02801,1144.96,PanTHERIA_WR05
Syncerus caffer,Artiodactyla,Bovidae,592665.98,592.66598,5.84,PanTHERIA_WR05
Tachyoryctes macrocephalus,Rodentia,Spalacidae,621.88,0.62188,6299.99,PanTHERIA_WR05
Tachyoryctes splendens,Rodentia,Spalacidae,227.13,0.22713,3385.42,PanTHERIA_WR05
Talpa caeca,Soricomorpha,Talpidae,71.08,0.07108,4999.99,PanTHERIA_WR05
Talpa europaea,Soricomorpha,Talpidae,87.53,0.08753,925.63,PanTHERIA_WR05
Talpa romana,Soricomorpha,Talpidae,92.5,0.0925,1157.05,PanTHERIA_WR05
Talpa stankovici,Soricomorpha,Talpidae,71.12,0.07112,4999.99,PanTHERIA_WR05
Tamandua mexicana,Pilosa,Myrmecophagidae,4178.51,4.17851,4.84,PanTHERIA_WR05
Tamandua tetradactyla,Pilosa,Myrmecophagidae,4800,4.8,5.31,PanTHERIA_WR05
Tamias amoenus,Rodentia,Sciuridae,50.63,0.05063,152.81,PanTHERIA_WR05
Tamias cinereicollis,Rodentia,Sciuridae,61.59,0.06159,499.99,PanTHERIA_WR05
Tamias minimus,Rodentia,Sciuridae,42.87,0.04287,221.91,PanTHERIA_WR05
Tamias quadrimaculatus,Rodentia,Sciuridae,83.62,0.08362,52,PanTHERIA_WR05
Tamias speciosus,Rodentia,Sciuridae,60.83,0.06083,76.48,PanTHERIA_WR05
Tamias townsendii,Rodentia,Sciuridae,79.12,0.07912,260,PanTHERIA_WR05
Tamias umbrinus,Rodentia,Sciuridae,51.75,0.05175,253.71,PanTHERIA_WR05
Tamiasciurus douglasii,Rodentia,Sciuridae,225,0.225,44.28,PanTHERIA_WR05
Tamiasciurus hudsonicus,Rodentia,Sciuridae,200.24,0.20024,174.35,PanTHERIA_WR05
Tapirus bairdii,Perissodactyla,Tapiridae,293781.59,293.78159,0.34,PanTHERIA_WR05
Tapirus indicus,Perissodactyla,Tapiridae,311209.19,311.20919,0.11,PanTHERIA_WR05
Abrocoma bennettii,Rodentia,Abrocomidae,250.5,0.2505,143.85,PanTHERIA_WR05
Abrothrix longipilis,Rodentia,Cricetidae,38.86,0.03886,2777.2,PanTHERIA_WR05
Abrothrix olivaceus,Rodentia,Cricetidae,24.52,0.02452,3211.81,PanTHERIA_WR05
Acinonyx jubatus,Carnivora,Felidae,50577.92,50.57792,0.01,PanTHERIA_WR05
Akodon azarae,Rodentia,Cricetidae,25.27,0.02527,7679.65,PanTHERIA_WR05
Akodon cursor,Rodentia,Cricetidae,39.84,0.03984,442.88,PanTHERIA_WR05
Alcelaphus buselaphus,Artiodactyla,Bovidae,160937.86,160.93786,3.65,PanTHERIA_WR05
Alcelaphus caama,Artiodactyla,Bovidae,176115.97,176.11597,3.18,PanTHERIA_WR05
Alcelaphus lichtensteinii,Artiodactyla,Bovidae,168695.66,168.69566,1.71,PanTHERIA_WR05
Alces alces,Artiodactyla,Cervidae,461900.76,461.90076,0.4,PanTHERIA_WR05
Alouatta belzebul,Primates,Atelidae,6157.91,6.15791,17,PanTHERIA_WR05
Alouatta caraya,Primates,Atelidae,5576.96,5.57696,80,PanTHERIA_WR05
Alouatta guariba,Primates,Atelidae,5188.33,5.18833,89.09,PanTHERIA_WR05
Alouatta palliata,Primates,Atelidae,6576.99,6.57699,58.99,PanTHERIA_WR05
Alouatta pigra,Primates,Atelidae,7172.06,7.17206,8.53,PanTHERIA_WR05
Alouatta seniculus,Primates,Atelidae,6398.31,6.39831,44.49,PanTHERIA_WR05
Amblysomus hottentotus,Afrosoricida,Chrysochloridae,62.6,0.0626,1000,PanTHERIA_WR05
Ammodorcas clarkei,Artiodactyla,Bovidae,28049.81,28.04981,0.73,PanTHERIA_WR05
Ammospermophilus harrisii,Rodentia,Sciuridae,126.57,0.12657,24.97,PanTHERIA_WR05
Ammospermophilus leucurus,Rodentia,Sciuridae,103.92,0.10392,14.49,PanTHERIA_WR05
Anomalurus derbianus,Rodentia,Anomaluridae,665.84,0.66584,50.43,PanTHERIA_WR05
Anomalurus pusillus,Rodentia,Anomaluridae,250,0.25,6.22,PanTHERIA_WR05
Anourosorex squamipes,Soricomorpha,Soricidae,20,0.02,190,PanTHERIA_WR05
Antechinus agilis,Dasyuromorphia,Dasyuridae,22.13,0.02213,711,PanTHERIA_WR05
Antechinus bellus,Dasyuromorphia,Dasyuridae,38.73,0.03873,160,PanTHERIA_WR05
Antechinus flavipes,Dasyuromorphia,Dasyuridae,44.33,0.04433,688.83,PanTHERIA_WR05
Antechinus godmani,Dasyuromorphia,Dasyuridae,75.74,0.07574,5.3,PanTHERIA_WR05
Antechinus leo,Dasyuromorphia,Dasyuridae,70.09,0.07009,162,PanTHERIA_WR05
Antechinus minimus,Dasyuromorphia,Dasyuridae,52.56,0.05256,1400,PanTHERIA_WR05
Antechinus stuartii,Dasyuromorphia,Dasyuridae,29.01,0.02901,328.78,PanTHERIA_WR05
Antechinus swainsonii,Dasyuromorphia,Dasyuridae,58.69,0.05869,974.49,PanTHERIA_WR05
Antidorcas marsupialis,Artiodactyla,Bovidae,33571.24,33.57124,10.69,PanTHERIA_WR05
Antilocapra americana,Artiodactyla,Antilocapridae,47450.01,47.45001,0.82,PanTHERIA_WR05
Antilope cervicapra,Artiodactyla,Bovidae,36301.1,36.3011,4.25,PanTHERIA_WR05
Aonyx capensis,Carnivora,Mustelidae,19322.22,19.32222,0.35,PanTHERIA_WR05
Aotus azarae,Primates,Aotidae,929.57,0.92957,15.94,PanTHERIA_WR05
Aotus lemurinus,Primates,Aotidae,865.96,0.86596,35.43,PanTHERIA_WR05
Aotus nancymaae,Primates,Aotidae,791.03,0.79103,28.16,PanTHERIA_WR05
Aotus nigriceps,Primates,Aotidae,1057,1.057,38,PanTHERIA_WR05
Aotus trivirgatus,Primates,Aotidae,912.4,0.9124,24.37,PanTHERIA_WR05
Aotus vociferans,Primates,Aotidae,872.99,0.87299,23.51,PanTHERIA_WR05
Aplodontia rufa,Rodentia,Aplodontiidae,806.21,0.80621,778.39,PanTHERIA_WR05
Apodemus agrarius,Rodentia,Muridae,21.11,0.02111,1098.35,PanTHERIA_WR05
Apodemus flavicollis,Rodentia,Muridae,31.6,0.0316,1770,PanTHERIA_WR05
Apodemus sylvaticus,Rodentia,Muridae,21.9,0.0219,780,PanTHERIA_WR05
Apomys musculus,Rodentia,Muridae,21.2,0.0212,1124.83,PanTHERIA_WR05
Archboldomys luzonensis,Rodentia,Muridae,35.34,0.03534,575.19,PanTHERIA_WR05
Arctocebus calabarensis,Primates,Lorisidae,258.01,0.25801,6.2,PanTHERIA_WR05
Arctocephalus gazella,Carnivora,Otariidae,96599.99,96.59999,22,PanTHERIA_WR05
Arvicanthis abyssinicus,Rodentia,Muridae,73.34,0.07334,10983.58,PanTHERIA_WR05
Arvicanthis niloticus,Rodentia,Muridae,95.8,0.0958,7309.52,PanTHERIA_WR05
Arvicola amphibius,Rodentia,Cricetidae,120,0.12,57067.85,PanTHERIA_WR05
Tarsius tarsier,Primates,Tarsiidae,168.04,0.16804,200,PanTHERIA_WR05
Taterillus gracilis,Rodentia,Muridae,49.9,0.0499,467.68,PanTHERIA_WR05
Taterillus pygargus,Rodentia,Muridae,60.19,0.06019,3000,PanTHERIA_WR05
Taurotragus derbianus,Artiodactyla,Bovidae,646024.25,646.02425,0.74,PanTHERIA_WR05
Taurotragus oryx,Artiodactyla,Bovidae,562592.69,562.59269,1.64,PanTHERIA_WR05
Taxidea taxus,Carnivora,Mustelidae,7842.15,7.84215,1.94,PanTHERIA_WR05
Tayassu pecari,Artiodactyla,Tayassuidae,31798.71,31.79871,1.59,PanTHERIA_WR05
Thallomys paedulcus,Rodentia,Muridae,77.7,0.0777,34,PanTHERIA_WR05
Theropithecus gelada,Primates,Cercopithecidae,15964.11,15.96411,51.42,PanTHERIA_WR05
Thomomys bottae,Rodentia,Geomyidae,122.7,0.1227,5250,PanTHERIA_WR05
Thomomys mazama,Rodentia,Geomyidae,93.07,0.09307,3578.84,PanTHERIA_WR05
Thomomys monticola,Rodentia,Geomyidae,80.99,0.08099,2814,PanTHERIA_WR05
Thomomys talpoides,Rodentia,Geomyidae,104.64,0.10464,2196.71,PanTHERIA_WR05
Thylamys elegans,Didelphimorphia,Didelphidae,28.9,0.0289,703.01,PanTHERIA_WR05
Thylamys velutinus,Didelphimorphia,Didelphidae,20.69,0.02069,54.99,PanTHERIA_WR05
Thylogale billardierii,Diprotodontia,Macropodidae,5865.86,5.86586,250,PanTHERIA_WR05
Thylogale stigmatica,Diprotodontia,Macropodidae,4511.47,4.51147,313.68,PanTHERIA_WR05
Thylogale thetis,Diprotodontia,Macropodidae,5399.95,5.39995,359.99,PanTHERIA_WR05
Tlacuatzin canescens,Didelphimorphia,Didelphidae,47.73,0.04773,305.11,PanTHERIA_WR05
Tolypeutes matacus,Cingulata,Dasypodidae,1303.47,1.30347,7,PanTHERIA_WR05
Trachypithecus auratus,Primates,Cercopithecidae,9719.6,9.7196,41.99,PanTHERIA_WR05
Trachypithecus cristatus,Primates,Cercopithecidae,7176.81,7.17681,36.63,PanTHERIA_WR05
Trachypithecus geei,Primates,Cercopithecidae,8356,8.356,2.6,PanTHERIA_WR05
Trachypithecus johnii,Primates,Cercopithecidae,10595.08,10.59508,71,PanTHERIA_WR05
Trachypithecus obscurus,Primates,Cercopithecidae,7247.88,7.24788,57,PanTHERIA_WR05
Trachypithecus phayrei,Primates,Cercopithecidae,7681.72,7.68172,0.6,PanTHERIA_WR05
Trachypithecus pileatus,Primates,Cercopithecidae,11219.93,11.21993,81.49,PanTHERIA_WR05
Trachypithecus vetulus,Primates,Cercopithecidae,7205.08,7.20508,144.65,PanTHERIA_WR05
Tragelaphus angasii,Artiodactyla,Bovidae,87616.76,87.61676,126.94,PanTHERIA_WR05
Tragelaphus buxtoni,Artiodactyla,Bovidae,215000.75,215.00075,80.5,PanTHERIA_WR05
Tragelaphus eurycerus,Artiodactyla,Bovidae,270998.37,270.99837,0.4,PanTHERIA_WR05
Tragelaphus imberbis,Artiodactyla,Bovidae,94320.39,94.32039,0.35,PanTHERIA_WR05
Trinomys iheringi,Rodentia,Echimyidae,220.39,0.22039,362.78,PanTHERIA_WR05
Tupaia glis,Scandentia,Tupaiidae,132.43,0.13243,406.3,PanTHERIA_WR05
Tursiops truncatus,Cetacea,Delphinidae,281040.55,281.04055,0.2,PanTHERIA_WR05
Uncia uncia,Carnivora,Felidae,32500,32.5,0.07,PanTHERIA_WR05
Uranomys ruddi,Rodentia,Muridae,35.48,0.03548,189.55,PanTHERIA_WR05
Urocyon cinereoargenteus,Carnivora,Canidae,3833.71,3.83371,2.41,PanTHERIA_WR05
Urocyon littoralis,Carnivora,Canidae,1923,1.923,7,PanTHERIA_WR05
Urotrichus talpoides,Soricomorpha,Talpidae,18.2,0.0182,4999.99,PanTHERIA_WR05
Ursus americanus,Carnivora,Ursidae,110500,110.5,0.72,PanTHERIA_WR05
Ursus arctos,Carnivora,Ursidae,196287.5,196.2875,0.02,PanTHERIA_WR05
Ursus maritimus,Carnivora,Ursidae,371703.81,371.70381,0.007048404,PanTHERIA_WR05
Varecia variegata,Primates,Lemuridae,3849.99,3.84999,27.83,PanTHERIA_WR05
Vicugna vicugna,Artiodactyla,Camelidae,47499.61,47.49961,3.1,PanTHERIA_WR05
Vombatus ursinus,Diprotodontia,Vombatidae,26000,26,25.92,PanTHERIA_WR05
Vulpes cana,Carnivora,Canidae,988.5,0.9885,1.25,PanTHERIA_WR05
Vulpes lagopus,Carnivora,Canidae,3584.37,3.58437,0.1,PanTHERIA_WR05
Vulpes macrotis,Carnivora,Canidae,4499.97,4.49997,0.19,PanTHERIA_WR05
Vulpes pallida,Carnivora,Canidae,2800.01,2.80001,6.11,PanTHERIA_WR05
Vulpes velox,Carnivora,Canidae,2088,2.088,0.41,PanTHERIA_WR05
Vulpes vulpes,Carnivora,Canidae,4820.36,4.82036,1.1,PanTHERIA_WR05
Wallabia bicolor,Diprotodontia,Macropodidae,14999.95,14.99995,32,PanTHERIA_WR05
Wyulda squamicaudata,Diprotodontia,Phalangeridae,1799.21,1.79921,345,PanTHERIA_WR05
Xerus rutilus,Rodentia,Sciuridae,316.96,0.31696,798.09,PanTHERIA_WR05
Zaglossus bruijni,Monotremata,Tachyglossidae,8951.71,8.95171,1.6,PanTHERIA_WR05
Zalophus californianus,Carnivora,Otariidae,137194.86,137.19486,0.5,PanTHERIA_WR05
Zapus hudsonius,Rodentia,Dipodidae,18.43,0.01843,882,PanTHERIA_WR05
Zapus princeps,Rodentia,Dipodidae,27.2,0.0272,292.3,PanTHERIA_WR05
Zelotomys hildegardeae,Rodentia,Muridae,55.22,0.05522,61.11,PanTHERIA_WR05
Zygodontomys brevicauda,Rodentia,Cricetidae,52.22,0.05222,1029.29,PanTHERIA_WR05
Zyzomys argurus,Rodentia,Muridae,40.42,0.04042,535.51,PanTHERIA_WR05
