nuclide,z,n,A,symbol,E_keV,E_eV,unc_e_keV,jp,half_life,unit_hl,half_life_sec,idx,ENSDF_cut_off,Extraction_date,source_file,source,note,has_halflife
Ra-220,88,132,220,Ra,178.47,178470.0,0.12,2+,,,,1,31-Oct-2010,2026-07-17,iaea_livechart_levels_220ra.csv,IAEA LiveChart API levels (ENSDF snapshot),first excited is above eV band (keV-scale),False
Ra-221,88,133,221,Ra,53.14,53140.0,0.08,(7/2)+,,,,1,15-Jan-2007,2026-07-17,iaea_livechart_levels_221ra.csv,IAEA LiveChart API levels (ENSDF snapshot),first excited is above eV band (keV-scale),False
Ra-222,88,134,222,Ra,111.137,111137.0,0.02,2+,0.52,ns,0.00000000052,1,25-Sep-2023,2026-07-17,iaea_livechart_levels_222ra.csv,IAEA LiveChart API levels (ENSDF snapshot),first excited is above eV band (keV-scale),True
Ra-223,88,135,223,Ra,29.858,29858.0,0.008,5/2+,,,,1,1-May-2001,2026-07-17,iaea_livechart_levels_223ra.csv,IAEA LiveChart API levels (ENSDF snapshot),first excited is above eV band (keV-scale),False
Ra-224,88,136,224,Ra,84.372,84372.0,0.003,2+,0.748,ns,0.000000000748,1,08-Mar-2022,2026-07-17,iaea_livechart_levels_224ra.csv,IAEA LiveChart API levels (ENSDF snapshot),first excited is above eV band (keV-scale),True
Ra-225,88,137,225,Ra,25.41,25410.0,0.02,5/2+,0.88,ns,0.00000000088,1,1-Dec-2008,2026-07-17,iaea_livechart_levels_225ra.csv,IAEA LiveChart API levels (ENSDF snapshot),first excited is above eV band (keV-scale),True
Ra-226,88,138,226,Ra,67.67,67670.0,0.01,2+,0.63,ns,0.00000000063,1,1-Feb-1996,2026-07-17,iaea_livechart_levels_226ra.csv,IAEA LiveChart API levels (ENSDF snapshot),first excited is above eV band (keV-scale),True
Ra-227,88,139,227,Ra,1.733,1733.0,0.009,(5/2)+,,,,1,15-Jan-2016,2026-07-17,iaea_livechart_levels_227ra.csv,IAEA LiveChart API levels (ENSDF snapshot),first excited is above eV band (keV-scale),False
Ra-228,88,140,228,Ra,63.823,63823.0,0.02,2+,550,ps,0.00000000055,1,31-Dec-2012,2026-07-17,iaea_livechart_levels_228ra.csv,IAEA LiveChart API levels (ENSDF snapshot),first excited is above eV band (keV-scale),True
Ra-229,88,141,229,Ra,41.25,41250.0,0.09,(7/2)+,,,,1,1-Jun-2008,2026-07-17,iaea_livechart_levels_229ra.csv,IAEA LiveChart API levels (ENSDF snapshot),first excited is above eV band (keV-scale),False
Ra-230,88,142,230,Ra,57.44,57440.0,0.07,2+,,,,1,26-Sep-2023,2026-07-17,iaea_livechart_levels_230ra.csv,IAEA LiveChart API levels (ENSDF snapshot),first excited is above eV band (keV-scale),False
Ra-231,88,143,231,Ra,46.23,46230.0,0.11,(7/2+),,,,1,31-Aug-2022,2026-07-17,iaea_livechart_levels_231ra.csv,IAEA LiveChart API levels (ENSDF snapshot),first excited is above eV band (keV-scale),False
Ra-232,88,144,232,Ra,54.5,54500.0,1,(2+),,,,1,1-Nov-2004,2026-07-17,iaea_livechart_levels_232ra.csv,IAEA LiveChart API levels (ENSDF snapshot),first excited is above eV band (keV-scale),False
Ac-220,89,131,220,Ac,13.79,13790.0,0.13,,,,,1,31-Oct-2010,2026-07-17,iaea_livechart_levels_220ac.csv,IAEA LiveChart API levels (ENSDF snapshot),first excited is above eV band (keV-scale),False
Ac-221,89,132,221,Ac,9.0,9000.0,0.5,(5/2-),,,,1,15-Jan-2007,2026-07-17,iaea_livechart_levels_221ac.csv,IAEA LiveChart API levels (ENSDF snapshot),first excited is above eV band (keV-scale),False
Ac-222,89,133,222,Ac,40.0,40000.0,14,,,,,2,25-Sep-2023,2026-07-17,iaea_livechart_levels_222ac.csv,IAEA LiveChart API levels (ENSDF snapshot),first excited is above eV band (keV-scale),False
Ac-223,89,134,223,Ac,12.5,12500.0,0.2,(3/2-),,,,1,1-May-2001,2026-07-17,iaea_livechart_levels_223ac.csv,IAEA LiveChart API levels (ENSDF snapshot),first excited is above eV band (keV-scale),False
Ac-224,89,135,224,Ac,17.6,17600.0,0.15,(1-),,,,1,08-Mar-2022,2026-07-17,iaea_livechart_levels_224ac.csv,IAEA LiveChart API levels (ENSDF snapshot),first excited is above eV band (keV-scale),False
Ac-225,89,136,225,Ac,29.91,29910.0,0.06,(5/2-),,,,1,25-OCT-2019,2026-07-17,iaea_livechart_levels_225ac.csv,IAEA LiveChart API levels (ENSDF snapshot),first excited is above eV band (keV-scale),False
Ac-226,89,137,226,Ac,5.1,5100.0,1.3,,,,,1,1-Feb-1996,2026-07-17,iaea_livechart_levels_226ac.csv,IAEA LiveChart API levels (ENSDF snapshot),first excited is above eV band (keV-scale),False
Ac-227,89,138,227,Ac,27.369,27369.0,0.011,3/2+,38.3,ns,0.0000000383,1,15-Jan-2016,2026-07-17,iaea_livechart_levels_227ac.csv,IAEA LiveChart API levels (ENSDF snapshot),first excited is above eV band (keV-scale),True
Ac-228,89,139,228,Ac,6.28,6280.0,0.03,1-,,,,1,31-Dec-2012,2026-07-17,iaea_livechart_levels_228ac.csv,IAEA LiveChart API levels (ENSDF snapshot),first excited is above eV band (keV-scale),False
Ac-229,89,140,229,Ac,7.0,7000.0,0.5,(5/2+),,,,1,1-Jun-2008,2026-07-17,iaea_livechart_levels_229ac.csv,IAEA LiveChart API levels (ENSDF snapshot),first excited is above eV band (keV-scale),False
Ac-230,89,141,230,Ac,8.99,8990.0,0.07,(0 1 2)+,,,,1,26-Sep-2023,2026-07-17,iaea_livechart_levels_230ac.csv,IAEA LiveChart API levels (ENSDF snapshot),first excited is above eV band (keV-scale),False
Ac-231,89,142,231,Ac,5.25,5250.0,0.07,(1/2+ 3/2+ 5/2+),,,,1,31-Aug-2022,2026-07-17,iaea_livechart_levels_231ac.csv,IAEA LiveChart API levels (ENSDF snapshot),first excited is above eV band (keV-scale),False
Ac-232,89,143,232,Ac,7.5,7500.0,0.2,,,,,1,1-Nov-2004,2026-07-17,iaea_livechart_levels_232ac.csv,IAEA LiveChart API levels (ENSDF snapshot),first excited is above eV band (keV-scale),False
Th-220,90,130,220,Th,386.5,386500.0,0.1,2+,,,,1,30-Nov-2014,2026-07-17,iaea_livechart_levels_220th.csv,IAEA LiveChart API levels (ENSDF snapshot),first excited is above eV band (keV-scale),False
Th-221,90,131,221,Th,47.0,47000.0,20,,,,,1,15-Jan-2007,2026-07-17,iaea_livechart_levels_221th.csv,IAEA LiveChart API levels (ENSDF snapshot),first excited is above eV band (keV-scale),False
Th-222,90,132,222,Th,182.9,182900.0,0.2,2+,240,ps,0.00000000024,1,25-Sep-2023,2026-07-17,iaea_livechart_levels_222th.csv,IAEA LiveChart API levels (ENSDF snapshot),first excited is above eV band (keV-scale),True
Th-223,90,133,223,Th,51.3,51300.0,0.5,(7/2)+,,,,1,1-May-2001,2026-07-17,iaea_livechart_levels_223th.csv,IAEA LiveChart API levels (ENSDF snapshot),first excited is above eV band (keV-scale),False
Th-224,90,134,224,Th,98.1,98100.0,0.3,2+,0.590,ns,0.00000000059,1,08-Mar-2022,2026-07-17,iaea_livechart_levels_224th.csv,IAEA LiveChart API levels (ENSDF snapshot),first excited is above eV band (keV-scale),True
Th-225,90,135,225,Th,68.4,68400.0,,(7/2+),,,,1,1-Dec-2008,2026-07-17,iaea_livechart_levels_225th.csv,IAEA LiveChart API levels (ENSDF snapshot),first excited is above eV band (keV-scale),False
Th-226,90,136,226,Th,72.2,72200.0,0.04,2+,0.395,ns,0.000000000395,1,1-Feb-1996,2026-07-17,iaea_livechart_levels_226th.csv,IAEA LiveChart API levels (ENSDF snapshot),first excited is above eV band (keV-scale),True
Th-227,90,137,227,Th,9.3,9300.0,0.03,(5/2+),,,,1,15-Jan-2016,2026-07-17,iaea_livechart_levels_227th.csv,IAEA LiveChart API levels (ENSDF snapshot),first excited is above eV band (keV-scale),False
Th-228,90,138,228,Th,57.773,57773.0,0.003,2+,0.406,ns,0.000000000406,1,31-Dec-2012,2026-07-17,iaea_livechart_levels_228th.csv,IAEA LiveChart API levels (ENSDF snapshot),first excited is above eV band (keV-scale),True
Th-229,90,139,229,Th,0.0076,7.6,0.0005,(3/2+),,,,1,1-Jun-2008,2026-07-17,iaea_livechart_levels_229th.csv,IAEA LiveChart API levels (ENSDF snapshot),"no half-life in ENSDF (level, not tagged isomer); ENSDF Adopted still lists ~7.6 eV; Zhang et al. Nature 2024 measures 8.3557335(24) eV",False
Th-230,90,140,230,Th,53.23,53230.0,0.011,2+,0.354,ns,0.000000000354,1,26-Sep-2023,2026-07-17,iaea_livechart_levels_230th.csv,IAEA LiveChart API levels (ENSDF snapshot),first excited is above eV band (keV-scale),True
Th-231,90,141,231,Th,41.9521,41952.1,0.0016,7/2+,,,,1,31-Aug-2022,2026-07-17,iaea_livechart_levels_231th.csv,IAEA LiveChart API levels (ENSDF snapshot),first excited is above eV band (keV-scale),False
Th-232,90,142,232,Th,49.369,49369.0,0.009,2+,345,ps,0.000000000345,1,1-Nov-2004,2026-07-17,iaea_livechart_levels_232th.csv,IAEA LiveChart API levels (ENSDF snapshot),first excited is above eV band (keV-scale),True
Th-233,90,143,233,Th,0.0002,0.2,,1/2+,,,,231,8-Oct-2020,2026-07-17,iaea_livechart_levels_233th.csv,IAEA LiveChart API levels (ENSDF snapshot),"no half-life in ENSDF (level, not tagged isomer)",False
Th-234,90,144,234,Th,49.55,49550.0,0.06,2+,0.37,ns,0.00000000037,1,1-Jun-2006,2026-07-17,iaea_livechart_levels_234th.csv,IAEA LiveChart API levels (ENSDF snapshot),first excited is above eV band (keV-scale),True
Th-236,90,146,236,Th,48.4,48400.0,0.3,(2+),,,,1,1-Apr-2022,2026-07-17,iaea_livechart_levels_236th.csv,IAEA LiveChart API levels (ENSDF snapshot),first excited is above eV band (keV-scale),False
Pa-222,91,131,222,Pa,107.0,107000.0,30,,,,,1,25-Sep-2023,2026-07-17,iaea_livechart_levels_222pa.csv,IAEA LiveChart API levels (ENSDF snapshot),first excited is above eV band (keV-scale),False
Pa-223,91,132,223,Pa,27.0,27000.0,,,,,,1,1-May-2001,2026-07-17,iaea_livechart_levels_223pa.csv,IAEA LiveChart API levels (ENSDF snapshot),first excited is above eV band (keV-scale),False
Pa-229,91,138,229,Pa,11.4,11400.0,0.2,(7/2+),,,,1,1-Jun-2008,2026-07-17,iaea_livechart_levels_229pa.csv,IAEA LiveChart API levels (ENSDF snapshot),first excited is above eV band (keV-scale),False
Pa-230,91,139,230,Pa,28.0,28000.0,1,(3-),,,,1,26-Sep-2023,2026-07-17,iaea_livechart_levels_230pa.csv,IAEA LiveChart API levels (ENSDF snapshot),first excited is above eV band (keV-scale),False
Pa-231,91,140,231,Pa,9.183,9183.0,0.018,1/2-,,,,1,31-Aug-2022,2026-07-17,iaea_livechart_levels_231pa.csv,IAEA LiveChart API levels (ENSDF snapshot),first excited is above eV band (keV-scale),False
Pa-233,91,142,233,Pa,6.677,6677.0,0.012,1/2-,,,,1,8-Oct-2020,2026-07-17,iaea_livechart_levels_233pa.csv,IAEA LiveChart API levels (ENSDF snapshot),first excited is above eV band (keV-scale),False
Pa-234,91,143,234,Pa,73.92,73920.0,0.02,(3+),,,,1,1-Jun-2006,2026-07-17,iaea_livechart_levels_234pa.csv,IAEA LiveChart API levels (ENSDF snapshot),first excited is above eV band (keV-scale),False
Pa-235,91,144,235,Pa,10.0,10000.0,10,(1/2-),,,,1,1-Feb-2014,2026-07-17,iaea_livechart_levels_235pa.csv,IAEA LiveChart API levels (ENSDF snapshot),first excited is above eV band (keV-scale),False
Pa-236,91,145,236,Pa,31.54,31540.0,0.09,,,,,1,1-Apr-2022,2026-07-17,iaea_livechart_levels_236pa.csv,IAEA LiveChart API levels (ENSDF snapshot),first excited is above eV band (keV-scale),False
Pa-237,91,146,237,Pa,35.0,35000.0,2,(3/2+),,,,1,15-Mar-2006,2026-07-17,iaea_livechart_levels_237pa.csv,IAEA LiveChart API levels (ENSDF snapshot),first excited is above eV band (keV-scale),False
U-226,92,134,226,U,81.3,81300.0,0.6,(2+),,,,1,31-MAR-2014,2026-07-17,iaea_livechart_levels_226u.csv,IAEA LiveChart API levels (ENSDF snapshot),first excited is above eV band (keV-scale),False
U-228,92,136,228,U,59.0,59000.0,14,2+,,,,1,31-Dec-2012,2026-07-17,iaea_livechart_levels_228u.csv,IAEA LiveChart API levels (ENSDF snapshot),first excited is above eV band (keV-scale),False
U-229,92,137,229,U,15.0,15000.0,15,,,,,1,1-Jun-2008,2026-07-17,iaea_livechart_levels_229u.csv,IAEA LiveChart API levels (ENSDF snapshot),first excited is above eV band (keV-scale),False
U-230,92,138,230,U,51.737,51737.0,0.023,2+,0.26,ns,0.00000000026,1,26-Sep-2023,2026-07-17,iaea_livechart_levels_230u.csv,IAEA LiveChart API levels (ENSDF snapshot),first excited is above eV band (keV-scale),True
U-231,92,139,231,U,45.1,45100.0,0.3,(7/2-),,,,2,31-Aug-2022,2026-07-17,iaea_livechart_levels_231u.csv,IAEA LiveChart API levels (ENSDF snapshot),first excited is above eV band (keV-scale),False
U-232,92,140,232,U,47.573,47573.0,0.008,2+,245,ps,0.000000000245,1,1-Nov-2004,2026-07-17,iaea_livechart_levels_232u.csv,IAEA LiveChart API levels (ENSDF snapshot),first excited is above eV band (keV-scale),True
U-233,92,141,233,U,40.351,40351.0,0.007,7/2+,0.11,ns,0.00000000011,1,8-Oct-2020,2026-07-17,iaea_livechart_levels_233u.csv,IAEA LiveChart API levels (ENSDF snapshot),first excited is above eV band (keV-scale),True
U-234,92,142,234,U,43.4981,43498.1,0.001,2+,0.252,ns,0.000000000252,1,1-Jun-2006,2026-07-17,iaea_livechart_levels_234u.csv,IAEA LiveChart API levels (ENSDF snapshot),first excited is above eV band (keV-scale),True
U-235,92,143,235,U,0.076,76.0,0.0004,1/2+,26,m,1560,1,1-Feb-2014,2026-07-17,iaea_livechart_levels_235u.csv,IAEA LiveChart API levels (ENSDF snapshot),U-235m isomer; ~76 eV (NOT 7.6 eV). Half-life ~26 min.,True
U-236,92,144,236,U,45.2431,45243.1,0.002,2+,235,ps,0.000000000235,1,1-Apr-2022,2026-07-17,iaea_livechart_levels_236u.csv,IAEA LiveChart API levels (ENSDF snapshot),first excited is above eV band (keV-scale),True
U-237,92,145,237,U,11.393,11393.0,0.014,3/2+,,,,1,15-Mar-2006,2026-07-17,iaea_livechart_levels_237u.csv,IAEA LiveChart API levels (ENSDF snapshot),first excited is above eV band (keV-scale),False
U-238,92,146,238,U,44.916,44916.0,0.013,2+,206,ps,0.000000000206,1,1-Jun-2014,2026-07-17,iaea_livechart_levels_238u.csv,IAEA LiveChart API levels (ENSDF snapshot),first excited is above eV band (keV-scale),True
U-239,92,147,239,U,20.0,20000.0,,(5/2+),0.25,us,0.00000025,96,30-Jun-2013,2026-07-17,iaea_livechart_levels_239u.csv,IAEA LiveChart API levels (ENSDF snapshot),first excited is above eV band (keV-scale),True
U-240,92,148,240,U,45.0,45000.0,1,(2+),,,,1,31-Jul-2008,2026-07-17,iaea_livechart_levels_240u.csv,IAEA LiveChart API levels (ENSDF snapshot),first excited is above eV band (keV-scale),False
U-242,92,150,242,U,47.8,47800.0,0.3,2+,,,,1,31-Dec-2021,2026-07-17,iaea_livechart_levels_242u.csv,IAEA LiveChart API levels (ENSDF snapshot),first excited is above eV band (keV-scale),False
Np-232,93,139,232,Np,50.0,50000.0,50,(1+),,,,1,1-Nov-2004,2026-07-17,iaea_livechart_levels_232np.csv,IAEA LiveChart API levels (ENSDF snapshot),first excited is above eV band (keV-scale),False
Np-233,93,140,233,Np,34.4,34400.0,0.3,(7/2+),,,,1,8-Oct-2020,2026-07-17,iaea_livechart_levels_233np.csv,IAEA LiveChart API levels (ENSDF snapshot),first excited is above eV band (keV-scale),False
Np-235,93,142,235,Np,34.23,34230.0,0.1,(7/2)+,,,,1,1-Feb-2014,2026-07-17,iaea_livechart_levels_235np.csv,IAEA LiveChart API levels (ENSDF snapshot),first excited is above eV band (keV-scale),False
Np-236,93,143,236,Np,57.0,57000.0,51,1(-),22.5,h,81000,1,1-Apr-2022,2026-07-17,iaea_livechart_levels_236np.csv,IAEA LiveChart API levels (ENSDF snapshot),first excited is above eV band (keV-scale),True
Np-237,93,144,237,Np,33.19629,33196.29,0.00022,7/2+,54,ps,0.000000000054,1,15-Mar-2006,2026-07-17,iaea_livechart_levels_237np.csv,IAEA LiveChart API levels (ENSDF snapshot),first excited is above eV band (keV-scale),True
Np-238,93,145,238,Np,26.4266,26426.600000000002,0.0021,3+,,,,1,1-Jun-2014,2026-07-17,iaea_livechart_levels_238np.csv,IAEA LiveChart API levels (ENSDF snapshot),first excited is above eV band (keV-scale),False
Np-239,93,146,239,Np,31.1309,31130.9,0.0012,7/2+,,,,1,30-Jun-2013,2026-07-17,iaea_livechart_levels_239np.csv,IAEA LiveChart API levels (ENSDF snapshot),first excited is above eV band (keV-scale),False
Np-240,93,147,240,Np,18.0,18000.0,,(1+),7.22,m,433.2,1,31-Jul-2008,2026-07-17,iaea_livechart_levels_240np.csv,IAEA LiveChart API levels (ENSDF snapshot),first excited is above eV band (keV-scale),True
Np-242,93,149,242,Np,55.58,55580.0,0.06,(1- 0-),,,,1,31-Dec-2021,2026-07-17,iaea_livechart_levels_242np.csv,IAEA LiveChart API levels (ENSDF snapshot),first excited is above eV band (keV-scale),False
Np-243,93,150,243,Np,76.0,76000.0,,1/2+ 3/2-,,,,1,30-Sep-2013,2026-07-17,iaea_livechart_levels_243np.csv,IAEA LiveChart API levels (ENSDF snapshot),first excited is above eV band (keV-scale),False
Pu-230,94,136,230,Pu,99.0,99000.0,22,(2+),,,,1,26-Sep-2023,2026-07-17,iaea_livechart_levels_230pu.csv,IAEA LiveChart API levels (ENSDF snapshot),first excited is above eV band (keV-scale),False
Pu-231,94,137,231,Pu,324.0,324000.0,28,,,,,1,31-Aug-2022,2026-07-17,iaea_livechart_levels_231pu.csv,IAEA LiveChart API levels (ENSDF snapshot),first excited is above eV band (keV-scale),False
Pu-234,94,140,234,Pu,4170.0,4170000.0,,,3,ns,0.000000003,1,1-Jun-2006,2026-07-17,iaea_livechart_levels_234pu.csv,IAEA LiveChart API levels (ENSDF snapshot),first excited is above eV band (keV-scale),True
Pu-235,94,141,235,Pu,41.9,41900.0,0.19,(7/2+),,,,1,1-Feb-2014,2026-07-17,iaea_livechart_levels_235pu.csv,IAEA LiveChart API levels (ENSDF snapshot),first excited is above eV band (keV-scale),False
Pu-236,94,142,236,Pu,44.63,44630.0,0.09,2+,,,,1,1-Apr-2022,2026-07-17,iaea_livechart_levels_236pu.csv,IAEA LiveChart API levels (ENSDF snapshot),first excited is above eV band (keV-scale),False
Pu-237,94,143,237,Pu,47.71,47710.0,0.04,9/2-,,,,1,15-Mar-2006,2026-07-17,iaea_livechart_levels_237pu.csv,IAEA LiveChart API levels (ENSDF snapshot),first excited is above eV band (keV-scale),False
Pu-238,94,144,238,Pu,44.065,44065.0,0.015,2+,175,ps,0.000000000175,1,1-Jun-2014,2026-07-17,iaea_livechart_levels_238pu.csv,IAEA LiveChart API levels (ENSDF snapshot),first excited is above eV band (keV-scale),True
Pu-239,94,145,239,Pu,7.861,7861.0,0.002,3/2+,36,ps,0.000000000036,1,30-Jun-2013,2026-07-17,iaea_livechart_levels_239pu.csv,IAEA LiveChart API levels (ENSDF snapshot),first excited is above eV band (keV-scale),True
Pu-240,94,146,240,Pu,42.824,42824.0,0.008,2+,167,ps,0.000000000167,1,31-Jul-2008,2026-07-17,iaea_livechart_levels_240pu.csv,IAEA LiveChart API levels (ENSDF snapshot),first excited is above eV band (keV-scale),True
Pu-241,94,147,241,Pu,41.9722,41972.200000000004,0.0009,7/2+,,,,1,30-Sep-2015,2026-07-17,iaea_livechart_levels_241pu.csv,IAEA LiveChart API levels (ENSDF snapshot),first excited is above eV band (keV-scale),False
Pu-242,94,148,242,Pu,44.545,44545.0,0.009,2+,160,ps,0.00000000016,1,31-Dec-2021,2026-07-17,iaea_livechart_levels_242pu.csv,IAEA LiveChart API levels (ENSDF snapshot),first excited is above eV band (keV-scale),True
Pu-243,94,149,243,Pu,58.13,58130.0,0.22,9/2+,,,,1,30-Sep-2013,2026-07-17,iaea_livechart_levels_243pu.csv,IAEA LiveChart API levels (ENSDF snapshot),first excited is above eV band (keV-scale),False
Pu-244,94,150,244,Pu,44.2,44200.0,0.4,2+,158,ps,0.000000000158,1,31-Aug-2017,2026-07-17,iaea_livechart_levels_244pu.csv,IAEA LiveChart API levels (ENSDF snapshot),first excited is above eV band (keV-scale),True
Pu-245,94,151,245,Pu,60.5,60500.0,1,(11/2-),,,,1,14-Feb-2023,2026-07-17,iaea_livechart_levels_245pu.csv,IAEA LiveChart API levels (ENSDF snapshot),first excited is above eV band (keV-scale),False
Pu-246,94,152,246,Pu,46.0,46000.0,5,2+,,,,1,31-Jul-2022,2026-07-17,iaea_livechart_levels_246pu.csv,IAEA LiveChart API levels (ENSDF snapshot),first excited is above eV band (keV-scale),False
Am-237,95,142,237,Am,2400.0,2400000.0,200,,5,ns,0.000000005,1,15-Mar-2006,2026-07-17,iaea_livechart_levels_237am.csv,IAEA LiveChart API levels (ENSDF snapshot),first excited is above eV band (keV-scale),True
Am-238,95,143,238,Am,2500.0,2500000.0,,,35,us,0.000035,1,1-Jun-2014,2026-07-17,iaea_livechart_levels_238am.csv,IAEA LiveChart API levels (ENSDF snapshot),first excited is above eV band (keV-scale),True
Am-239,95,144,239,Am,40.7,40700.0,0.7,(7/2-),,,,1,30-Jun-2013,2026-07-17,iaea_livechart_levels_239am.csv,IAEA LiveChart API levels (ENSDF snapshot),first excited is above eV band (keV-scale),False
Am-240,95,145,240,Am,41.0,41000.0,,(4-),,,,1,31-Jul-2008,2026-07-17,iaea_livechart_levels_240am.csv,IAEA LiveChart API levels (ENSDF snapshot),first excited is above eV band (keV-scale),False
Am-241,95,146,241,Am,41.176,41176.0,0.003,7/2-,,,,1,30-Sep-2015,2026-07-17,iaea_livechart_levels_241am.csv,IAEA LiveChart API levels (ENSDF snapshot),first excited is above eV band (keV-scale),False
Am-242,95,147,242,Am,44.093,44093.0,0.003,0-,,,,1,31-Dec-2021,2026-07-17,iaea_livechart_levels_242am.csv,IAEA LiveChart API levels (ENSDF snapshot),first excited is above eV band (keV-scale),False
Am-243,95,148,243,Am,42.2,42200.0,0.22,7/2-,40,ps,0.00000000004,1,30-Sep-2013,2026-07-17,iaea_livechart_levels_243am.csv,IAEA LiveChart API levels (ENSDF snapshot),first excited is above eV band (keV-scale),True
Am-244,95,149,244,Am,89.5,89500.0,1.6,1+,26,m,1560,1,31-Aug-2017,2026-07-17,iaea_livechart_levels_244am.csv,IAEA LiveChart API levels (ENSDF snapshot),first excited is above eV band (keV-scale),True
Am-245,95,150,245,Am,19.209,19209.0,0.01,7/2+,,,,1,14-Feb-2023,2026-07-17,iaea_livechart_levels_245am.csv,IAEA LiveChart API levels (ENSDF snapshot),first excited is above eV band (keV-scale),False
Am-246,95,151,246,Am,30.0,30000.0,,(2-),25.0,m,1500,1,31-Jul-2022,2026-07-17,iaea_livechart_levels_246am.csv,IAEA LiveChart API levels (ENSDF snapshot),first excited is above eV band (keV-scale),True
Cm-235,96,139,235,Cm,50.0,50000.0,,,,,,1,1-Feb-2014,2026-07-17,iaea_livechart_levels_235cm.csv,IAEA LiveChart API levels (ENSDF snapshot),first excited is above eV band (keV-scale),False
Cm-236,96,140,236,Cm,47.4,47400.0,0.4,2+,,,,1,1-Apr-2022,2026-07-17,iaea_livechart_levels_236cm.csv,IAEA LiveChart API levels (ENSDF snapshot),first excited is above eV band (keV-scale),False
Cm-237,96,141,237,Cm,194.0,194000.0,,,,,,1,15-Mar-2006,2026-07-17,iaea_livechart_levels_237cm.csv,IAEA LiveChart API levels (ENSDF snapshot),first excited is above eV band (keV-scale),False
Cm-238,96,142,238,Cm,35.0,35000.0,7,2+,,,,1,1-Jun-2014,2026-07-17,iaea_livechart_levels_238cm.csv,IAEA LiveChart API levels (ENSDF snapshot),first excited is above eV band (keV-scale),False
Cm-239,96,143,239,Cm,242.0,242000.0,,(1/2+),,,,1,30-Jun-2013,2026-07-17,iaea_livechart_levels_239cm.csv,IAEA LiveChart API levels (ENSDF snapshot),first excited is above eV band (keV-scale),False
Cm-240,96,144,240,Cm,38.0,38000.0,5,(2+),132,ps,0.000000000132,1,31-Jul-2008,2026-07-17,iaea_livechart_levels_240cm.csv,IAEA LiveChart API levels (ENSDF snapshot),first excited is above eV band (keV-scale),True
Cm-241,96,145,241,Cm,5.5,5500.0,,(3/2+),,,,1,30-Sep-2015,2026-07-17,iaea_livechart_levels_241cm.csv,IAEA LiveChart API levels (ENSDF snapshot),first excited is above eV band (keV-scale),False
Cm-242,96,146,242,Cm,42.13,42130.0,0.05,2+,,,,1,31-Dec-2021,2026-07-17,iaea_livechart_levels_242cm.csv,IAEA LiveChart API levels (ENSDF snapshot),first excited is above eV band (keV-scale),False
Cm-243,96,147,243,Cm,42.0,42000.0,2,7/2+,,,,1,30-Sep-2013,2026-07-17,iaea_livechart_levels_243cm.csv,IAEA LiveChart API levels (ENSDF snapshot),first excited is above eV band (keV-scale),False
Cm-244,96,148,244,Cm,42.957,42957.0,0.009,2+,97,ps,0.000000000097,1,31-Aug-2017,2026-07-17,iaea_livechart_levels_244cm.csv,IAEA LiveChart API levels (ENSDF snapshot),first excited is above eV band (keV-scale),True
Cm-245,96,149,245,Cm,54.784,54784.0,0.012,9/2+,0.10,ns,0.0000000001,1,14-Feb-2023,2026-07-17,iaea_livechart_levels_245cm.csv,IAEA LiveChart API levels (ENSDF snapshot),first excited is above eV band (keV-scale),True
Cm-246,96,150,246,Cm,42.851,42851.0,0.005,2+,123.2,ps,0.0000000001232,1,31-Jul-2022,2026-07-17,iaea_livechart_levels_246cm.csv,IAEA LiveChart API levels (ENSDF snapshot),first excited is above eV band (keV-scale),True
Cm-247,96,151,247,Cm,61.67,61670.0,0.04,11/2-,,,,1,31-Mar-2014,2026-07-17,iaea_livechart_levels_247cm.csv,IAEA LiveChart API levels (ENSDF snapshot),first excited is above eV band (keV-scale),False
Cm-248,96,152,248,Cm,43.4,43400.0,0.03,2+,122.5,ps,0.0000000001225,1,1-Sep-2014,2026-07-17,iaea_livechart_levels_248cm.csv,IAEA LiveChart API levels (ENSDF snapshot),first excited is above eV band (keV-scale),True
Cm-249,96,153,249,Cm,26.2,26200.0,1,3/2+,,,,1,12-Oct-2023,2026-07-17,iaea_livechart_levels_249cm.csv,IAEA LiveChart API levels (ENSDF snapshot),first excited is above eV band (keV-scale),False
Cm-250,96,154,250,Cm,43.0,43000.0,5,2+,,,,1,1-Aug-2001,2026-07-17,iaea_livechart_levels_250cm.csv,IAEA LiveChart API levels (ENSDF snapshot),first excited is above eV band (keV-scale),False
Bk-236,97,139,236,Bk,102.0,102000.0,43,(1),,,,1,1-Apr-2022,2026-07-17,iaea_livechart_levels_236bk.csv,IAEA LiveChart API levels (ENSDF snapshot),first excited is above eV band (keV-scale),False
Bk-239,97,142,239,Bk,47.0,47000.0,10,(7/2+ 3/2-),,,,1,30-Jun-2013,2026-07-17,iaea_livechart_levels_239bk.csv,IAEA LiveChart API levels (ENSDF snapshot),first excited is above eV band (keV-scale),False
Bk-240,97,143,240,Bk,240.0,240000.0,100,,,,,1,31-Jul-2008,2026-07-17,iaea_livechart_levels_240bk.csv,IAEA LiveChart API levels (ENSDF snapshot),first excited is above eV band (keV-scale),False
Bk-241,97,144,241,Bk,51.0,51000.0,4,(3/2-),,,,1,30-Sep-2015,2026-07-17,iaea_livechart_levels_241bk.csv,IAEA LiveChart API levels (ENSDF snapshot),first excited is above eV band (keV-scale),False
Bk-242,97,145,242,Bk,150.0,150000.0,,,,,,1,31-Dec-2021,2026-07-17,iaea_livechart_levels_242bk.csv,IAEA LiveChart API levels (ENSDF snapshot),first excited is above eV band (keV-scale),False
Bk-243,97,146,243,Bk,18.0,18000.0,,(7/2+),,,,1,30-Sep-2013,2026-07-17,iaea_livechart_levels_243bk.csv,IAEA LiveChart API levels (ENSDF snapshot),first excited is above eV band (keV-scale),False
Bk-244,97,147,244,Bk,140.0,140000.0,,,,,,1,31-Aug-2017,2026-07-17,iaea_livechart_levels_244bk.csv,IAEA LiveChart API levels (ENSDF snapshot),first excited is above eV band (keV-scale),False
Bk-245,97,148,245,Bk,50.0,50000.0,,7/2+,,,,1,14-Feb-2023,2026-07-17,iaea_livechart_levels_245bk.csv,IAEA LiveChart API levels (ENSDF snapshot),first excited is above eV band (keV-scale),False
Bk-247,97,150,247,Bk,29.88,29880.0,0.11,(5/2-),,,,1,31-Mar-2014,2026-07-17,iaea_livechart_levels_247bk.csv,IAEA LiveChart API levels (ENSDF snapshot),first excited is above eV band (keV-scale),False
Bk-248,97,151,248,Bk,30.0,30000.0,,1(-),23.7,h,85320,1,1-Sep-2014,2026-07-17,iaea_livechart_levels_248bk.csv,IAEA LiveChart API levels (ENSDF snapshot),first excited is above eV band (keV-scale),True
Bk-249,97,152,249,Bk,8.773,8773.0,0.014,3/2-,0.3,ms,0.0003,1,12-Oct-2023,2026-07-17,iaea_livechart_levels_249bk.csv,IAEA LiveChart API levels (ENSDF snapshot),first excited is above eV band (keV-scale),True
Bk-250,97,153,250,Bk,34.47,34470.0,,(3-),,,,1,1-Aug-2001,2026-07-17,iaea_livechart_levels_250bk.csv,IAEA LiveChart API levels (ENSDF snapshot),first excited is above eV band (keV-scale),False
Cf-241,98,143,241,Cf,155.0,155000.0,,(1/2+),,,,1,30-Sep-2015,2026-07-17,iaea_livechart_levels_241cf.csv,IAEA LiveChart API levels (ENSDF snapshot),first excited is above eV band (keV-scale),False
Cf-242,98,144,242,Cf,45.0,45000.0,,(2+),,,,2,31-Dec-2021,2026-07-17,iaea_livechart_levels_242cf.csv,IAEA LiveChart API levels (ENSDF snapshot),first excited is above eV band (keV-scale),False
Cf-243,98,145,243,Cf,7.0,7000.0,,(3/2+),,,,1,30-Sep-2013,2026-07-17,iaea_livechart_levels_243cf.csv,IAEA LiveChart API levels (ENSDF snapshot),first excited is above eV band (keV-scale),False
Cf-244,98,146,244,Cf,37.0,37000.0,22,2+,,,,1,31-Aug-2017,2026-07-17,iaea_livechart_levels_244cf.csv,IAEA LiveChart API levels (ENSDF snapshot),first excited is above eV band (keV-scale),False
Cf-245,98,147,245,Cf,10.0,10000.0,,(3/2+),,,,1,14-Feb-2023,2026-07-17,iaea_livechart_levels_245cf.csv,IAEA LiveChart API levels (ENSDF snapshot),first excited is above eV band (keV-scale),False
Cf-246,98,148,246,Cf,41.0,41000.0,15,(2+),,,,1,31-Jul-2022,2026-07-17,iaea_livechart_levels_246cf.csv,IAEA LiveChart API levels (ENSDF snapshot),first excited is above eV band (keV-scale),False
Cf-247,98,149,247,Cf,55.0,55000.0,0.11,(9/2+),,,,1,31-Mar-2014,2026-07-17,iaea_livechart_levels_247cf.csv,IAEA LiveChart API levels (ENSDF snapshot),first excited is above eV band (keV-scale),False
Cf-248,98,150,248,Cf,41.53,41530.0,0.06,2+,,,,1,1-Sep-2014,2026-07-17,iaea_livechart_levels_248cf.csv,IAEA LiveChart API levels (ENSDF snapshot),first excited is above eV band (keV-scale),False
Cf-249,98,151,249,Cf,62.48,62480.0,0.05,11/2-,,,,1,12-Oct-2023,2026-07-17,iaea_livechart_levels_249cf.csv,IAEA LiveChart API levels (ENSDF snapshot),first excited is above eV band (keV-scale),False
Cf-250,98,152,250,Cf,42.721,42721.0,0.005,2+,96,ps,0.000000000096,1,1-Aug-2001,2026-07-17,iaea_livechart_levels_250cf.csv,IAEA LiveChart API levels (ENSDF snapshot),first excited is above eV band (keV-scale),True
