element,name,medium,intensity,wavelength_angstrom,wavelength_m,frequency_hz,source
hydrogen,Hydrogen H I 926.2256 A [vacuum],vacuum,15,926.2256,9.262256e-08,3236710991361068.0,NIST Hydrogen strong lines
hydrogen,Hydrogen H I 930.7482 A [vacuum],vacuum,20,930.7482,9.307482e-08,3220983484040044.5,NIST Hydrogen strong lines
hydrogen,Hydrogen H I 937.8034 A [vacuum],vacuum,30,937.8034,9.378034e-08,3196751664581297.0,NIST Hydrogen strong lines
hydrogen,Hydrogen H I 949.7430 A [vacuum],vacuum,50,949.743,9.49743e-08,3156564017844827.5,NIST Hydrogen strong lines
hydrogen,Hydrogen H I 972.5367 A [vacuum],vacuum,100,972.5367,9.725367e-08,3082582467067824.0,NIST Hydrogen strong lines
hydrogen,Hydrogen H I 1025.7222 A [vacuum],vacuum,300,1025.7222,1.0257221999999999e-07,2922745144835512.5,NIST Hydrogen strong lines
hydrogen,Hydrogen H I 1215.6682 A [vacuum],vacuum,1000,1215.66824,1.21566824e-07,2466071318931553.5,NIST Hydrogen strong lines
hydrogen,Hydrogen H I 1215.6736 A [vacuum],vacuum,500,1215.67364,1.21567364e-07,2466060364688009.5,NIST Hydrogen strong lines
hydrogen,Hydrogen H I 3835.3840 A [air],air,5,3835.384,3.835384e-07,781649133437486.2,NIST Hydrogen strong lines
hydrogen,Hydrogen H I 3889.0490 A [air],air,6,3889.049,3.8890490000000003e-07,770863154462697.6,NIST Hydrogen strong lines
hydrogen,Hydrogen H I 3970.0720 A [air],air,8,3970.072,3.9700720000000004e-07,755131035406914.5,NIST Hydrogen strong lines
hydrogen,Hydrogen H I 4101.7400 A [air],air,15,4101.74,4.10174e-07,730890934091385.6,NIST Hydrogen strong lines
hydrogen,Hydrogen H I 4340.4620 A [air],air,30,4340.462,4.340462000000001e-07,690692506926681.9,NIST Hydrogen strong lines
hydrogen,Hydrogen H I 4861.2786 A [air],air,30,4861.2786,4.861278599999999e-07,616694665473400.4,NIST Hydrogen strong lines
hydrogen,Hydrogen H I 4861.2870 A [air],air,10,4861.287,4.861287e-07,616693599863575.2,NIST Hydrogen strong lines
hydrogen,Hydrogen H I 4861.3615 A [air],air,60,4861.3615,4.8613615e-07,616684149080458.1,NIST Hydrogen strong lines
hydrogen,Hydrogen H I 6562.7110 A [air],air,90,6562.711,6.562711000000001e-07,456811915075949.5,NIST Hydrogen strong lines
hydrogen,Hydrogen H I 6562.7248 A [air],air,30,6562.7248,6.5627248e-07,456810954498655.8,NIST Hydrogen strong lines
hydrogen,Hydrogen H I 6562.8518 A [air],air,180,6562.8518,6.562851800000001e-07,456802114592927.4,NIST Hydrogen strong lines
hydrogen,Hydrogen H I 9545.9700 A [air],air,5,9545.97,9.54597e-07,314051330561483.0,NIST Hydrogen strong lines
hydrogen,Hydrogen H I 10049.4000 A [air],air,7,10049.4,1.00494e-06,298318763309252.3,NIST Hydrogen strong lines
hydrogen,Hydrogen H I 10938.1000 A [air],air,12,10938.1,1.09381e-06,274080926303471.34,NIST Hydrogen strong lines
hydrogen,Hydrogen H I 12818.0700 A [air],air,20,12818.07,1.281807e-06,233882681246084.66,NIST Hydrogen strong lines
hydrogen,Hydrogen H I 21655.3000 A [air],air,5,21655.3,2.16553e-06,138438376748417.25,NIST Hydrogen strong lines
hydrogen,Hydrogen H I 26251.5000 A [air],air,8,26251.5,2.62515e-06,114200124945241.22,NIST Hydrogen strong lines
hydrogen,Hydrogen H I 40511.6000 A [air],air,15,40511.6,4.05116e-06,74001633606177.0,NIST Hydrogen strong lines
hydrogen,Hydrogen H I 46525.1000 A [air],air,4,46525.1,4.65251e-06,64436714375681.086,NIST Hydrogen strong lines
hydrogen,Hydrogen H I 74578.0000 A [air],air,6,74578.0,7.4578e-06,40198511357236.72,NIST Hydrogen strong lines
hydrogen,Hydrogen H I 123685.0000 A [air],air,3,123685.0,1.23685e-05,24238384444354.61,NIST Hydrogen strong lines
helium,Helium He II 231.4541 A [vacuum],vacuum,15,231.4541,2.314541e-08,1.2952566318764714e+16,NIST Helium strong lines
helium,Helium He II 232.5842 A [vacuum],vacuum,20,232.5842,2.325842e-08,1.2889631281918548e+16,NIST Helium strong lines
helium,Helium He II 234.3472 A [vacuum],vacuum,30,234.3472,2.343472e-08,1.2792662254978936e+16,NIST Helium strong lines
helium,Helium He II 237.3307 A [vacuum],vacuum,50,237.3307,2.373307e-08,1.2631844847716708e+16,NIST Helium strong lines
helium,Helium He II 243.0266 A [vacuum],vacuum,100,243.0266,2.430266e-08,1.2335787852029366e+16,NIST Helium strong lines
helium,Helium He II 256.3166 A [vacuum],vacuum,300,256.3166,2.563166e-08,1.1696178007979194e+16,NIST Helium strong lines
helium,Helium He II 256.3177 A [vacuum],vacuum,150,256.3177,2.563177e-08,1.1696127813256752e+16,NIST Helium strong lines
helium,Helium He II 303.7804 A [vacuum],vacuum,1000,303.7804,3.037804e-08,9868722866913072.0,NIST Helium strong lines
helium,Helium He II 303.7858 A [vacuum],vacuum,500,303.7858,3.037858e-08,9868547443626396.0,NIST Helium strong lines
helium,Helium He I 320.2930 A [vacuum],vacuum,10,320.293,3.2029300000000005e-08,9359944113670918.0,NIST Helium strong lines
helium,Helium He I 505.5004 A [vacuum],vacuum,2,505.50035,5.055003500000001e-08,5930608317086229.0,NIST Helium strong lines
helium,Helium He I 505.6843 A [vacuum],vacuum,3,505.68433,5.0568433e-08,5928450620567973.0,NIST Helium strong lines
helium,Helium He I 505.9125 A [vacuum],vacuum,4,505.91252,5.0591252e-08,5925776614502444.0,NIST Helium strong lines
helium,Helium He I 506.2003 A [vacuum],vacuum,5,506.20034,5.0620034e-08,5922407282460538.0,NIST Helium strong lines
helium,Helium He I 506.5706 A [vacuum],vacuum,7,506.57057,5.0657056999999997e-08,5918078857206411.0,NIST Helium strong lines
helium,Helium He I 507.0580 A [vacuum],vacuum,10,507.05802,5.0705802e-08,5912389631466632.0,NIST Helium strong lines
helium,Helium He I 507.7181 A [vacuum],vacuum,15,507.71809,5.0771809e-08,5904703100100294.0,NIST Helium strong lines
helium,Helium He I 508.6434 A [vacuum],vacuum,20,508.64338,5.0864338e-08,5893961659345689.0,NIST Helium strong lines
helium,Helium He I 509.9983 A [vacuum],vacuum,25,509.99829,5.0999829e-08,5878303199800925.0,NIST Helium strong lines
helium,Helium He I 512.0986 A [vacuum],vacuum,35,512.09856,5.120985600000001e-08,5854194512868772.0,NIST Helium strong lines
helium,Helium He I 515.6168 A [vacuum],vacuum,50,515.61684,5.156168400000001e-08,5814248774341815.0,NIST Helium strong lines
helium,Helium He I 522.2131 A [vacuum],vacuum,100,522.21309,5.2221309e-08,5740807033389378.0,NIST Helium strong lines
helium,Helium He I 537.0299 A [vacuum],vacuum,400,537.02992,5.3702992e-08,5582416301870108.0,NIST Helium strong lines
helium,Helium He I 584.3344 A [vacuum],vacuum,1000,584.33436,5.8433436e-08,5130495115844292.0,NIST Helium strong lines
helium,Helium He I 591.4121 A [vacuum],vacuum,50,591.41207,5.9141206999999996e-08,5069096036541831.0,NIST Helium strong lines
helium,Helium He II 958.7000 A [vacuum],vacuum,5,958.7,9.587000000000001e-08,3127072681756545.0,NIST Helium strong lines
helium,Helium He II 972.1100 A [vacuum],vacuum,6,972.11,9.721100000000001e-08,3083935542274022.0,NIST Helium strong lines
helium,Helium He II 992.3600 A [vacuum],vacuum,8,992.36,9.9236e-08,3021005058648071.0,NIST Helium strong lines
helium,Helium He II 1025.2700 A [vacuum],vacuum,15,1025.27,1.02527e-07,2924034234884469.5,NIST Helium strong lines
helium,Helium He II 1084.9400 A [vacuum],vacuum,30,1084.94,1.08494e-07,2763216933655317.0,NIST Helium strong lines
helium,Helium He II 1215.0900 A [vacuum],vacuum,35,1215.09,1.21509e-07,2467244878980157.5,NIST Helium strong lines
helium,Helium He II 1215.1700 A [vacuum],vacuum,50,1215.17,1.2151700000000002e-07,2467082449369223.5,NIST Helium strong lines
helium,Helium He II 1640.3321 A [vacuum],vacuum,120,1640.3321,1.6403321000000002e-07,1827632697061771.5,NIST Helium strong lines
helium,Helium He II 1640.3447 A [vacuum],vacuum,50,1640.3447,1.6403447e-07,1827618658444167.2,NIST Helium strong lines
helium,Helium He II 1640.3750 A [vacuum],vacuum,7,1640.375,1.6403750000000002e-07,1827584899794254.2,NIST Helium strong lines
helium,Helium He II 1640.3914 A [vacuum],vacuum,25,1640.3914,1.6403914e-07,1827566628305903.0,NIST Helium strong lines
helium,Helium He II 1640.4742 A [vacuum],vacuum,180,1640.4742,1.6404742000000003e-07,1827474385150342.2,NIST Helium strong lines
helium,Helium He II 1640.4897 A [vacuum],vacuum,25,1640.4897,1.6404897e-07,1827457118444571.8,NIST Helium strong lines
helium,Helium He II 1640.5326 A [vacuum],vacuum,15,1640.5326,1.6405326e-07,1827409330360152.5,NIST Helium strong lines
helium,Helium He II 2385.4000 A [air],air,7,2385.4,2.3854e-07,1256780657332103.5,NIST Helium strong lines
helium,Helium He II 2511.2000 A [air],air,9,2511.2,2.5112e-07,1193821511627907.0,NIST Helium strong lines
helium,Helium He I 2723.1900 A [air],air,1,2723.19,2.72319e-07,1100887040566394.5,NIST Helium strong lines
helium,Helium He II 2733.3000 A [air],air,12,2733.3,2.7333e-07,1096815051403065.8,NIST Helium strong lines
helium,Helium He I 2763.8000 A [air],air,2,2763.8,2.7638000000000004e-07,1084711115131340.8,NIST Helium strong lines
helium,Helium He I 2818.2000 A [air],air,10,2818.2,2.8182e-07,1063772826626924.9,NIST Helium strong lines
helium,Helium He I 2829.0800 A [air],air,4,2829.08,2.82908e-07,1059681797616186.2,NIST Helium strong lines
helium,Helium He I 2945.1100 A [air],air,10,2945.11,2.9451100000000004e-07,1017932973641052.4,NIST Helium strong lines
helium,Helium He I 3013.7000 A [air],air,40,3013.7,3.0137e-07,994765431197531.2,NIST Helium strong lines
helium,Helium He I 3187.7400 A [air],air,20,3187.74,3.18774e-07,940454547736013.6,NIST Helium strong lines
helium,Helium He II 3203.1000 A [air],air,15,3203.1,3.2031e-07,935944734788174.0,NIST Helium strong lines
helium,Helium He I 3354.5500 A [air],air,1,3354.55,3.3545500000000003e-07,893689043239778.8,NIST Helium strong lines
helium,Helium He I 3447.5900 A [air],air,2,3447.59,3.4475900000000005e-07,869571085888983.2,NIST Helium strong lines
helium,Helium He I 3587.2700 A [air],air,1,3587.27,3.58727e-07,835711998260515.6,NIST Helium strong lines
helium,Helium He I 3613.6400 A [air],air,3,3613.64,3.61364e-07,829613514351180.5,NIST Helium strong lines
helium,Helium He I 3634.2300 A [air],air,2,3634.23,3.6342300000000004e-07,824913277365494.1,NIST Helium strong lines
helium,Helium He I 3705.0000 A [air],air,3,3705.0,3.705e-07,809156431848852.9,NIST Helium strong lines
helium,Helium He I 3732.8600 A [air],air,1,3732.86,3.73286e-07,803117336305138.6,NIST Helium strong lines
helium,Helium He I 3819.6070 A [air],air,10,3819.607,3.819607e-07,784877758366240.2,NIST Helium strong lines
helium,Helium He I 3819.7600 A [air],air,1,3819.76,3.8197600000000003e-07,784846320187655.8,NIST Helium strong lines
helium,Helium He I 3867.4800 A [air],air,3,3867.48,3.86748e-07,775162271039540.0,NIST Helium strong lines
helium,Helium He I 3888.6046 A [air],air,60,3888.6046,3.8886046000000003e-07,770951250739146.9,NIST Helium strong lines
helium,Helium He I 3888.6456 A [air],air,200,3888.6456,3.8886456e-07,770943122201725.0,NIST Helium strong lines
helium,Helium He I 3888.6489 A [air],air,300,3888.6489,3.8886489e-07,770942467961044.2,NIST Helium strong lines
helium,Helium He I 3964.7290 A [air],air,20,3964.729,3.964729e-07,756148674978794.2,NIST Helium strong lines
helium,Helium He I 4009.2700 A [air],air,1,4009.27,4.00927e-07,747748238457375.0,NIST Helium strong lines
helium,Helium He I 4026.1910 A [air],air,50,4026.191,4.026191e-07,744605653333386.2,NIST Helium strong lines
helium,Helium He I 4026.3600 A [air],air,5,4026.36,4.02636e-07,744574399705937.9,NIST Helium strong lines
helium,Helium He I 4120.8200 A [air],air,12,4120.82,4.1208199999999997e-07,727506802044253.4,NIST Helium strong lines
helium,Helium He I 4120.9900 A [air],air,2,4120.99,4.12099e-07,727476790771149.6,NIST Helium strong lines
helium,Helium He I 4143.7600 A [air],air,3,4143.76,4.1437600000000003e-07,723479298994150.1,NIST Helium strong lines
helium,Helium He I 4387.9290 A [air],air,10,4387.929,4.387929e-07,683220849744834.0,NIST Helium strong lines
helium,Helium He I 4437.5500 A [air],air,3,4437.55,4.43755e-07,675581025565909.1,NIST Helium strong lines
helium,Helium He I 4471.4790 A [air],air,200,4471.479,4.4714790000000004e-07,670454804774885.4,NIST Helium strong lines
helium,Helium He I 4471.6800 A [air],air,25,4471.68,4.4716800000000005e-07,670424668133676.8,NIST Helium strong lines
helium,Helium He I 4713.1460 A [air],air,30,4713.146,4.713146e-07,636077172232729.5,NIST Helium strong lines
helium,Helium He I 4713.3800 A [air],air,4,4713.38,4.7133800000000003e-07,636045593607984.0,NIST Helium strong lines
helium,Helium He I 4921.9310 A [air],air,20,4921.931,4.921931e-07,609095206738981.1,NIST Helium strong lines
helium,Helium He I 5015.6780 A [air],air,100,5015.678,5.015678e-07,597710734221774.2,NIST Helium strong lines
helium,Helium He I 5047.7400 A [air],air,10,5047.74,5.04774e-07,593914222998807.4,NIST Helium strong lines
helium,Helium He II 5411.5200 A [air],air,5,5411.52,5.411520000000001e-07,553989374519543.44,NIST Helium strong lines
helium,Helium He I 5875.6148 A [air],air,500,5875.6148,5.8756148e-07,510231640780808.1,NIST Helium strong lines
helium,Helium He I 5875.6404 A [air],air,250,5875.6404,5.8756404e-07,510229417715897.0,NIST Helium strong lines
helium,Helium He I 5875.9663 A [air],air,120,5875.9663,5.8759663e-07,510201118750459.75,NIST Helium strong lines
helium,Helium He II 6560.1000 A [air],air,8,6560.1,6.5601e-07,456993731802868.9,NIST Helium strong lines
helium,Helium He I 6678.1517 A [air],air,200,6678.1517,6.678151700000001e-07,448915315894965.3,NIST Helium strong lines
helium,Helium He I 7065.1771 A [air],air,100,7065.1771,7.0651771e-07,424324052683690.0,NIST Helium strong lines
helium,Helium He I 7065.2153 A [air],air,60,7065.2153,7.0652153e-07,424321758460779.0,NIST Helium strong lines
helium,Helium He I 7065.7086 A [air],air,20,7065.7086,7.0657086e-07,424292133983561.1,NIST Helium strong lines
helium,Helium He I 7281.3500 A [air],air,50,7281.35,7.281350000000001e-07,411726476546244.8,NIST Helium strong lines
helium,Helium He I 7816.1500 A [air],air,1,7816.15,7.81615e-07,383555149274259.06,NIST Helium strong lines
helium,Helium He I 8361.6900 A [air],air,2,8361.69,8.361690000000001e-07,358530940515613.44,NIST Helium strong lines
helium,Helium He I 9063.2700 A [air],air,2,9063.27,9.063270000000001e-07,330777366226538.5,NIST Helium strong lines
helium,Helium He I 9210.3400 A [air],air,2,9210.34,9.21034e-07,325495538709754.44,NIST Helium strong lines
helium,Helium He I 9463.6100 A [air],air,10,9463.61,9.463610000000001e-07,316784459630098.8,NIST Helium strong lines
helium,Helium He I 9516.6000 A [air],air,4,9516.6,9.516600000000001e-07,315020551457453.25,NIST Helium strong lines
helium,Helium He I 9526.1700 A [air],air,3,9526.17,9.52617e-07,314704081493401.9,NIST Helium strong lines
helium,Helium He I 9529.2700 A [air],air,1,9529.27,9.529270000000001e-07,314601704013004.1,NIST Helium strong lines
helium,Helium He I 9603.4200 A [air],air,1,9603.42,9.60342e-07,312172598928298.44,NIST Helium strong lines
helium,Helium He I 9702.6000 A [air],air,3,9702.6,9.7026e-07,308981569888483.5,NIST Helium strong lines
helium,Helium He I 10027.7300 A [air],air,6,10027.73,1.002773e-06,298963432401949.4,NIST Helium strong lines
helium,Helium He I 10031.1600 A [air],air,2,10031.16,1.003116e-06,298861206480606.44,NIST Helium strong lines
helium,Helium He II 10123.6000 A [air],air,15,10123.6,1.01236e-06,296132263226520.2,NIST Helium strong lines
helium,Helium He I 10138.5000 A [air],air,1,10138.5,1.01385e-06,295697053804803.44,NIST Helium strong lines
helium,Helium He I 10311.2300 A [air],air,10,10311.23,1.031123e-06,290743643580833.75,NIST Helium strong lines
helium,Helium He I 10311.5400 A [air],air,2,10311.54,1.0311540000000002e-06,290734902837015.56,NIST Helium strong lines
helium,Helium He I 10667.6500 A [air],air,3,10667.65,1.066765e-06,281029521965943.78,NIST Helium strong lines
helium,Helium He I 10829.0911 A [air],air,150,10829.0911,1.08290911e-06,276839907644696.03,NIST Helium strong lines
helium,Helium He I 10830.2501 A [air],air,500,10830.2501,1.08302501e-06,276810281601899.5,NIST Helium strong lines
helium,Helium He I 10830.3398 A [air],air,1000,10830.3398,1.08303398e-06,276807988979256.2,NIST Helium strong lines
helium,Helium He I 10913.0500 A [air],air,9,10913.05,1.091305e-06,274710056308731.3,NIST Helium strong lines
helium,Helium He I 10917.1000 A [air],air,3,10917.1,1.0917100000000001e-06,274608145020197.62,NIST Helium strong lines
helium,Helium He II 11626.4000 A [air],air,4,11626.4,1.16264e-06,257854931879171.56,NIST Helium strong lines
helium,Helium He I 11969.1200 A [air],air,30,11969.12,1.196912e-06,250471595238413.5,NIST Helium strong lines
helium,Helium He I 12527.5200 A [air],air,20,12527.52,1.252752e-06,239307107871310.5,NIST Helium strong lines
helium,Helium He I 12784.9900 A [air],air,50,12784.99,1.278499e-06,234487831433579.5,NIST Helium strong lines
helium,Helium He I 12790.5700 A [air],air,20,12790.57,1.279057e-06,234385534030148.78,NIST Helium strong lines
helium,Helium He I 12845.9600 A [air],air,7,12845.96,1.284596e-06,233374896076276.12,NIST Helium strong lines
helium,Helium He I 12968.4500 A [air],air,10,12968.45,1.2968450000000002e-06,231170616380523.47,NIST Helium strong lines
helium,Helium He I 12984.8900 A [air],air,2,12984.89,1.298489e-06,230877934275916.06,NIST Helium strong lines
helium,Helium He I 15083.6400 A [air],air,12,15083.64,1.508364e-06,198753389765335.16,NIST Helium strong lines
helium,Helium He I 17002.4700 A [air],air,200,17002.47,1.7002470000000003e-06,176322886027735.94,NIST Helium strong lines
helium,Helium He I 18555.5500 A [air],air,1,18555.55,1.855555e-06,161564846097259.3,NIST Helium strong lines
helium,Helium He II 18636.8000 A [air],air,6,18636.8,1.86368e-06,160860479266826.94,NIST Helium strong lines
helium,Helium He I 18685.3400 A [air],air,500,18685.34,1.868534e-06,160442602596474.03,NIST Helium strong lines
helium,Helium He I 18697.2300 A [air],air,200,18697.23,1.869723e-06,160340573443231.97,NIST Helium strong lines
helium,Helium He I 19089.3800 A [air],air,100,19089.38,1.9089380000000003e-06,157046723361366.34,NIST Helium strong lines
helium,Helium He I 19543.0800 A [air],air,20,19543.08,1.9543080000000003e-06,153400824230366.94,NIST Helium strong lines
helium,Helium He I 20581.2870 A [air],air,500,20581.287,2.0581287e-06,145662639075972.25,NIST Helium strong lines
helium,Helium He I 21120.0700 A [air],air,80,21120.07,2.1120070000000003e-06,141946716085694.78,NIST Helium strong lines
helium,Helium He I 21121.4300 A [air],air,10,21121.43,2.112143e-06,141937576196308.66,NIST Helium strong lines
helium,Helium He I 21132.0300 A [air],air,20,21132.03,2.113203e-06,141866379141048.0,NIST Helium strong lines
helium,Helium He II 30908.5000 A [air],air,3,30908.5,3.0908500000000002e-06,96993531876344.69,NIST Helium strong lines
helium,Helium He I 40478.9000 A [air],air,4,40478.9,4.04789e-06,74061414218271.75,NIST Helium strong lines
sodium,Sodium Na II 300.1500 A [vacuum],vacuum,90,300.15,3.0015e-08,9988087889388638.0,NIST Sodium strong lines
sodium,Sodium Na II 300.2000 A [vacuum],vacuum,90,300.2,3.002e-08,9986424317121918.0,NIST Sodium strong lines
sodium,Sodium Na II 301.3200 A [vacuum],vacuum,50,301.32,3.0132e-08,9949304991371300.0,NIST Sodium strong lines
sodium,Sodium Na II 301.4400 A [vacuum],vacuum,60,301.44,3.0144e-08,9945344280785562.0,NIST Sodium strong lines
sodium,Sodium Na II 302.4500 A [vacuum],vacuum,30,302.45,3.0245e-08,9912132848404696.0,NIST Sodium strong lines
sodium,Sodium Na II 372.0800 A [vacuum],vacuum,150,372.08,3.7208e-08,8057204310900882.0,NIST Sodium strong lines
sodium,Sodium Na II 376.3800 A [vacuum],vacuum,200,376.38,3.7638e-08,7965153780753493.0,NIST Sodium strong lines
sodium,Sodium Na II 1374.6900 A [vacuum],vacuum,50,1374.69,1.37469e-07,2180800456830267.2,NIST Sodium strong lines
sodium,Sodium Na II 1404.6800 A [vacuum],vacuum,50,1404.68,1.40468e-07,2134240239769911.8,NIST Sodium strong lines
sodium,Sodium Na II 1506.4100 A [vacuum],vacuum,40,1506.41,1.50641e-07,1990111974827570.0,NIST Sodium strong lines
sodium,Sodium Na II 1776.5700 A [vacuum],vacuum,50,1776.57,1.77657e-07,1687479007300585.0,NIST Sodium strong lines
sodium,Sodium Na II 1787.1900 A [vacuum],vacuum,40,1787.19,1.78719e-07,1677451518864810.0,NIST Sodium strong lines
sodium,Sodium Na II 1798.4100 A [vacuum],vacuum,40,1798.41,1.79841e-07,1666986159996886.0,NIST Sodium strong lines
sodium,Sodium Na II 1807.0900 A [vacuum],vacuum,50,1807.09,1.80709e-07,1658979121128444.0,NIST Sodium strong lines
sodium,Sodium Na II 1835.2200 A [vacuum],vacuum,40,1835.22,1.8352200000000002e-07,1633550517104216.2,NIST Sodium strong lines
sodium,Sodium Na II 1853.1700 A [vacuum],vacuum,40,1853.17,1.8531700000000002e-07,1617727774570061.0,NIST Sodium strong lines
sodium,Sodium Na II 1881.9100 A [vacuum],vacuum,90,1881.91,1.8819100000000002e-07,1593022291182893.8,NIST Sodium strong lines
sodium,Sodium Na II 2315.6500 A [air],air,150,2315.65,2.3156500000000002e-07,1294636313777988.8,NIST Sodium strong lines
sodium,Sodium Na II 2420.9900 A [air],air,150,2420.99,2.42099e-07,1238305230504876.0,NIST Sodium strong lines
sodium,Sodium Na II 2424.7300 A [air],air,150,2424.73,2.42473e-07,1236395219261526.0,NIST Sodium strong lines
sodium,Sodium Na II 2493.1500 A [air],air,600,2493.15,2.4931500000000003e-07,1202464584962798.0,NIST Sodium strong lines
sodium,Sodium Na II 2515.4600 A [air],air,300,2515.46,2.51546e-07,1191799742393041.5,NIST Sodium strong lines
sodium,Sodium Na II 2531.5400 A [air],air,300,2531.54,2.53154e-07,1184229591473964.5,NIST Sodium strong lines
sodium,Sodium Na II 2586.3100 A [air],air,300,2586.31,2.58631e-07,1159151292768461.5,NIST Sodium strong lines
sodium,Sodium Na II 2594.9600 A [air],air,300,2594.96,2.59496e-07,1155287395566791.0,NIST Sodium strong lines
sodium,Sodium Na II 2611.8100 A [air],air,500,2611.81,2.61181e-07,1147834099723946.2,NIST Sodium strong lines
sodium,Sodium Na II 2661.0000 A [air],air,500,2661.0,2.6610000000000003e-07,1126615776024051.0,NIST Sodium strong lines
sodium,Sodium Na II 2671.8300 A [air],air,600,2671.83,2.67183e-07,1122049149833634.5,NIST Sodium strong lines
sodium,Sodium Na II 2678.0900 A [air],air,500,2678.09,2.6780900000000004e-07,1119426374767091.2,NIST Sodium strong lines
sodium,Sodium Na I 2680.3400 A [air],air,2,2680.34,2.68034e-07,1118486677063357.6,NIST Sodium strong lines
sodium,Sodium Na I 2680.4300 A [air],air,1,2680.43,2.68043e-07,1118449121969236.4,NIST Sodium strong lines
sodium,Sodium Na II 2809.5200 A [air],air,500,2809.52,2.80952e-07,1067059348216065.4,NIST Sodium strong lines
sodium,Sodium Na II 2839.5600 A [air],air,400,2839.56,2.83956e-07,1055770816605389.5,NIST Sodium strong lines
sodium,Sodium Na II 2841.7200 A [air],air,600,2841.72,2.84172e-07,1054968322002167.8,NIST Sodium strong lines
sodium,Sodium Na I 2852.8100 A [air],air,5,2852.81,2.85281e-07,1050867243174273.8,NIST Sodium strong lines
sodium,Sodium Na I 2853.0100 A [air],air,2,2853.01,2.85301e-07,1050793575907550.2,NIST Sodium strong lines
sodium,Sodium Na II 2859.4900 A [air],air,400,2859.49,2.85949e-07,1048412332269040.9,NIST Sodium strong lines
sodium,Sodium Na II 2871.2800 A [air],air,400,2871.28,2.8712800000000005e-07,1044107359783789.6,NIST Sodium strong lines
sodium,Sodium Na II 2881.1500 A [air],air,500,2881.15,2.8811500000000004e-07,1040530545094840.5,NIST Sodium strong lines
sodium,Sodium Na II 2886.2600 A [air],air,500,2886.26,2.88626e-07,1038688330226660.1,NIST Sodium strong lines
sodium,Sodium Na II 2901.1400 A [air],air,500,2901.14,2.90114e-07,1033360878826943.9,NIST Sodium strong lines
sodium,Sodium Na II 2904.7200 A [air],air,400,2904.72,2.90472e-07,1032087285521496.1,NIST Sodium strong lines
sodium,Sodium Na II 2904.9200 A [air],air,600,2904.92,2.90492e-07,1032016227641380.9,NIST Sodium strong lines
sodium,Sodium Na II 2917.5200 A [air],air,600,2917.52,2.91752e-07,1027559221530615.0,NIST Sodium strong lines
sodium,Sodium Na II 2919.0500 A [air],air,600,2919.05,2.9190500000000005e-07,1027020633425258.0,NIST Sodium strong lines
sodium,Sodium Na II 2919.8500 A [air],air,700,2919.85,2.91985e-07,1026739243454287.1,NIST Sodium strong lines
sodium,Sodium Na II 2920.9500 A [air],air,700,2920.95,2.92095e-07,1026352583919615.2,NIST Sodium strong lines
sodium,Sodium Na II 2923.4900 A [air],air,600,2923.49,2.9234899999999997e-07,1025460863556913.2,NIST Sodium strong lines
sodium,Sodium Na II 2937.7400 A [air],air,500,2937.74,2.9377399999999997e-07,1020486693853098.1,NIST Sodium strong lines
sodium,Sodium Na II 2947.5000 A [air],air,500,2947.5,2.9475e-07,1017107575911789.6,NIST Sodium strong lines
sodium,Sodium Na II 2951.2400 A [air],air,700,2951.24,2.9512399999999996e-07,1015818632168173.5,NIST Sodium strong lines
sodium,Sodium Na II 2952.4000 A [air],air,600,2952.4,2.9524000000000004e-07,1015419516325701.0,NIST Sodium strong lines
sodium,Sodium Na II 2977.1300 A [air],air,600,2977.13,2.97713e-07,1006984773926566.9,NIST Sodium strong lines
sodium,Sodium Na II 2979.6600 A [air],air,600,2979.66,2.97966e-07,1006129753059073.9,NIST Sodium strong lines
sodium,Sodium Na II 2980.6300 A [air],air,600,2980.63,2.9806300000000004e-07,1005802323669828.0,NIST Sodium strong lines
sodium,Sodium Na II 2984.1900 A [air],air,700,2984.19,2.98419e-07,1004602448235534.5,NIST Sodium strong lines
sodium,Sodium Na II 3004.1500 A [air],air,300,3004.15,3.00415e-07,997927726644808.0,NIST Sodium strong lines
sodium,Sodium Na II 3007.4400 A [air],air,400,3007.44,3.0074400000000004e-07,996836039954246.6,NIST Sodium strong lines
sodium,Sodium Na II 3009.1400 A [air],air,400,3009.14,3.00914e-07,996272881952983.2,NIST Sodium strong lines
sodium,Sodium Na II 3015.4000 A [air],air,300,3015.4,3.0154000000000004e-07,994204609670358.8,NIST Sodium strong lines
sodium,Sodium Na II 3053.6700 A [air],air,500,3053.67,3.05367e-07,981744779232857.5,NIST Sodium strong lines
sodium,Sodium Na II 3056.1600 A [air],air,600,3056.16,3.05616e-07,980944904717030.5,NIST Sodium strong lines
sodium,Sodium Na II 3060.2500 A [air],air,400,3060.25,3.06025e-07,979633879585001.1,NIST Sodium strong lines
sodium,Sodium Na II 3061.3500 A [air],air,400,3061.35,3.06135e-07,979281878909631.4,NIST Sodium strong lines
sodium,Sodium Na II 3092.7300 A [air],air,600,3092.73,3.09273e-07,969345717214241.1,NIST Sodium strong lines
sodium,Sodium Na II 3094.4500 A [air],air,400,3094.45,3.09445e-07,968806922070158.0,NIST Sodium strong lines
sodium,Sodium Na II 3095.5500 A [air],air,400,3095.55,3.0955500000000005e-07,968462657686033.0,NIST Sodium strong lines
sodium,Sodium Na II 3124.4200 A [air],air,900,3124.42,3.12442e-07,959513951389377.9,NIST Sodium strong lines
sodium,Sodium Na II 3135.4800 A [air],air,1000,3135.48,3.13548e-07,956129390077436.4,NIST Sodium strong lines
sodium,Sodium Na II 3137.8600 A [air],air,900,3137.86,3.13786e-07,955404186292568.9,NIST Sodium strong lines
sodium,Sodium Na II 3145.7100 A [air],air,500,3145.71,3.14571e-07,953020011380578.6,NIST Sodium strong lines
sodium,Sodium Na II 3149.2800 A [air],air,1000,3149.28,3.14928e-07,951939675100340.4,NIST Sodium strong lines
sodium,Sodium Na II 3163.7400 A [air],air,1000,3163.74,3.1637399999999997e-07,947588796803783.0,NIST Sodium strong lines
sodium,Sodium Na II 3179.0600 A [air],air,600,3179.06,3.17906e-07,943022333645794.6,NIST Sodium strong lines
sodium,Sodium Na II 3189.7900 A [air],air,900,3189.79,3.18979e-07,939850140604867.5,NIST Sodium strong lines
sodium,Sodium Na II 3212.1900 A [air],air,900,3212.19,3.2121900000000004e-07,933296156204956.6,NIST Sodium strong lines
sodium,Sodium Na II 3257.9600 A [air],air,800,3257.96,3.25796e-07,920184587901631.6,NIST Sodium strong lines
sodium,Sodium Na II 3274.2200 A [air],air,500,3274.22,3.27422e-07,915614888431443.2,NIST Sodium strong lines
sodium,Sodium Na II 3285.6000 A [air],air,1000,3285.6,3.2856e-07,912443565863160.4,NIST Sodium strong lines
sodium,Sodium Na II 3301.3500 A [air],air,900,3301.35,3.30135e-07,908090502370242.5,NIST Sodium strong lines
sodium,Sodium Na I 3302.3700 A [air],air,15,3302.37,3.30237e-07,907810021287741.9,NIST Sodium strong lines
sodium,Sodium Na I 3302.9800 A [air],air,8,3302.98,3.3029800000000004e-07,907642365379142.4,NIST Sodium strong lines
sodium,Sodium Na II 3304.9600 A [air],air,800,3304.96,3.30496e-07,907098597259876.1,NIST Sodium strong lines
sodium,Sodium Na II 3318.0400 A [air],air,600,3318.04,3.31804e-07,903522736314209.6,NIST Sodium strong lines
sodium,Sodium Na II 3327.6900 A [air],air,500,3327.69,3.32769e-07,900902602105364.4,NIST Sodium strong lines
sodium,Sodium Na I 3426.8600 A [air],air,1,3426.86,3.42686e-07,874831355818446.0,NIST Sodium strong lines
sodium,Sodium Na II 3533.0500 A [air],air,800,3533.05,3.5330500000000005e-07,848537263837194.4,NIST Sodium strong lines
sodium,Sodium Na II 3631.2700 A [air],air,700,3631.27,3.63127e-07,825585698667408.4,NIST Sodium strong lines
sodium,Sodium Na II 3711.0700 A [air],air,500,3711.07,3.71107e-07,807832937670267.6,NIST Sodium strong lines
sodium,Sodium Na II 4113.7000 A [air],air,150,4113.7,4.1137e-07,728765972239103.5,NIST Sodium strong lines
sodium,Sodium Na I 4324.6200 A [air],air,1,4324.62,4.32462e-07,693222660025620.8,NIST Sodium strong lines
sodium,Sodium Na I 4390.0300 A [air],air,1,4390.03,4.39003e-07,682893870884709.2,NIST Sodium strong lines
sodium,Sodium Na II 4392.8100 A [air],air,600,4392.81,4.392810000000001e-07,682461699914177.9,NIST Sodium strong lines
sodium,Sodium Na I 4393.3400 A [air],air,1,4393.34,4.39334e-07,682379369682291.9,NIST Sodium strong lines
sodium,Sodium Na II 4405.1200 A [air],air,400,4405.12,4.40512e-07,680554577400842.6,NIST Sodium strong lines
sodium,Sodium Na II 4455.2300 A [air],air,500,4455.23,4.4552299999999996e-07,672900070254509.9,NIST Sodium strong lines
sodium,Sodium Na II 4490.8700 A [air],air,400,4490.87,4.4908700000000003e-07,667559867019085.4,NIST Sodium strong lines
sodium,Sodium Na I 4494.1800 A [air],air,1,4494.18,4.4941800000000006e-07,667068203765759.1,NIST Sodium strong lines
sodium,Sodium Na I 4497.6600 A [air],air,1,4497.66,4.49766e-07,666552069298257.4,NIST Sodium strong lines
sodium,Sodium Na I 4664.8110 A [air],air,2,4664.811,4.664811e-07,642667962324733.0,NIST Sodium strong lines
sodium,Sodium Na I 4668.5600 A [air],air,2,4668.56,4.6685600000000003e-07,642151879808763.2,NIST Sodium strong lines
sodium,Sodium Na I 4978.5410 A [air],air,2,4978.541,4.978541000000001e-07,602169306228471.2,NIST Sodium strong lines
sodium,Sodium Na I 4982.8130 A [air],air,5,4982.813,4.982813e-07,601653038153348.4,NIST Sodium strong lines
sodium,Sodium Na I 5148.8380 A [air],air,1,5148.838,5.148838e-07,582252651957587.2,NIST Sodium strong lines
sodium,Sodium Na I 5153.4020 A [air],air,1,5153.402,5.153402e-07,581736992379014.9,NIST Sodium strong lines
sodium,Sodium Na II 5414.5500 A [air],air,50,5414.55,5.414550000000001e-07,553679360242310.0,NIST Sodium strong lines
sodium,Sodium Na I 5682.6330 A [air],air,4,5682.633,5.682633e-07,527559069888905.4,NIST Sodium strong lines
sodium,Sodium Na I 5688.1930 A [air],air,1,5688.193,5.688193000000001e-07,527043400250307.9,NIST Sodium strong lines
sodium,Sodium Na I 5688.2050 A [air],air,7,5688.205,5.688205e-07,527042288384472.8,NIST Sodium strong lines
sodium,Sodium Na I 5889.9500 A [air],air,1000,5889.95,5.88995e-07,508989818249730.5,NIST Sodium strong lines
sodium,Sodium Na I 5895.9240 A [air],air,500,5895.924,5.895924e-07,508474088200594.2,NIST Sodium strong lines
sodium,Sodium Na I 6154.2250 A [air],air,2,6154.225,6.154225000000001e-07,487132755139761.7,NIST Sodium strong lines
sodium,Sodium Na I 6160.7470 A [air],air,3,6160.747,6.160747e-07,486617057963912.44,NIST Sodium strong lines
sodium,Sodium Na II 6514.2100 A [air],air,50,6514.21,6.514210000000001e-07,460213069581729.75,NIST Sodium strong lines
sodium,Sodium Na II 6530.7000 A [air],air,70,6530.7,6.5307e-07,459051032814246.56,NIST Sodium strong lines
sodium,Sodium Na II 6544.0400 A [air],air,70,6544.04,6.54404e-07,458115259075433.5,NIST Sodium strong lines
sodium,Sodium Na II 6545.7500 A [air],air,70,6545.75,6.54575e-07,457995581866096.3,NIST Sodium strong lines
sodium,Sodium Na I 7809.7800 A [air],air,1,7809.78,7.80978e-07,383867993720693.75,NIST Sodium strong lines
sodium,Sodium Na I 8183.2560 A [air],air,60,8183.256,8.183256000000001e-07,366348624557266.7,NIST Sodium strong lines
sodium,Sodium Na I 8194.7900 A [air],air,10,8194.79,8.194790000000001e-07,365832996330595.4,NIST Sodium strong lines
sodium,Sodium Na I 8194.8240 A [air],air,110,8194.824,8.194824000000001e-07,365831478503992.25,NIST Sodium strong lines
sodium,Sodium Na I 8649.9200 A [air],air,1,8649.92,8.649920000000001e-07,346584081702489.7,NIST Sodium strong lines
sodium,Sodium Na I 8650.8900 A [air],air,1,8650.89,8.65089e-07,346545220202776.8,NIST Sodium strong lines
sodium,Sodium Na I 9153.8800 A [air],air,1,9153.88,9.153879999999999e-07,327503154946317.9,NIST Sodium strong lines
sodium,Sodium Na I 9465.9400 A [air],air,1,9465.94,9.465940000000001e-07,316706484511839.25,NIST Sodium strong lines
sodium,Sodium Na I 9961.2800 A [air],air,1,9961.28,9.96128e-07,300957766471778.75,NIST Sodium strong lines
sodium,Sodium Na I 10572.2800 A [air],air,1,10572.28,1.0572280000000002e-06,283564621822350.5,NIST Sodium strong lines
sodium,Sodium Na I 10746.4400 A [air],air,2,10746.44,1.074644e-06,278969089298409.53,NIST Sodium strong lines
sodium,Sodium Na I 10749.2900 A [air],air,1,10749.29,1.074929e-06,278895125166406.34,NIST Sodium strong lines
sodium,Sodium Na I 10834.8700 A [air],air,2,10834.87,1.0834870000000002e-06,276692251960568.03,NIST Sodium strong lines
sodium,Sodium Na I 11197.2100 A [air],air,1,11197.21,1.119721e-06,267738533081008.56,NIST Sodium strong lines
sodium,Sodium Na I 11381.4500 A [air],air,5,11381.45,1.1381450000000001e-06,263404450223829.1,NIST Sodium strong lines
sodium,Sodium Na I 11403.7800 A [air],air,12,11403.78,1.1403780000000002e-06,262888672001739.75,NIST Sodium strong lines
sodium,Sodium Na I 12679.1700 A [air],air,5,12679.17,1.267917e-06,236444860349691.66,NIST Sodium strong lines
sodium,Sodium Na I 14767.4800 A [air],air,1,14767.48,1.476748e-06,203008541741718.97,NIST Sodium strong lines
sodium,Sodium Na I 14779.7300 A [air],air,1,14779.73,1.477973e-06,202840280573461.1,NIST Sodium strong lines
sodium,Sodium Na I 16373.8500 A [air],air,1,16373.85,1.637385e-06,183092222049182.1,NIST Sodium strong lines
sodium,Sodium Na I 16388.8500 A [air],air,1,16388.85,1.638885e-06,182924645719498.34,NIST Sodium strong lines
sodium,Sodium Na I 18465.2500 A [air],air,5,18465.25,1.846525e-06,162354941308674.4,NIST Sodium strong lines
sodium,Sodium Na I 22056.4400 A [air],air,1,22056.44,2.205644e-06,135920600967336.52,NIST Sodium strong lines
sodium,Sodium Na I 23348.4100 A [air],air,1,23348.41,2.334841e-06,128399517568862.28,NIST Sodium strong lines
sodium,Sodium Na I 23379.1300 A [air],air,1,23379.13,2.3379130000000002e-06,128230801573882.33,NIST Sodium strong lines
cesium,Cesium Cs II 639.3600 A [vacuum],vacuum,20,639.36,6.3936e-08,4688946102352353.0,NIST Cesium strong lines
cesium,Cesium Cs II 718.1400 A [vacuum],vacuum,150,718.14,7.1814e-08,4174568440694015.5,NIST Cesium strong lines
cesium,Cesium Cs II 808.7600 A [vacuum],vacuum,150,808.76,8.0876e-08,3706816088827340.5,NIST Cesium strong lines
cesium,Cesium Cs II 813.8400 A [vacuum],vacuum,150,813.84,8.138400000000001e-08,3683678093974245.0,NIST Cesium strong lines
cesium,Cesium Cs II 901.2700 A [vacuum],vacuum,400,901.27,9.0127e-08,3326333484971207.5,NIST Cesium strong lines
cesium,Cesium Cs II 926.6600 A [vacuum],vacuum,400,926.66,9.2666e-08,3235193684846653.5,NIST Cesium strong lines
cesium,Cesium Cs II 1840.5000 A [vacuum],vacuum,1,1840.5,1.8405e-07,1628864210812279.2,NIST Cesium strong lines
cesium,Cesium Cs II 1859.1600 A [vacuum],vacuum,1,1859.16,1.85916e-07,1612515641472493.0,NIST Cesium strong lines
cesium,Cesium Cs II 1883.9300 A [vacuum],vacuum,1,1883.93,1.88393e-07,1591314210188276.5,NIST Cesium strong lines
cesium,Cesium Cs II 1935.1900 A [vacuum],vacuum,1,1935.19,1.93519e-07,1549162914235811.5,NIST Cesium strong lines
cesium,Cesium Cs II 2267.6500 A [air],air,15,2267.65,2.26765e-07,1322040253125482.2,NIST Cesium strong lines
cesium,Cesium Cs II 2273.8400 A [air],air,8,2273.84,2.2738400000000002e-07,1318441306336417.5,NIST Cesium strong lines
cesium,Cesium Cs II 2332.4600 A [air],air,14,2332.46,2.3324600000000002e-07,1285305891633725.8,NIST Cesium strong lines
cesium,Cesium Cs II 2392.8600 A [air],air,10,2392.86,2.39286e-07,1252862507626856.5,NIST Cesium strong lines
cesium,Cesium Cs II 2931.0800 A [air],air,15,2931.08,2.93108e-07,1022805443727226.8,NIST Cesium strong lines
cesium,Cesium Cs II 3785.4400 A [air],air,11,3785.44,3.78544e-07,791961985925018.0,NIST Cesium strong lines
cesium,Cesium Cs II 3805.1200 A [air],air,25,3805.12,3.80512e-07,787865975317467.0,NIST Cesium strong lines
cesium,Cesium Cs I 3876.1500 A [air],air,30,3876.15,3.8761500000000005e-07,773428422532667.6,NIST Cesium strong lines
cesium,Cesium Cs I 3888.6100 A [air],air,10,3888.61,3.8886100000000003e-07,770950180141490.1,NIST Cesium strong lines
cesium,Cesium Cs II 3896.9900 A [air],air,30,3896.99,3.89699e-07,769292346144075.4,NIST Cesium strong lines
cesium,Cesium Cs II 3959.5100 A [air],air,40,3959.51,3.95951e-07,757145348793158.8,NIST Cesium strong lines
cesium,Cesium Cs II 3965.2000 A [air],air,25,3965.2,3.9652e-07,756058857056390.6,NIST Cesium strong lines
cesium,Cesium Cs II 3974.2500 A [air],air,20,3974.25,3.97425e-07,754337190664905.4,NIST Cesium strong lines
cesium,Cesium Cs II 4039.8500 A [air],air,80,4039.85,4.0398500000000003e-07,742088092379667.5,NIST Cesium strong lines
cesium,Cesium Cs II 4068.7800 A [air],air,20,4068.78,4.0687800000000005e-07,736811668362506.6,NIST Cesium strong lines
cesium,Cesium Cs II 4213.1400 A [air],air,20,4213.14,4.2131400000000006e-07,711565383538168.6,NIST Cesium strong lines
cesium,Cesium Cs II 4232.2000 A [air],air,20,4232.2,4.2322e-07,708360800529275.5,NIST Cesium strong lines
cesium,Cesium Cs II 4234.4100 A [air],air,10,4234.41,4.23441e-07,707991096752558.1,NIST Cesium strong lines
cesium,Cesium Cs II 4264.7000 A [air],air,140,4264.7,4.2647e-07,702962595258752.1,NIST Cesium strong lines
cesium,Cesium Cs II 4277.1300 A [air],air,200,4277.13,4.2771300000000004e-07,700919677447260.1,NIST Cesium strong lines
cesium,Cesium Cs II 4288.3800 A [air],air,50,4288.38,4.28838e-07,699080907009173.6,NIST Cesium strong lines
cesium,Cesium Cs II 4363.3000 A [air],air,80,4363.3,4.3633000000000004e-07,687077345128686.9,NIST Cesium strong lines
cesium,Cesium Cs II 4373.0400 A [air],air,40,4373.04,4.3730400000000004e-07,685547029069022.9,NIST Cesium strong lines
cesium,Cesium Cs II 4405.2600 A [air],air,40,4405.26,4.4052600000000004e-07,680532949247036.5,NIST Cesium strong lines
cesium,Cesium Cs II 4501.5500 A [air],air,120,4501.55,4.50155e-07,665976070464617.8,NIST Cesium strong lines
cesium,Cesium Cs II 4526.7400 A [air],air,200,4526.74,4.52674e-07,662270106080755.8,NIST Cesium strong lines
cesium,Cesium Cs II 4538.9700 A [air],air,40,4538.97,4.5389700000000003e-07,660485656437473.6,NIST Cesium strong lines
cesium,Cesium Cs II 4603.7900 A [air],air,1000,4603.79,4.60379e-07,651186213967187.9,NIST Cesium strong lines
cesium,Cesium Cs II 4616.1700 A [air],air,40,4616.17,4.6161700000000005e-07,649439812658545.9,NIST Cesium strong lines
cesium,Cesium Cs II 4763.6400 A [air],air,70,4763.64,4.7636400000000007e-07,629334832187150.9,NIST Cesium strong lines
cesium,Cesium Cs II 4830.1900 A [air],air,250,4830.19,4.83019e-07,620663903490338.9,NIST Cesium strong lines
cesium,Cesium Cs II 4870.0400 A [air],air,200,4870.04,4.870040000000001e-07,615585206692347.4,NIST Cesium strong lines
cesium,Cesium Cs II 4880.0500 A [air],air,50,4880.05,4.880050000000001e-07,614322513089005.1,NIST Cesium strong lines
cesium,Cesium Cs II 4952.8500 A [air],air,400,4952.85,4.952850000000001e-07,605292827362023.9,NIST Cesium strong lines
cesium,Cesium Cs II 4972.6000 A [air],air,80,4972.6,4.9726e-07,602888746329887.8,NIST Cesium strong lines
cesium,Cesium Cs II 5043.8000 A [air],air,250,5043.8,5.043800000000001e-07,594378163289583.1,NIST Cesium strong lines
cesium,Cesium Cs II 5209.5800 A [air],air,70,5209.58,5.20958e-07,575463776350492.8,NIST Cesium strong lines
cesium,Cesium Cs II 5227.0400 A [air],air,800,5227.04,5.22704e-07,573541541675594.6,NIST Cesium strong lines
cesium,Cesium Cs II 5249.3800 A [air],air,300,5249.38,5.24938e-07,571100697606193.5,NIST Cesium strong lines
cesium,Cesium Cs II 5274.0500 A [air],air,110,5274.05,5.274050000000001e-07,568429305751746.8,NIST Cesium strong lines
cesium,Cesium Cs II 5349.1300 A [air],air,100,5349.13,5.34913e-07,560450873319586.56,NIST Cesium strong lines
cesium,Cesium Cs II 5370.9900 A [air],air,200,5370.99,5.37099e-07,558169830887787.94,NIST Cesium strong lines
cesium,Cesium Cs I 5465.9400 A [air],air,1,5465.94,5.46594e-07,548473744680695.3,NIST Cesium strong lines
cesium,Cesium Cs I 5502.8800 A [air],air,1,5502.88,5.50288e-07,544791923501875.4,NIST Cesium strong lines
cesium,Cesium Cs II 5563.0200 A [air],air,400,5563.02,5.56302e-07,538902355195559.25,NIST Cesium strong lines
cesium,Cesium Cs I 5635.2100 A [air],air,2,5635.21,5.63521e-07,531998732966473.25,NIST Cesium strong lines
cesium,Cesium Cs I 5664.0200 A [air],air,3,5664.02,5.66402e-07,529292724955067.2,NIST Cesium strong lines
cesium,Cesium Cs II 5814.1600 A [air],air,50,5814.16,5.81416e-07,515624712770202.44,NIST Cesium strong lines
cesium,Cesium Cs II 5831.1400 A [air],air,250,5831.14,5.83114e-07,514123238337614.9,NIST Cesium strong lines
cesium,Cesium Cs I 5838.8300 A [air],air,1,5838.83,5.83883e-07,513446115060722.8,NIST Cesium strong lines
cesium,Cesium Cs I 5845.1400 A [air],air,5,5845.14,5.84514e-07,512891834926109.5,NIST Cesium strong lines
cesium,Cesium Cs II 5925.6300 A [air],air,500,5925.63,5.92563e-07,505925037506560.5,NIST Cesium strong lines
cesium,Cesium Cs I 6010.4900 A [air],air,10,6010.49,6.01049e-07,498782059366208.06,NIST Cesium strong lines
cesium,Cesium Cs I 6034.0900 A [air],air,1,6034.09,6.034090000000001e-07,496831267017893.3,NIST Cesium strong lines
cesium,Cesium Cs II 6128.6100 A [air],air,100,6128.61,6.12861e-07,489168764205912.94,NIST Cesium strong lines
cesium,Cesium Cs I 6213.1000 A [air],air,15,6213.1,6.2131e-07,482516711464486.3,NIST Cesium strong lines
cesium,Cesium Cs I 6217.6000 A [air],air,3,6217.6,6.217600000000001e-07,482167489063304.1,NIST Cesium strong lines
cesium,Cesium Cs I 6354.5500 A [air],air,5,6354.55,6.35455e-07,471776062821128.1,NIST Cesium strong lines
cesium,Cesium Cs II 6495.5300 A [air],air,80,6495.53,6.49553e-07,461536561296768.75,NIST Cesium strong lines
cesium,Cesium Cs II 6536.4400 A [air],air,100,6536.44,6.53644e-07,458647915379013.6,NIST Cesium strong lines
cesium,Cesium Cs I 6586.5100 A [air],air,8,6586.51,6.586510000000001e-07,455161319120444.6,NIST Cesium strong lines
cesium,Cesium Cs I 6628.6600 A [air],air,2,6628.66,6.628660000000001e-07,452267061517712.44,NIST Cesium strong lines
cesium,Cesium Cs II 6646.5700 A [air],air,90,6646.57,6.64657e-07,451048372318353.6,NIST Cesium strong lines
cesium,Cesium Cs I 6723.2800 A [air],air,50,6723.28,6.72328e-07,445902086481598.25,NIST Cesium strong lines
cesium,Cesium Cs II 6724.4700 A [air],air,100,6724.47,6.72447e-07,445823177142585.2,NIST Cesium strong lines
cesium,Cesium Cs I 6824.6500 A [air],air,3,6824.65,6.82465e-07,439278875839786.6,NIST Cesium strong lines
cesium,Cesium Cs I 6870.4500 A [air],air,5,6870.45,6.87045e-07,436350541813127.25,NIST Cesium strong lines
cesium,Cesium Cs II 6955.5000 A [air],air,400,6955.5,6.955500000000001e-07,431014963697793.06,NIST Cesium strong lines
cesium,Cesium Cs I 6973.3000 A [air],air,80,6973.3,6.973300000000001e-07,429914757718727.1,NIST Cesium strong lines
cesium,Cesium Cs II 6979.6700 A [air],air,150,6979.67,6.979670000000001e-07,429522395757965.56,NIST Cesium strong lines
cesium,Cesium Cs I 6983.4900 A [air],air,15,6983.49,6.98349e-07,429287445102663.56,NIST Cesium strong lines
cesium,Cesium Cs II 7149.5400 A [air],air,130,7149.54,7.14954e-07,419317128094954.3,NIST Cesium strong lines
cesium,Cesium Cs I 7228.5300 A [air],air,13,7228.53,7.22853e-07,414735026346988.94,NIST Cesium strong lines
cesium,Cesium Cs I 7279.9000 A [air],air,2,7279.9,7.2799e-07,411808483633016.94,NIST Cesium strong lines
cesium,Cesium Cs I 7279.9600 A [air],air,20,7279.96,7.279960000000001e-07,411805089588404.3,NIST Cesium strong lines
cesium,Cesium Cs I 7608.9000 A [air],air,40,7608.9,7.6089e-07,394002363022250.25,NIST Cesium strong lines
cesium,Cesium Cs II 7852.5200 A [air],air,25,7852.52,7.852520000000001e-07,381778662136486.06,NIST Cesium strong lines
cesium,Cesium Cs I 7943.8800 A [air],air,50,7943.88,7.943880000000001e-07,377387948961968.2,NIST Cesium strong lines
cesium,Cesium Cs II 7997.4400 A [air],air,200,7997.44,7.99744e-07,374860527868918.06,NIST Cesium strong lines
cesium,Cesium Cs II 8012.9800 A [air],air,20,8012.98,8.01298e-07,374133540830003.3,NIST Cesium strong lines
cesium,Cesium Cs I 8015.7300 A [air],air,60,8015.73,8.01573e-07,374005184805376.44,NIST Cesium strong lines
cesium,Cesium Cs II 8047.1300 A [air],air,80,8047.13,8.04713e-07,372545811985142.5,NIST Cesium strong lines
cesium,Cesium Cs I 8078.9400 A [air],air,8,8078.94,8.07894e-07,371078950951486.25,NIST Cesium strong lines
cesium,Cesium Cs I 8079.0400 A [air],air,70,8079.04,8.07904e-07,371074357844496.4,NIST Cesium strong lines
cesium,Cesium Cs II 8608.3100 A [air],air,15,8608.31,8.60831e-07,348259365659461.6,NIST Cesium strong lines
cesium,Cesium Cs I 9172.3200 A [air],air,300,9172.32,9.17232e-07,326844743750763.2,NIST Cesium strong lines
cesium,Cesium Cs I 9208.5300 A [air],air,90,9208.53,9.208530000000001e-07,325559517099906.25,NIST Cesium strong lines
cesium,Cesium Cs II 9220.7500 A [air],air,30,9220.75,9.220750000000001e-07,325128062250901.5,NIST Cesium strong lines
cesium,Cesium Cs II 9994.7900 A [air],air,14,9994.79,9.994790000000002e-07,299948731289001.5,NIST Cesium strong lines
cesium,Cesium Cs I 10024.3600 A [air],air,300,10024.36,1.002436e-06,299063938246431.7,NIST Cesium strong lines
cesium,Cesium Cs I 10123.4100 A [air],air,80,10123.41,1.012341e-06,296137821149197.75,NIST Cesium strong lines
cesium,Cesium Cs I 10123.6000 A [air],air,400,10123.6,1.01236e-06,296132263226520.2,NIST Cesium strong lines
cesium,Cesium Cs II 10176.0200 A [air],air,30,10176.02,1.017602e-06,294606789294832.3,NIST Cesium strong lines
cesium,Cesium Cs II 10379.6600 A [air],air,25,10379.66,1.037966e-06,288826857527125.2,NIST Cesium strong lines
cesium,Cesium Cs II 10480.9300 A [air],air,13,10480.93,1.048093e-06,286036122748649.2,NIST Cesium strong lines
cesium,Cesium Cs II 10504.5100 A [air],air,50,10504.51,1.050451e-06,285394043130046.0,NIST Cesium strong lines
cesium,Cesium Cs II 10807.8800 A [air],air,20,10807.88,1.080788e-06,277383222241549.7,NIST Cesium strong lines
cesium,Cesium Cs II 12604.2900 A [air],air,11,12604.29,1.2604290000000002e-06,237849540116896.66,NIST Cesium strong lines
cesium,Cesium Cs II 12735.5200 A [air],air,20,12735.52,1.2735520000000001e-06,235398678656230.75,NIST Cesium strong lines
cesium,Cesium Cs I 13424.3100 A [air],air,50,13424.31,1.342431e-06,223320571411119.06,NIST Cesium strong lines
cesium,Cesium Cs I 13602.5600 A [air],air,140,13602.56,1.360256e-06,220394144925661.06,NIST Cesium strong lines
cesium,Cesium Cs II 13692.9100 A [air],air,40,13692.91,1.3692910000000001e-06,218939917081175.56,NIST Cesium strong lines
cesium,Cesium Cs I 13758.8100 A [air],air,90,13758.81,1.375881e-06,217891269666490.06,NIST Cesium strong lines
cesium,Cesium Cs II 13868.8200 A [air],air,14,13868.82,1.386882e-06,216162916527866.12,NIST Cesium strong lines
cesium,Cesium Cs II 15293.8000 A [air],air,20,15293.8,1.52938e-06,196022216846042.2,NIST Cesium strong lines
cesium,Cesium Cs II 15356.6100 A [air],air,15,15356.61,1.5356610000000002e-06,195220467277608.78,NIST Cesium strong lines
cesium,Cesium Cs II 16426.1400 A [air],air,11,16426.14,1.642614e-06,182509377126945.22,NIST Cesium strong lines
cesium,Cesium Cs I 16535.6300 A [air],air,13,16535.63,1.6535630000000002e-06,181300898725963.25,NIST Cesium strong lines
cesium,Cesium Cs I 17012.3200 A [air],air,25,17012.32,1.701232e-06,176220796458096.25,NIST Cesium strong lines
cesium,Cesium Cs I 20138.4700 A [air],air,12,20138.47,2.0138470000000003e-06,148865558307061.03,NIST Cesium strong lines
cesium,Cesium Cs I 22811.8600 A [air],air,14,22811.86,2.2811860000000003e-06,131419558948722.27,NIST Cesium strong lines
cesium,Cesium Cs I 23037.9800 A [air],air,20,23037.98,2.3037980000000002e-06,130129663277770.0,NIST Cesium strong lines
cesium,Cesium Cs I 23344.4700 A [air],air,60,23344.47,2.3344470000000003e-06,128421188401364.42,NIST Cesium strong lines
cesium,Cesium Cs I 24251.2100 A [air],air,70,24251.21,2.425121e-06,123619587641194.0,NIST Cesium strong lines
cesium,Cesium Cs I 24374.9600 A [air],air,14,24374.96,2.437496e-06,122991979474017.61,NIST Cesium strong lines
cesium,Cesium Cs II 25220.3700 A [air],air,9,25220.37,2.522037e-06,118869175194495.55,NIST Cesium strong lines
cesium,Cesium Cs I 25764.7300 A [air],air,8,25764.73,2.576473e-06,116357694414030.34,NIST Cesium strong lines
cesium,Cesium Cs I 29310.0600 A [air],air,11,29310.06,2.931006e-06,102283126680736.92,NIST Cesium strong lines
cesium,Cesium Cs I 30103.2700 A [air],air,50,30103.27,3.0103270000000003e-06,99588004226783.33,NIST Cesium strong lines
cesium,Cesium Cs I 30953.0600 A [air],air,10,30953.06,3.0953060000000004e-06,96853900066746.22,NIST Cesium strong lines
cesium,Cesium Cs I 34900.1300 A [air],air,20,34900.13,3.4900129999999998e-06,85900097793332.0,NIST Cesium strong lines
cesium,Cesium Cs I 36131.0000 A [air],air,3,36131.0,3.6131e-06,82973750518944.95,NIST Cesium strong lines
